{ "compressionlevel":-1,
 "height":96,
 "infinite":false,
 "layers":[
        {
         "draworder":"topdown",
         "id":120,
         "name":"Object Layer 1",
         "objects":[
                {
                 "gid":258,
                 "height":6136.86060493941,
                 "id":4,
                 "name":"",
                 "rotation":0,
                 "type":"",
                 "visible":true,
                 "width":4588.43770234021,
                 "x":7.43686985477768,
                 "y":6142.98769771529
                }],
         "opacity":1,
         "type":"objectgroup",
         "visible":false,
         "x":0,
         "y":0
        }, 
        {
         "data":[9, 9, 9, 9, 9, 9, 9, 9, 9, 9, 9, 9, 9, 9, 9, 9, 9, 9, 9, 9, 9, 9, 9, 9, 9, 9, 9, 9, 9, 9, 9, 9, 9, 9, 9, 9, 9, 9, 9, 9, 9, 9, 9, 9, 9, 9, 9, 9, 9, 9, 9, 9, 9, 9, 9, 9, 9, 9, 9, 9, 9, 9, 9, 9, 9, 9, 9, 9, 9, 9, 9, 9, 9, 9, 9, 9, 9, 9, 9, 9, 9, 9, 9, 9, 9, 9, 9, 9, 9, 9, 9, 9, 9, 9, 9, 9, 9, 9, 9, 9, 9, 9, 9, 9, 9, 9, 9, 9, 9, 9, 9, 9, 9, 9, 9, 9, 9, 9, 9, 9, 9, 9, 9, 9, 9, 9, 9, 9, 9, 9, 9, 9, 9, 9, 9, 9, 9, 9, 9, 9, 9, 9, 9, 9, 9, 9, 9, 9, 9, 9, 9, 9, 9, 9, 9, 9, 9, 9, 9, 9, 9, 9, 9, 9, 9, 9, 9, 9, 9, 9, 9, 9, 9, 9, 9, 9, 9, 9, 9, 9, 9, 9, 9, 9, 9, 9, 9, 9, 9, 9, 9, 9, 9, 9, 9, 9, 9, 9, 9, 9, 9, 9, 9, 9, 9, 9, 9, 9, 9, 9, 9, 9, 9, 9, 9, 9, 9, 9, 9, 9, 9, 9, 9, 9, 9, 9, 9, 9, 9, 9, 9, 9, 9, 9, 9, 9, 9, 9, 9, 9, 9, 9, 9, 9, 9, 9, 9, 9, 9, 9, 9, 9, 9, 9, 9, 9, 9, 9, 9, 9, 9, 9, 9, 9, 9, 9, 9, 9, 9, 9, 9, 9, 9, 9, 9, 9, 9, 9, 9, 9, 9, 9, 9, 9, 9, 9, 9, 9, 9, 9, 9, 9, 9, 9, 9, 9, 9, 9, 9, 9, 9, 9, 9, 9, 9, 9, 9, 9, 9, 9, 9, 9, 9, 9, 9, 9, 9, 9, 9, 9, 9, 9, 9, 9, 9, 9, 9, 9, 9, 9, 9, 9, 9, 9, 9, 9, 9, 9, 9, 9, 9, 9, 9, 9, 9, 9, 9, 9, 9, 9, 9, 9, 9, 9, 9, 9, 9, 9, 9, 9, 9, 9, 9, 9, 9, 9, 9, 9, 9, 9, 9, 9, 9, 9, 9, 9, 9, 9, 9, 9, 9, 9, 9, 9, 9, 9, 9, 9, 9, 9, 9, 9, 9, 9, 9, 9, 9, 9, 9, 9, 9, 9, 9, 9, 9, 9, 9, 9, 9, 9, 9, 9, 9, 9, 9, 9, 9, 9, 9, 9, 9, 9, 9, 9, 9, 9, 10, 9, 9, 9, 9, 9, 9, 9, 9, 9, 9, 9, 9, 9, 9, 9, 9, 9, 9, 9, 9, 9, 9, 9, 9, 9, 9, 9, 9, 9, 9, 9, 9, 9, 9, 9, 9, 9, 9, 9, 9, 9, 9, 9, 9, 9, 9, 9, 9, 9, 9, 9, 9, 9, 9, 9, 9, 9, 9, 9, 9, 9, 9, 9, 9, 9, 9, 9, 9, 10, 10, 10, 7, 10, 10, 9, 9, 9, 9, 9, 9, 9, 9, 9, 9, 9, 9, 9, 9, 9, 9, 9, 9, 9, 9, 9, 9, 9, 9, 9, 9, 9, 9, 9, 9, 9, 9, 9, 9, 9, 9, 9, 9, 9, 9, 9, 9, 9, 9, 9, 9, 9, 9, 9, 9, 9, 9, 9, 9, 9, 9, 9, 10, 10, 10, 10, 9, 9, 9, 9, 10, 7, 7, 7, 7, 9, 7, 10, 9, 9, 9, 9, 9, 9, 9, 9, 9, 9, 9, 9, 9, 9, 9, 9, 9, 9, 9, 9, 9, 9, 9, 9, 9, 9, 9, 9, 9, 9, 9, 9, 9, 9, 9, 9, 9, 9, 9, 9, 9, 9, 9, 9, 9, 9, 9, 9, 9, 9, 9, 9, 9, 9, 9, 10, 6, 6, 6, 6, 10, 9, 9, 10, 7, 7, 7, 7, 7, 7, 9, 7, 10, 9, 9, 9, 9, 9, 9, 9, 9, 9, 9, 9, 9, 9, 9, 9, 9, 9, 9, 9, 9, 9, 9, 9, 9, 9, 9, 9, 9, 9, 9, 9, 9, 9, 9, 9, 9, 9, 9, 9, 9, 9, 9, 9, 9, 9, 9, 10, 10, 10, 10, 10, 9, 9, 10, 6, 6, 6, 6, 9, 6, 10, 10, 7, 7, 7, 7, 10, 7, 7, 7, 7, 10, 9, 9, 9, 9, 9, 9, 9, 9, 9, 9, 9, 9, 9, 9, 9, 9, 9, 9, 9, 9, 9, 9, 9, 9, 9, 9, 9, 9, 9, 9, 9, 9, 9, 9, 9, 9, 9, 9, 9, 9, 9, 9, 9, 9, 10, 10, 5, 5, 9, 9, 5, 10, 10, 6, 6, 6, 6, 6, 6, 9, 6, 10, 7, 7, 7, 10, 9, 10, 7, 7, 7, 10, 9, 9, 9, 9, 9, 9, 9, 9, 9, 9, 9, 9, 9, 9, 9, 9, 9, 9, 9, 9, 9, 9, 9, 9, 9, 9, 9, 9, 9, 9, 9, 9, 9, 9, 9, 10, 10, 10, 10, 9, 9, 9, 9, 10, 5, 5, 5, 5, 5, 5, 5, 10, 6, 6, 6, 10, 10, 6, 6, 6, 6, 10, 7, 7, 7, 7, 10, 10, 10, 10, 10, 9, 9, 9, 9, 9, 9, 9, 9, 9, 9, 9, 9, 9, 9, 9, 9, 9, 9, 9, 9, 9, 9, 9, 9, 9, 9, 9, 9, 9, 9, 9, 9, 9, 9, 10, 10, 4, 4, 4, 4, 10, 9, 9, 10, 5, 5, 5, 5, 5, 10, 10, 10, 10, 6, 6, 6, 10, 9, 10, 6, 6, 6, 10, 10, 7, 7, 7, 7, 7, 10, 10, 9, 9, 9, 9, 9, 9, 9, 9, 9, 9, 9, 9, 9, 9, 9, 9, 9, 9, 9, 9, 9, 9, 9, 9, 9, 9, 9, 10, 10, 10, 10, 10, 9, 9, 10, 4, 4, 4, 4, 4, 9, 4, 10, 10, 5, 5, 5, 5, 10, 10, 9, 9, 9, 10, 6, 6, 6, 6, 10, 6, 6, 6, 6, 10, 9, 10, 7, 7, 7, 7, 7, 7, 10, 9, 9, 9, 9, 9, 9, 9, 9, 9, 9, 9, 9, 9, 9, 9, 9, 9, 10, 10, 10, 10, 9, 9, 9, 10, 10, 3, 3, 3, 3, 3, 10, 10, 4, 4, 4, 4, 4, 4, 4, 9, 4, 10, 5, 5, 5, 10, 9, 10, 10, 10, 9, 10, 6, 6, 6, 6, 6, 6, 6, 6, 10, 9, 9, 10, 10, 7, 7, 7, 7, 7, 7, 10, 9, 9, 9, 9, 9, 9, 9, 9, 9, 9, 9, 9, 9, 9, 9, 10, 2, 2, 2, 2, 10, 9, 10, 3, 3, 3, 3, 3, 9, 3, 10, 10, 4, 4, 4, 10, 10, 10, 4, 4, 4, 10, 5, 5, 5, 5, 10, 5, 5, 5, 10, 10, 6, 6, 6, 6, 6, 6, 6, 10, 9, 9, 10, 7, 7, 10, 10, 7, 7, 7, 7, 10, 9, 9, 9, 9, 9, 9, 9, 10, 10, 10, 9, 9, 9, 9, 10, 2, 2, 2, 2, 9, 2, 10, 10, 3, 3, 3, 3, 3, 3, 9, 3, 10, 4, 4, 4, 10, 9, 10, 4, 4, 4, 10, 5, 5, 5, 5, 5, 5, 5, 5, 5, 10, 6, 6, 6, 6, 6, 6, 6, 10, 9, 10, 7, 7, 7, 10, 10, 7, 7, 7, 7, 10, 9, 9, 9, 9, 10, 10, 10, 1, 1, 1, 10, 9, 9, 10, 2, 2, 2, 2, 2, 2, 9, 2, 10, 3, 3, 3, 10, 3, 3, 3, 3, 10, 4, 4, 4, 10, 9, 10, 4, 4, 4, 10, 5, 5, 5, 5, 5, 5, 5, 10, 10, 10, 6, 6, 6, 10, 6, 6, 6, 6, 10, 7, 7, 7, 7, 7, 7, 7, 7, 7, 10, 9, 9, 9, 9, 10, 10, 1, 1, 1, 1, 9, 1, 10, 10, 2, 2, 2, 2, 10, 2, 2, 2, 2, 10, 3, 3, 3, 10, 3, 3, 3, 3, 10, 4, 4, 4, 10, 9, 10, 4, 4, 4, 10, 5, 5, 5, 5, 10, 10, 10, 9, 9, 10, 6, 6, 6, 10, 10, 6, 6, 6, 6, 10, 7, 7, 7, 7, 7, 7, 7, 10, 10, 9, 9, 9, 10, 10, 1, 1, 1, 1, 1, 1, 9, 1, 10, 2, 2, 2, 10, 0, 10, 2, 2, 2, 10, 3, 3, 3, 3, 3, 3, 3, 3, 10, 4, 4, 4, 10, 9, 10, 4, 4, 4, 10, 5, 5, 5, 10, 9, 9, 9, 10, 10, 10, 6, 6, 6, 10, 10, 6, 6, 6, 6, 10, 10, 10, 7, 7, 7, 10, 10, 10, 9, 9, 9, 9, 10, 1, 1, 1, 1, 10, 1, 1, 1, 1, 10, 2, 2, 2, 10, 10, 2, 2, 2, 10, 10, 3, 3, 3, 3, 3, 3, 3, 3, 10, 4, 4, 4, 10, 9, 10, 4, 4, 4, 10, 5, 5, 5, 5, 10, 10, 10, 5, 5, 10, 6, 6, 6, 10, 9, 10, 6, 6, 10, 9, 9, 9, 10, 10, 10, 10, 9, 9, 9, 9, 9, 9, 10, 1, 1, 1, 10, 9, 10, 1, 1, 10, 10, 2, 2, 2, 2, 2, 2, 2, 2, 10, 10, 3, 3, 3, 3, 3, 3, 3, 3, 10, 4, 4, 4, 10, 9, 10, 4, 4, 4, 10, 5, 5, 5, 5, 5, 5, 5, 5, 5, 10, 6, 6, 6, 10, 9, 9, 10, 10, 9, 9, 9, 9, 9, 9, 9, 9, 9, 9, 9, 9, 9, 9, 10, 1, 1, 1, 1, 10, 10, 10, 10, 10, 10, 2, 2, 2, 2, 2, 2, 2, 10, 10, 3, 3, 3, 3, 10, 10, 3, 3, 3, 10, 4, 4, 4, 4, 10, 4, 4, 4, 10, 9, 10, 5, 5, 5, 5, 5, 5, 5, 10, 9, 10, 10, 10, 9, 9, 9, 9, 9, 9, 9, 9, 9, 9, 9, 9, 9, 9, 9, 9, 9, 9, 9, 9, 10, 1, 1, 1, 1, 1, 10, 10, 9, 10, 2, 2, 2, 2, 10, 10, 10, 9, 10, 3, 3, 3, 10, 9, 10, 3, 3, 3, 10, 4, 4, 4, 4, 4, 4, 4, 4, 10, 9, 9, 10, 5, 5, 10, 10, 10, 10, 9, 9, 9, 9, 9, 9, 9, 9, 9, 9, 9, 9, 9, 9, 9, 9, 9, 9, 9, 9, 9, 9, 9, 9, 9, 9, 10, 1, 1, 1, 1, 1, 1, 10, 10, 2, 2, 2, 10, 9, 9, 9, 9, 10, 3, 3, 3, 10, 9, 10, 3, 3, 3, 10, 4, 4, 4, 4, 4, 4, 4, 10, 9, 9, 9, 9, 10, 10, 9, 9, 9, 9, 9, 9, 9, 9, 9, 9, 9, 9, 9, 9, 9, 9, 9, 9, 9, 9, 9, 9, 9, 9, 9, 9, 9, 9, 9, 10, 10, 10, 10, 1, 1, 1, 1, 1, 10, 2, 2, 2, 10, 9, 9, 9, 9, 10, 3, 3, 3, 10, 9, 10, 3, 3, 3, 10, 10, 4, 10, 10, 10, 10, 10, 9, 9, 9, 9, 9, 9, 9, 9, 9, 9, 9, 9, 9, 9, 9, 9, 9, 9, 9, 9, 9, 9, 9, 9, 9, 9, 9, 9, 9, 9, 9, 9, 9, 9, 9, 10, 1, 1, 1, 10, 1, 1, 1, 1, 1, 10, 2, 2, 2, 10, 9, 9, 9, 9, 10, 3, 3, 3, 10, 9, 9, 10, 10, 10, 9, 9, 10, 10, 9, 9, 9, 9, 9, 9, 9, 9, 9, 9, 9, 9, 9, 9, 9, 9, 9, 9, 9, 9, 9, 9, 9, 9, 9, 9, 9, 9, 9, 9, 9, 9, 9, 9, 9, 9, 9, 9, 9, 10, 1, 1, 1, 10, 10, 1, 1, 1, 10, 10, 2, 2, 2, 10, 9, 9, 9, 9, 9, 10, 10, 10, 9, 9, 9, 9, 9, 9, 9, 9, 9, 9, 9, 9, 9, 9, 9, 9, 9, 9, 9, 9, 9, 9, 9, 9, 9, 9, 9, 9, 9, 9, 9, 9, 9, 9, 9, 9, 9, 9, 9, 9, 9, 9, 9, 9, 9, 9, 9, 9, 9, 10, 1, 1, 1, 1, 1, 1, 1, 1, 10, 10, 2, 2, 2, 10, 9, 9, 9, 9, 9, 9, 9, 9, 9, 9, 9, 9, 9, 9, 9, 9, 9, 9, 9, 9, 9, 9, 9, 9, 10, 9, 9, 9, 10, 9, 9, 9, 9, 9, 9, 9, 9, 9, 9, 9, 9, 9, 9, 9, 9, 9, 9, 9, 9, 9, 9, 9, 9, 9, 9, 9, 9, 10, 1, 1, 1, 1, 1, 1, 1, 10, 9, 9, 10, 10, 10, 9, 9, 9, 9, 9, 9, 9, 9, 9, 9, 9, 9, 9, 9, 9, 9, 9, 9, 9, 9, 9, 9, 9, 9, 10, 9, 10, 9, 10, 9, 10, 9, 9, 9, 9, 9, 9, 9, 9, 9, 9, 9, 9, 9, 9, 9, 9, 9, 9, 9, 9, 9, 9, 9, 9, 9, 9, 9, 9, 10, 10, 1, 1, 10, 10, 10, 9, 9, 9, 9, 9, 9, 9, 9, 9, 9, 9, 9, 9, 9, 9, 9, 9, 9, 9, 9, 9, 9, 9, 9, 9, 9, 9, 9, 9, 10, 10, 10, 5, 10, 10, 10, 5, 10, 10, 10, 10, 10, 9, 9, 9, 9, 9, 9, 9, 9, 9, 9, 9, 9, 9, 9, 9, 9, 9, 9, 9, 9, 9, 9, 9, 9, 9, 10, 10, 9, 9, 9, 9, 9, 9, 9, 9, 9, 9, 9, 9, 9, 9, 9, 9, 9, 9, 9, 9, 9, 9, 9, 9, 9, 9, 9, 9, 9, 9, 9, 10, 5, 5, 5, 5, 5, 5, 5, 5, 5, 5, 5, 5, 5, 10, 10, 9, 9, 9, 9, 9, 9, 9, 9, 9, 9, 9, 9, 9, 9, 9, 9, 9, 9, 9, 9, 9, 9, 9, 9, 9, 9, 9, 9, 9, 9, 9, 9, 9, 9, 9, 9, 9, 9, 9, 9, 9, 9, 9, 9, 9, 9, 9, 9, 9, 9, 9, 9, 9, 9, 9, 10, 5, 5, 5, 5, 5, 5, 5, 5, 5, 5, 5, 5, 5, 5, 5, 5, 10, 9, 9, 9, 9, 9, 9, 9, 9, 9, 9, 9, 9, 9, 9, 9, 9, 9, 9, 9, 9, 9, 9, 9, 9, 9, 9, 9, 9, 9, 9, 9, 9, 9, 9, 9, 9, 10, 10, 10, 10, 10, 10, 10, 9, 9, 9, 9, 9, 9, 9, 9, 9, 9, 9, 10, 5, 5, 5, 5, 5, 5, 5, 5, 5, 5, 5, 5, 5, 5, 5, 5, 5, 10, 9, 9, 9, 9, 9, 9, 9, 9, 9, 9, 9, 9, 9, 9, 9, 9, 9, 9, 9, 9, 9, 9, 9, 9, 9, 9, 9, 9, 9, 9, 9, 9, 9, 10, 10, 4, 4, 4, 4, 4, 4, 4, 10, 10, 9, 9, 9, 9, 9, 9, 9, 9, 10, 5, 5, 5, 5, 5, 5, 5, 5, 5, 5, 5, 5, 5, 5, 5, 5, 5, 5, 5, 10, 9, 9, 9, 9, 9, 9, 9, 9, 9, 9, 9, 9, 9, 9, 9, 9, 9, 9, 9, 9, 9, 9, 9, 9, 9, 9, 9, 9, 9, 9, 10, 10, 4, 4, 10, 10, 10, 10, 10, 4, 4, 4, 4, 10, 10, 9, 9, 9, 9, 9, 10, 5, 5, 5, 5, 5, 5, 5, 5, 5, 5, 5, 5, 5, 5, 5, 5, 5, 5, 5, 5, 10, 9, 9, 9, 9, 9, 9, 9, 9, 9, 9, 9, 9, 9, 9, 9, 9, 9, 9, 9, 9, 9, 9, 9, 9, 9, 9, 9, 9, 9, 10, 4, 4, 4, 10, 9, 9, 9, 9, 9, 10, 4, 4, 4, 4, 4, 10, 9, 9, 9, 10, 5, 5, 5, 5, 5, 5, 5, 5, 5, 5, 5, 5, 5, 5, 5, 5, 5, 5, 5, 5, 5, 5, 10, 9, 9, 9, 9, 9, 9, 9, 9, 9, 9, 9, 9, 9, 9, 9, 9, 9, 9, 9, 9, 9, 9, 9, 9, 9, 9, 9, 10, 4, 4, 10, 10, 9, 10, 10, 10, 10, 9, 9, 10, 4, 4, 4, 4, 10, 9, 9, 10, 5, 5, 5, 5, 5, 5, 5, 5, 5, 5, 5, 5, 5, 5, 5, 5, 5, 5, 5, 5, 5, 5, 5, 10, 9, 9, 9, 9, 9, 9, 9, 9, 9, 9, 9, 9, 9, 9, 9, 9, 9, 9, 9, 9, 9, 9, 9, 9, 9, 9, 10, 4, 4, 10, 9, 9, 10, 10, 9, 10, 10, 9, 9, 10, 4, 4, 4, 4, 4, 10, 9, 10, 5, 5, 5, 5, 5, 5, 5, 5, 5, 5, 5, 5, 5, 5, 5, 5, 5, 5, 5, 5, 5, 5, 5, 10, 9, 9, 9, 9, 9, 9, 9, 9, 9, 9, 9, 9, 9, 9, 9, 9, 9, 9, 9, 9, 9, 9, 9, 9, 9, 9, 10, 4, 10, 9, 9, 10, 10, 9, 9, 10, 10, 9, 9, 9, 10, 4, 4, 4, 4, 10, 9, 10, 5, 5, 10, 5, 5, 5, 5, 5, 5, 5, 5, 5, 5, 10, 5, 5, 5, 5, 5, 5, 5, 5, 5, 5, 10, 9, 9, 9, 9, 9, 9, 9, 9, 9, 9, 9, 9, 9, 9, 9, 9, 9, 9, 9, 9, 9, 9, 9, 9, 10, 4, 4, 10, 9, 9, 10, 10, 9, 10, 10, 10, 9, 9, 9, 10, 4, 4, 4, 4, 4, 10, 10, 5, 10, 5, 10, 10, 5, 5, 5, 5, 5, 5, 5, 10, 5, 10, 10, 5, 5, 5, 5, 5, 5, 5, 5, 10, 9, 9, 9, 9, 9, 9, 9, 9, 9, 9, 9, 9, 9, 9, 9, 9, 9, 9, 9, 9, 9, 9, 9, 9, 10, 4, 4, 10, 9, 9, 10, 10, 10, 10, 10, 9, 9, 9, 10, 4, 4, 4, 4, 4, 4, 10, 5, 5, 5, 5, 5, 5, 5, 5, 5, 5, 5, 5, 5, 5, 5, 5, 5, 5, 5, 5, 5, 5, 5, 10, 10, 10, 9, 9, 9, 9, 9, 9, 9, 9, 9, 9, 9, 9, 9, 9, 9, 9, 9, 9, 9, 9, 9, 9, 9, 9, 10, 4, 4, 4, 10, 9, 9, 10, 10, 10, 9, 9, 9, 10, 4, 4, 4, 4, 4, 4, 4, 10, 5, 5, 5, 5, 5, 5, 5, 5, 5, 5, 5, 5, 5, 5, 5, 5, 5, 5, 5, 5, 5, 10, 10, 3, 3, 10, 10, 9, 9, 9, 9, 9, 9, 9, 9, 9, 9, 9, 9, 9, 9, 9, 9, 9, 9, 9, 10, 9, 9, 9, 10, 4, 4, 4, 4, 10, 10, 9, 9, 9, 9, 10, 10, 4, 4, 10, 4, 4, 4, 4, 4, 10, 5, 5, 5, 5, 5, 5, 5, 5, 5, 5, 5, 5, 5, 5, 5, 5, 5, 5, 5, 10, 10, 3, 3, 3, 3, 3, 3, 10, 10, 9, 9, 9, 9, 9, 9, 9, 9, 9, 9, 9, 9, 9, 9, 9, 9, 10, 2, 10, 9, 9, 10, 4, 4, 4, 4, 4, 4, 10, 10, 10, 10, 4, 4, 4, 10, 2, 10, 4, 4, 4, 4, 4, 10, 5, 5, 5, 5, 5, 5, 5, 5, 5, 5, 5, 5, 5, 5, 5, 5, 5, 10, 3, 3, 3, 3, 3, 3, 3, 3, 3, 3, 10, 9, 9, 9, 9, 9, 9, 9, 9, 9, 9, 9, 9, 9, 9, 9, 10, 2, 10, 9, 9, 9, 10, 4, 4, 4, 4, 4, 4, 4, 4, 4, 4, 4, 4, 10, 2, 10, 4, 4, 4, 4, 10, 5, 5, 5, 5, 5, 5, 5, 5, 10, 5, 5, 5, 5, 5, 5, 5, 5, 10, 3, 3, 3, 3, 3, 3, 3, 3, 3, 3, 3, 3, 10, 9, 9, 9, 9, 9, 9, 9, 9, 9, 9, 9, 9, 9, 10, 2, 2, 10, 9, 9, 9, 10, 4, 4, 4, 4, 4, 4, 4, 4, 4, 4, 4, 4, 10, 2, 2, 10, 4, 4, 4, 10, 5, 5, 5, 5, 5, 5, 5, 5, 5, 10, 5, 5, 5, 5, 5, 5, 10, 3, 3, 3, 3, 3, 3, 3, 3, 3, 3, 3, 3, 3, 3, 10, 9, 9, 9, 9, 9, 9, 9, 9, 9, 9, 9, 10, 2, 2, 10, 9, 9, 9, 9, 9, 10, 4, 4, 4, 4, 4, 4, 4, 4, 4, 4, 4, 4, 10, 2, 2, 10, 4, 4, 10, 5, 5, 5, 5, 5, 5, 5, 5, 10, 5, 5, 5, 5, 5, 5, 5, 10, 3, 3, 3, 3, 3, 3, 10, 10, 3, 3, 3, 3, 3, 3, 10, 9, 9, 9, 9, 9, 9, 9, 9, 9, 9, 9, 10, 2, 2, 2, 10, 9, 9, 9, 9, 10, 4, 4, 4, 4, 4, 4, 4, 4, 4, 4, 4, 10, 2, 2, 2, 10, 4, 10, 5, 10, 5, 5, 5, 5, 5, 5, 5, 5, 5, 5, 5, 5, 5, 5, 5, 10, 3, 3, 3, 3, 3, 10, 9, 9, 10, 3, 3, 3, 3, 3, 10, 9, 9, 9, 9, 9, 9, 9, 9, 9, 9, 9, 10, 2, 2, 2, 2, 10, 9, 9, 9, 9, 10, 4, 4, 4, 4, 4, 4, 4, 4, 4, 10, 2, 2, 2, 2, 10, 4, 10, 5, 5, 10, 5, 5, 5, 5, 5, 5, 5, 5, 5, 5, 5, 5, 5, 10, 3, 3, 3, 3, 3, 10, 9, 10, 9, 9, 10, 3, 3, 3, 3, 3, 10, 9, 9, 9, 9, 9, 9, 9, 9, 9, 9, 9, 10, 2, 2, 2, 2, 10, 9, 9, 9, 10, 4, 4, 4, 4, 4, 4, 4, 4, 10, 2, 2, 2, 2, 10, 4, 4, 4, 10, 10, 4, 10, 5, 5, 5, 5, 5, 5, 5, 5, 5, 5, 5, 5, 10, 3, 3, 3, 3, 10, 9, 9, 10, 9, 9, 9, 10, 3, 3, 3, 3, 10, 9, 9, 9, 9, 9, 9, 9, 9, 9, 9, 9, 10, 2, 2, 2, 2, 2, 10, 10, 10, 4, 4, 4, 4, 4, 4, 4, 10, 10, 2, 2, 2, 2, 2, 10, 4, 4, 4, 4, 4, 4, 4, 10, 5, 5, 5, 10, 5, 5, 10, 5, 5, 5, 10, 10, 3, 3, 3, 10, 9, 9, 9, 10, 10, 9, 9, 9, 10, 3, 3, 3, 10, 9, 9, 9, 9, 9, 9, 9, 9, 9, 9, 9, 9, 10, 2, 2, 2, 2, 2, 2, 10, 10, 4, 10, 10, 4, 4, 10, 2, 2, 2, 2, 2, 2, 10, 4, 4, 4, 4, 4, 10, 10, 10, 9, 10, 5, 5, 10, 5, 10, 9, 10, 5, 5, 10, 10, 3, 3, 3, 10, 9, 9, 10, 9, 10, 9, 9, 9, 10, 3, 3, 3, 10, 9, 9, 9, 9, 9, 9, 9, 9, 9, 9, 9, 9, 10, 2, 2, 2, 2, 2, 2, 2, 10, 10, 2, 2, 10, 10, 2, 2, 2, 2, 2, 2, 2, 10, 4, 4, 10, 10, 10, 9, 9, 9, 9, 10, 5, 5, 10, 10, 10, 9, 10, 10, 10, 10, 10, 3, 3, 3, 10, 9, 9, 10, 10, 10, 9, 9, 9, 10, 3, 3, 3, 10, 9, 9, 9, 9, 9, 9, 9, 9, 9, 9, 9, 9, 9, 10, 2, 2, 2, 2, 2, 2, 2, 2, 2, 2, 2, 2, 2, 2, 2, 2, 2, 2, 10, 10, 10, 10, 9, 9, 9, 9, 9, 9, 9, 10, 5, 5, 10, 9, 9, 9, 9, 9, 9, 10, 5, 10, 3, 3, 10, 9, 9, 10, 9, 10, 9, 9, 9, 10, 3, 3, 10, 9, 9, 9, 9, 9, 9, 9, 9, 9, 9, 9, 9, 9, 9, 9, 10, 2, 2, 2, 2, 2, 2, 2, 2, 2, 2, 2, 2, 2, 2, 2, 2, 10, 9, 9, 9, 9, 9, 9, 9, 9, 9, 9, 9, 9, 10, 10, 9, 9, 9, 9, 9, 9, 9, 9, 10, 10, 3, 3, 10, 9, 9, 10, 9, 10, 9, 9, 9, 10, 3, 3, 10, 9, 9, 9, 9, 9, 9, 9, 9, 9, 9, 9, 9, 9, 9, 9, 9, 10, 2, 2, 2, 2, 2, 2, 2, 2, 2, 2, 2, 2, 2, 2, 10, 1, 10, 9, 9, 9, 9, 9, 9, 9, 9, 10, 10, 10, 10, 9, 9, 9, 9, 9, 9, 9, 9, 10, 1, 10, 3, 3, 10, 9, 9, 10, 9, 10, 9, 9, 9, 10, 3, 3, 10, 10, 9, 9, 9, 9, 9, 9, 9, 9, 9, 9, 9, 9, 9, 9, 10, 2, 2, 10, 10, 2, 2, 2, 2, 2, 2, 2, 2, 10, 10, 2, 10, 1, 10, 9, 9, 9, 9, 9, 9, 9, 10, 1, 1, 1, 1, 10, 9, 9, 9, 9, 9, 9, 9, 10, 1, 10, 3, 3, 10, 9, 9, 10, 10, 10, 9, 9, 9, 10, 3, 3, 3, 10, 9, 9, 9, 9, 9, 9, 9, 9, 9, 9, 9, 9, 9, 10, 2, 2, 10, 9, 9, 10, 2, 2, 2, 2, 2, 2, 10, 9, 9, 10, 10, 1, 10, 9, 9, 9, 9, 9, 10, 10, 1, 1, 1, 1, 1, 1, 10, 10, 9, 9, 9, 9, 9, 10, 1, 10, 3, 3, 10, 9, 9, 10, 9, 10, 9, 9, 9, 10, 3, 3, 3, 10, 9, 9, 9, 9, 9, 9, 9, 9, 9, 9, 9, 9, 9, 10, 2, 2, 10, 9, 10, 10, 2, 2, 2, 2, 2, 2, 10, 10, 9, 10, 10, 1, 10, 9, 9, 9, 9, 10, 1, 1, 1, 1, 1, 1, 1, 1, 1, 1, 10, 9, 10, 10, 10, 10, 1, 10, 3, 3, 3, 10, 9, 9, 10, 10, 9, 9, 10, 3, 3, 3, 3, 10, 9, 10, 10, 10, 9, 9, 9, 9, 9, 9, 9, 9, 9, 10, 2, 2, 2, 10, 10, 10, 2, 2, 2, 2, 2, 2, 10, 10, 10, 2, 10, 1, 1, 10, 9, 9, 10, 1, 1, 1, 1, 1, 1, 1, 1, 1, 1, 1, 1, 10, 3, 3, 10, 1, 1, 10, 3, 3, 3, 3, 10, 9, 10, 9, 9, 10, 3, 3, 3, 3, 3, 10, 10, 3, 3, 3, 10, 9, 9, 9, 9, 9, 9, 9, 9, 10, 2, 2, 2, 2, 10, 2, 2, 2, 10, 2, 2, 2, 2, 10, 2, 2, 2, 10, 1, 1, 10, 10, 1, 1, 1, 1, 1, 1, 1, 1, 1, 1, 1, 1, 1, 1, 10, 10, 1, 1, 10, 3, 3, 3, 3, 3, 10, 9, 10, 9, 9, 10, 3, 3, 3, 3, 3, 10, 3, 3, 10, 3, 3, 10, 9, 9, 9, 9, 9, 9, 10, 2, 2, 2, 2, 2, 2, 2, 2, 10, 2, 10, 2, 2, 2, 10, 2, 2, 2, 2, 10, 1, 1, 1, 1, 1, 1, 1, 1, 1, 1, 1, 1, 1, 1, 1, 1, 1, 1, 1, 1, 10, 10, 10, 3, 3, 10, 3, 3, 10, 9, 9, 10, 3, 3, 3, 3, 3, 10, 10, 3, 10, 3, 3, 3, 10, 9, 9, 9, 9, 9, 10, 2, 2, 2, 2, 2, 2, 2, 2, 2, 2, 2, 2, 2, 2, 10, 1, 10, 2, 2, 2, 2, 10, 1, 1, 1, 1, 1, 1, 1, 1, 1, 1, 1, 1, 1, 1, 1, 1, 1, 1, 10, 10, 9, 10, 3, 10, 1, 10, 3, 3, 10, 10, 3, 3, 3, 3, 3, 3, 10, 9, 10, 3, 3, 3, 3, 10, 9, 9, 9, 9, 10, 2, 2, 2, 2, 2, 2, 2, 2, 2, 2, 2, 2, 2, 2, 2, 10, 1, 1, 10, 2, 2, 10, 1, 1, 1, 1, 1, 1, 1, 1, 1, 1, 1, 1, 1, 1, 1, 1, 1, 1, 1, 1, 10, 10, 3, 3, 10, 1, 10, 3, 3, 3, 3, 3, 3, 3, 3, 3, 3, 3, 10, 3, 3, 3, 3, 3, 10, 9, 9, 9, 9, 10, 2, 2, 2, 2, 2, 2, 2, 2, 2, 2, 2, 2, 2, 2, 2, 2, 10, 1, 10, 2, 2, 10, 1, 1, 1, 1, 1, 1, 1, 1, 1, 1, 1, 1, 1, 1, 1, 1, 1, 1, 1, 1, 10, 3, 3, 10, 1, 1, 10, 3, 3, 3, 3, 3, 3, 3, 3, 3, 3, 3, 3, 3, 3, 3, 3, 10, 9, 9, 9, 9, 9, 9, 10, 2, 2, 2, 2, 2, 2, 2, 2, 2, 2, 2, 2, 2, 2, 2, 10, 1, 1, 10, 10, 1, 1, 1, 1, 1, 1, 1, 1, 1, 1, 1, 1, 1, 1, 1, 1, 1, 1, 1, 1, 1, 1, 10, 10, 1, 1, 10, 3, 3, 3, 3, 3, 3, 3, 3, 3, 3, 3, 3, 3, 3, 3, 3, 3, 10, 9, 9, 9, 9, 9, 9, 9, 10, 2, 2, 2, 2, 2, 2, 2, 2, 2, 2, 2, 2, 2, 2, 2, 10, 1, 1, 1, 1, 1, 1, 1, 1, 1, 1, 1, 1, 1, 1, 1, 1, 1, 1, 1, 1, 1, 1, 1, 1, 1, 1, 1, 1, 10, 3, 3, 3, 3, 3, 3, 3, 3, 3, 3, 3, 3, 3, 3, 3, 3, 3, 10, 9, 9, 9, 9, 9, 9, 9, 9, 9, 10, 10, 10, 2, 2, 2, 2, 2, 2, 2, 2, 2, 2, 2, 2, 2, 10, 10, 1, 1, 1, 1, 1, 10, 1, 1, 1, 1, 1, 1, 1, 1, 1, 1, 1, 1, 10, 1, 1, 1, 1, 1, 10, 10, 3, 3, 3, 3, 3, 3, 3, 3, 3, 3, 3, 3, 3, 10, 3, 3, 3, 10, 9, 9, 9, 9, 9, 9, 9, 9, 9, 9, 9, 9, 9, 10, 10, 10, 2, 2, 2, 2, 2, 2, 2, 2, 10, 10, 10, 9, 10, 1, 1, 1, 10, 9, 10, 1, 1, 1, 1, 1, 1, 1, 1, 1, 1, 10, 9, 10, 1, 1, 1, 10, 9, 10, 3, 3, 3, 3, 3, 3, 3, 3, 3, 3, 3, 3, 10, 9, 10, 10, 10, 9, 9, 9, 9, 9, 9, 9, 9, 9, 9, 9, 9, 9, 9, 9, 9, 9, 10, 10, 10, 10, 10, 10, 10, 10, 9, 9, 9, 9, 10, 1, 1, 1, 10, 10, 10, 1, 1, 1, 1, 1, 1, 1, 1, 1, 1, 10, 10, 10, 1, 1, 1, 10, 9, 9, 10, 10, 10, 3, 3, 3, 3, 3, 3, 10, 10, 10, 9, 9, 9, 9, 9, 9, 9, 9, 9, 9, 9, 9, 9, 9, 9, 9, 9, 9, 9, 9, 9, 9, 9, 9, 9, 9, 9, 9, 9, 9, 9, 9, 9, 9, 10, 1, 1, 1, 10, 10, 10, 1, 1, 1, 1, 1, 1, 1, 1, 1, 1, 10, 10, 10, 1, 1, 1, 10, 9, 9, 9, 9, 9, 10, 10, 10, 10, 10, 10, 9, 9, 9, 9, 9, 9, 9, 9, 9, 9, 9, 9, 9, 9, 9, 9, 9, 9, 9, 9, 9, 9, 9, 9, 9, 9, 9, 9, 9, 9, 9, 9, 9, 9, 9, 9, 9, 10, 1, 1, 1, 1, 10, 1, 1, 1, 1, 1, 1, 1, 1, 1, 1, 1, 1, 10, 1, 1, 1, 1, 10, 9, 9, 9, 9, 9, 9, 9, 9, 9, 9, 9, 9, 9, 9, 9, 9, 9, 9, 9, 9, 9, 9, 9, 9, 9, 9, 9, 9, 9, 9, 9, 9, 9, 9, 9, 9, 9, 9, 9, 9, 9, 9, 9, 9, 9, 9, 9, 10, 1, 1, 1, 1, 1, 1, 1, 1, 1, 1, 1, 1, 1, 1, 1, 1, 1, 1, 1, 1, 1, 1, 1, 1, 10, 9, 9, 9, 9, 9, 9, 9, 9, 9, 9, 9, 9, 9, 9, 9, 9, 9, 9, 9, 9, 9, 9, 9, 9, 9, 9, 9, 9, 9, 9, 9, 9, 9, 9, 9, 9, 9, 9, 9, 9, 9, 9, 9, 9, 9, 10, 1, 1, 1, 1, 1, 1, 1, 1, 1, 1, 1, 1, 1, 1, 1, 1, 1, 1, 1, 1, 1, 1, 1, 1, 1, 1, 10, 9, 9, 9, 9, 9, 9, 9, 9, 9, 9, 9, 9, 9, 9, 9, 9, 9, 9, 9, 9, 9, 9, 9, 9, 9, 9, 9, 9, 9, 9, 9, 9, 9, 9, 9, 9, 9, 9, 9, 9, 9, 9, 9, 9, 10, 1, 1, 1, 1, 1, 1, 1, 1, 1, 1, 1, 1, 1, 1, 1, 1, 1, 1, 1, 1, 1, 1, 1, 1, 1, 1, 10, 9, 9, 9, 9, 9, 9, 9, 9, 9, 9, 9, 9, 9, 9, 9, 9, 9, 9, 9, 9, 9, 9, 9, 9, 9, 9, 9, 9, 9, 9, 9, 9, 9, 9, 9, 9, 9, 9, 9, 9, 9, 9, 9, 9, 9, 10, 1, 1, 1, 1, 1, 1, 1, 1, 1, 1, 1, 1, 1, 1, 1, 1, 1, 1, 1, 1, 1, 1, 1, 1, 10, 9, 9, 9, 9, 9, 9, 9, 9, 9, 9, 9, 9, 9, 9, 9, 9, 9, 9, 9, 9, 9, 9, 9, 9, 9, 9, 9, 9, 9, 9, 9, 9, 9, 9, 9, 9, 9, 9, 9, 9, 9, 9, 9, 9, 9, 9, 10, 1, 1, 1, 1, 1, 1, 1, 1, 1, 1, 1, 1, 1, 1, 1, 1, 1, 1, 1, 1, 1, 1, 1, 1, 10, 9, 9, 9, 9, 9, 9, 9, 9, 9, 9, 9, 9, 9, 9, 9, 9, 9, 9, 9, 9, 9, 9, 9, 9, 9, 9, 9, 9, 9, 9, 9, 9, 9, 9, 9, 9, 9, 9, 9, 9, 9, 9, 9, 9, 9, 9, 9, 10, 1, 1, 1, 1, 1, 1, 1, 1, 1, 1, 1, 1, 1, 1, 1, 1, 1, 1, 1, 1, 1, 1, 10, 9, 9, 9, 9, 9, 9, 9, 9, 9, 9, 9, 9, 9, 9, 9, 9, 9, 9, 9, 9, 9, 9, 9, 9, 9, 9, 9, 9, 9, 9, 9, 9, 9, 9, 9, 9, 9, 9, 9, 9, 9, 9, 9, 9, 9, 9, 9, 9, 9, 10, 1, 1, 1, 1, 1, 1, 1, 1, 1, 1, 1, 1, 1, 1, 1, 1, 1, 1, 1, 1, 10, 9, 9, 9, 9, 9, 9, 9, 9, 9, 9, 9, 9, 9, 9, 9, 9, 9, 9, 9, 9, 9, 9, 9, 9, 9, 9, 9, 9, 9, 9, 9, 9, 9, 9, 9, 9, 9, 9, 9, 9, 9, 9, 9, 9, 9, 9, 9, 9, 9, 9, 9, 10, 10, 10, 1, 1, 1, 1, 1, 1, 1, 1, 1, 1, 1, 1, 1, 1, 10, 10, 10, 9, 9, 9, 9, 9, 9, 9, 9, 9, 9, 9, 9, 9, 9, 9, 9, 9, 9, 9, 9, 9, 9, 9, 9, 9, 9, 9, 9, 9, 9, 9, 9, 9, 9, 9, 9, 9, 9, 9, 9, 9, 9, 9, 9, 9, 9, 9, 9, 9, 9, 9, 9, 9, 9, 9, 10, 10, 10, 1, 1, 1, 1, 1, 1, 1, 1, 10, 10, 10, 9, 9, 9, 9, 9, 9, 9, 9, 9, 9, 9, 9, 9, 9, 9, 9, 9, 9, 9, 9, 9, 9, 9, 9, 9, 9, 9, 9, 9, 9, 9, 9, 9, 9, 9, 9, 9, 9, 9, 9, 9, 9, 9, 9, 9, 9, 9, 9, 9, 9, 9, 9, 9, 9, 9, 9, 9, 9, 9, 9, 9, 10, 10, 10, 10, 10, 10, 10, 10, 9, 9, 9, 9, 9, 9, 9, 9, 9, 9, 9, 9, 9, 9, 9, 9, 9, 9, 9, 9, 9, 9, 9, 9, 9, 9, 9, 9, 9, 9, 9, 9, 9, 9, 9, 9, 9, 9, 9, 9, 9, 9, 9, 9, 9, 9, 9, 9, 9, 9, 9, 9, 9, 9, 9, 9, 9, 9, 9, 9, 9, 9, 9, 9, 9, 9, 9, 9, 9, 9, 9, 9, 9, 9, 9, 9, 9, 9, 9, 9, 9, 9, 9, 9, 9, 9, 9, 9, 9, 9, 9, 9, 9, 9, 9, 9, 9, 9, 9, 9, 9, 9, 9, 9, 9, 9, 9, 9, 9, 9, 9, 9, 9, 9, 9, 9, 9, 9, 9, 9, 9, 9, 9, 9, 9, 9, 9, 9, 9, 9, 9, 9, 9, 9, 9, 9, 9, 9, 9, 9, 9, 9, 9, 9, 9, 9, 9, 9, 9, 9, 9, 9, 9, 9, 9, 9, 9, 9, 9, 9, 9, 9, 9, 9, 9, 9, 9, 9, 9, 9, 9, 9, 9, 9, 9, 9, 9, 9, 9, 9, 9, 9, 9, 9, 9, 9, 9, 9, 9, 9, 9, 9, 9, 9, 9, 9, 9, 9, 9, 9, 9, 9, 9, 9, 9, 9, 9, 9, 9, 9, 9, 9, 9, 9, 9, 9, 9, 9, 9, 9, 9, 9, 9, 9, 9, 9, 9, 9, 9, 9, 9, 9, 9, 9, 9, 9, 9, 9, 9, 9, 9, 9, 9, 9, 9, 9, 9, 9, 9, 9, 9, 9, 9, 9, 9, 9, 9, 9, 9, 9, 9, 9, 9, 9, 9, 9, 9, 9, 9, 9, 9, 9, 9, 9, 9, 9, 9, 9, 9, 9, 9, 9, 9, 9, 9, 9, 9, 9, 9, 9, 9, 9, 9, 9, 9, 9, 9, 9, 9, 9, 9, 9, 9, 9, 9, 9, 9, 9, 9, 9, 9, 9, 9, 9, 9, 9, 9, 9, 9, 9, 9, 9, 9, 9, 9, 9, 9, 9, 9, 9, 9, 9, 9, 9, 9, 9, 9, 9, 9, 9, 9, 9, 9, 9, 9, 9, 9, 9, 9, 9, 9, 9, 9, 9, 9, 9, 9, 9, 9, 9, 9, 9, 9, 9, 9, 9, 9, 9, 9, 9, 9, 9, 9, 9, 9, 9, 9, 9, 9, 9, 9, 9, 9, 9, 9, 9, 9, 9, 9, 9, 9, 9, 9, 9, 9, 9, 9, 9, 9, 9, 9, 9, 9, 9, 9, 9, 9, 9, 9, 9, 9, 9, 9, 9, 9, 9, 9, 9, 9, 9, 9, 9, 9, 9, 9, 9, 9, 9, 9, 9, 9, 9, 9, 9, 9, 9, 9, 9, 9, 9, 9, 9, 9, 9, 9, 9, 9, 9, 9, 9, 9, 9, 9, 9, 9, 9, 9, 9, 9, 9, 9, 9, 9, 9, 9, 9, 9, 9, 9, 9, 9, 9, 9, 9, 9, 9, 9, 9, 9, 9, 9, 9, 9, 9, 9, 9, 9, 9, 9, 9, 9, 9, 9, 9, 9, 9, 9, 9, 9, 9, 9, 9, 9, 9, 9, 9, 9, 9, 9, 9, 9, 9, 9, 9, 9, 9, 9, 9, 9, 9, 9, 9, 9, 9, 9, 9, 9, 9, 9, 9, 9, 9, 9, 9, 9, 9, 9, 9, 9, 9, 9, 9, 9, 9, 9, 9, 9, 9, 9, 9, 9, 9, 9, 9, 9, 9, 9, 9, 9, 9, 9, 9, 9, 9, 9, 9, 9, 9, 9, 9, 9, 9, 9, 9, 9, 9, 9, 9, 9, 9, 9, 9, 9, 9, 9, 9, 9, 9, 9, 9, 9, 9, 9, 9, 9, 9, 9, 9, 9, 9, 9, 9, 9, 9, 9, 9, 9, 9, 9, 9, 9, 9, 9, 9, 9, 9, 9, 9, 9, 9, 9, 9, 9, 9, 9, 9, 9, 9, 9, 9, 9, 9, 9, 9, 9, 9, 9, 9, 9, 9, 9, 9, 9, 9, 9, 9, 9, 9, 9, 9, 9, 9, 9, 9, 9, 9, 9, 9, 9, 9, 9, 9, 9, 9, 9, 9, 9, 9, 9, 9, 9, 9, 9, 9, 9, 9, 9, 9, 9, 9, 9, 9, 9, 9, 9, 9, 9, 9, 9, 9, 9, 9, 9, 9, 9, 9, 9, 9, 9, 9, 9, 9, 9, 9, 9, 9, 9, 9, 9, 9, 9, 9, 9, 9, 9, 9, 9, 9, 9, 9, 9, 9, 9, 9, 9, 9, 9, 9, 9, 9, 9, 9, 9, 9, 9, 9, 9, 9, 9, 9, 9, 9, 9, 9, 9, 9, 9, 9, 9, 9, 9, 9, 9, 9, 9, 9, 9, 9, 9, 9, 9, 9, 9, 9, 9, 9, 9, 9, 9, 9, 9, 9, 9, 9, 9, 9, 9, 9, 9, 9, 9, 9, 9, 9, 9, 9, 9, 9, 9, 9, 9, 9, 9, 9, 9, 9, 9, 9, 9, 9, 9, 9, 9, 9, 9, 9, 9, 9, 9, 9, 9, 9, 9, 9, 9, 9, 9, 9, 9, 9, 9, 9, 9, 9, 9, 9, 9, 9, 9, 9, 9, 9, 9, 9, 9, 9, 9, 9, 9, 9, 9, 9, 9, 9, 9, 9, 9, 9, 9, 9, 9, 9, 9, 9, 9, 9, 9, 9, 9, 9, 9, 9, 9, 9, 9, 9, 9, 9, 9, 9, 9, 9, 9, 9, 9, 9, 9, 9, 9, 9, 9, 9, 9, 9, 9, 9, 9, 9, 9, 9, 9, 9, 9, 9, 9, 9, 9, 9, 9, 9, 9, 9, 9, 9, 9, 9, 9, 9, 9, 9, 9, 9, 9, 9, 9, 9, 9, 9, 9, 9, 9, 9, 9, 9, 9, 9, 9, 9, 9, 9, 9, 9, 9, 9, 9, 9, 9, 9, 9, 9, 9, 9, 9, 9, 9, 9, 9, 9, 9, 9, 9, 9, 9, 9, 9, 9, 9, 9, 9, 9, 9, 9, 9, 9, 9, 9, 9, 9],
         "height":96,
         "id":74,
         "name":"Large Spaders",
         "opacity":1,
         "properties":[
                {
                 "name":"autoPlaceBlockers",
                 "type":"int",
                 "value":0
                }, 
                {
                 "name":"fallTurns",
                 "type":"int",
                 "value":15
                }, 
                {
                 "name":"gameMode",
                 "type":"int",
                 "value":0
                }, 
                {
                 "name":"padding-bottom",
                 "type":"int",
                 "value":2
                }, 
                {
                 "name":"padding-left",
                 "type":"int",
                 "value":1
                }, 
                {
                 "name":"padding-right",
                 "type":"int",
                 "value":1
                }, 
                {
                 "name":"padding-top",
                 "type":"int",
                 "value":0
                }, 
                {
                 "name":"scale",
                 "type":"int",
                 "value":9
                }, 
                {
                 "name":"split_i",
                 "type":"int",
                 "value":4
                }, 
                {
                 "name":"split_j",
                 "type":"int",
                 "value":3
                }, 
                {
                 "name":"split_scale",
                 "type":"int",
                 "value":6
                }, 
                {
                 "name":"startI",
                 "type":"int",
                 "value":0
                }, 
                {
                 "name":"startJ",
                 "type":"int",
                 "value":0
                }, 
                {
                 "name":"tier",
                 "type":"int",
                 "value":0
                }],
         "type":"tilelayer",
         "visible":true,
         "width":72,
         "x":0,
         "y":0
        }],
 "nextlayerid":121,
 "nextobjectid":5,
 "orientation":"orthogonal",
 "properties":[
        {
         "name":"coverID",
         "type":"int",
         "value":7
        }, 
        {
         "name":"customPallet",
         "type":"string",
         "value":"standard"
        }, 
        {
         "name":"iconURL",
         "type":"string",
         "value":""
        }, 
        {
         "name":"sectionName",
         "type":"string",
         "value":"Spaders"
        }],
 "renderorder":"right-down",
 "tiledversion":"1.8.1",
 "tileheight":64,
 "tilesets":[
        {
         "firstgid":1,
         "source":"..\/..\/..\/src\/map\/tilesets\/spadersTileset.tsx"
        }, 
        {
         "firstgid":65,
         "source":"..\/..\/..\/src\/map\/tilesets\/gb.tsx"
        }, 
        {
         "firstgid":129,
         "source":"..\/..\/..\/src\/map\/tilesets\/synt.tsx"
        }, 
        {
         "firstgid":193,
         "source":"..\/..\/..\/src\/map\/tilesets\/monalisaTileset.tsx"
        }, 
        {
         "firstgid":257,
         "source":"..\/..\/..\/src\/map\/tilesets\/References.tsx"
        }],
 "tilewidth":64,
 "type":"map",
 "version":"1.8",
 "width":72
}