{ "compressionlevel":-1,
 "height":14,
 "infinite":false,
 "layers":[
        {
         "data":[0, 0, 0, 0, 0, 0, 0, 0, 0, 0, 0, 0, 0, 0, 0, 1089, 0, 0, 0, 0, 0, 0, 0, 0, 0, 0, 0, 0, 0, 0, 1089, 0, 0, 0, 0, 0, 0, 0, 0, 0, 0, 0, 0, 0, 0, 0, 0, 0, 0, 0, 0, 0, 0, 0, 0, 0, 0, 0, 0, 0, 0, 0, 0, 0, 0, 0, 0, 0, 0, 0, 0, 0, 0, 0, 0, 1090, 1091, 0, 0, 0, 0, 1091, 0, 0, 1089, 1090, 1090, 1091, 0, 0, 0, 0, 0, 0, 0, 0, 0, 0],
         "height":14,
         "id":8,
         "name":"TerrainBaseOffset",
         "offsetx":0,
         "offsety":32,
         "opacity":1,
         "type":"tilelayer",
         "visible":true,
         "width":7,
         "x":0,
         "y":0
        }, 
        {
         "data":[0, 0, 0, 0, 0, 0, 0, 0, 0, 0, 0, 0, 0, 0, 0, 0, 0, 0, 0, 0, 0, 0, 0, 0, 0, 0, 0, 0, 0, 0, 0, 0, 0, 0, 0, 0, 0, 0, 0, 0, 0, 0, 0, 0, 0, 0, 0, 0, 0, 0, 0, 0, 0, 0, 0, 0, 0, 0, 0, 0, 0, 0, 0, 0, 0, 0, 0, 0, 0, 0, 0, 0, 0, 0, 0, 0, 0, 0, 0, 0, 0, 0, 0, 0, 0, 0, 0, 0, 0, 0, 0, 0, 0, 0, 0, 0, 0, 0],
         "height":14,
         "id":7,
         "name":"TerrainBase",
         "opacity":1,
         "type":"tilelayer",
         "visible":true,
         "width":7,
         "x":0,
         "y":0
        }, 
        {
         "data":[0, 0, 0, 0, 0, 0, 0, 0, 0, 0, 0, 0, 0, 0, 0, 0, 0, 0, 0, 0, 0, 0, 0, 0, 0, 0, 0, 0, 0, 0, 0, 0, 0, 0, 0, 0, 0, 0, 0, 0, 0, 0, 0, 0, 0, 0, 0, 0, 0, 0, 0, 0, 0, 0, 0, 0, 0, 0, 0, 0, 0, 0, 0, 0, 0, 0, 0, 0, 0, 0, 0, 0, 0, 0, 0, 0, 0, 0, 0, 0, 0, 0, 0, 0, 0, 0, 0, 0, 0, 0, 0, 0, 0, 0, 0, 0, 0, 0],
         "height":14,
         "id":1,
         "name":"Terrain1",
         "opacity":1,
         "type":"tilelayer",
         "visible":true,
         "width":7,
         "x":0,
         "y":0
        }, 
        {
         "data":[0, 0, 0, 0, 0, 0, 0, 0, 0, 0, 0, 0, 0, 0, 0, 0, 0, 0, 0, 0, 0, 0, 0, 0, 0, 0, 0, 0, 0, 0, 0, 0, 0, 0, 0, 0, 0, 0, 0, 0, 0, 0, 0, 0, 0, 0, 0, 0, 0, 0, 0, 0, 0, 0, 0, 0, 0, 0, 0, 0, 0, 0, 0, 0, 0, 0, 0, 0, 0, 0, 0, 0, 0, 0, 0, 0, 0, 0, 0, 0, 0, 0, 0, 0, 0, 0, 0, 0, 0, 0, 0, 0, 0, 0, 0, 0, 0, 0],
         "height":14,
         "id":4,
         "name":"Terrain2",
         "opacity":1,
         "type":"tilelayer",
         "visible":true,
         "width":7,
         "x":0,
         "y":0
        }, 
        {
         "data":[0, 1025, 1026, 1026, 1027, 0, 0, 0, 1057, 1058, 1058, 1059, 0, 0, 0, 1089, 1058, 1058, 1058, 1027, 0, 0, 0, 1057, 1058, 1058, 1058, 1027, 0, 0, 1089, 1058, 1058, 1058, 1059, 0, 0, 0, 1057, 1058, 1058, 1059, 0, 0, 0, 1057, 1058, 1058, 1059, 0, 0, 0, 1057, 1058, 1058, 1059, 0, 0, 1025, 1058, 1058, 1058, 1059, 1025, 1026, 1058, 1058, 1058, 1058, 1059, 1057, 1058, 1058, 1058, 1058, 1090, 1091, 1057, 1058, 1058, 1058, 1091, 0, 0, 1089, 1090, 1090, 1091, 0, 0, 0, 0, 0, 0, 0, 0, 0, 0],
         "height":14,
         "id":5,
         "name":"Terrain3",
         "opacity":1,
         "type":"tilelayer",
         "visible":true,
         "width":7,
         "x":0,
         "y":0
        }, 
        {
         "data":[0, 0, 0, 0, 0, 0, 0, 0, 0, 0, 0, 0, 0, 0, 0, 0, 0, 0, 0, 0, 0, 0, 0, 0, 0, 0, 0, 0, 0, 0, 0, 0, 0, 0, 0, 0, 0, 0, 0, 0, 0, 0, 0, 0, 0, 0, 0, 0, 0, 0, 0, 0, 0, 0, 0, 0, 0, 0, 0, 0, 0, 0, 0, 0, 0, 0, 0, 0, 0, 0, 0, 0, 0, 0, 0, 0, 0, 0, 0, 0, 0, 0, 0, 0, 0, 0, 0, 0, 0, 0, 0, 0, 0, 0, 0, 0, 0, 0],
         "height":14,
         "id":6,
         "name":"Terrain4",
         "opacity":1,
         "type":"tilelayer",
         "visible":true,
         "width":7,
         "x":0,
         "y":0
        }, 
        {
         "data":[0, 0, 0, 0, 0, 0, 0, 0, 0, 0, 0, 0, 0, 0, 0, 0, 0, 0, 0, 0, 0, 0, 0, 0, 0, 0, 0, 0, 0, 0, 0, 0, 0, 0, 0, 0, 0, 0, 0, 0, 0, 0, 0, 0, 0, 0, 0, 0, 0, 0, 0, 0, 0, 0, 0, 0, 0, 0, 0, 0, 0, 0, 0, 0, 0, 0, 0, 0, 0, 0, 0, 0, 0, 0, 0, 0, 0, 0, 0, 0, 0, 0, 0, 0, 0, 0, 0, 0, 0, 0, 0, 0, 0, 0, 0, 0, 0, 0],
         "height":14,
         "id":12,
         "name":"Terrain5",
         "opacity":1,
         "type":"tilelayer",
         "visible":true,
         "width":7,
         "x":0,
         "y":0
        }, 
        {
         "data":[0, 0, 0, 0, 0, 0, 0, 0, 0, 0, 0, 0, 0, 0, 0, 0, 0, 0, 0, 0, 0, 0, 0, 0, 0, 0, 0, 0, 0, 0, 0, 0, 0, 0, 0, 0, 0, 0, 0, 0, 0, 0, 0, 0, 0, 1057, 1058, 0, 0, 0, 0, 0, 1057, 1058, 0, 0, 0, 0, 0, 0, 0, 0, 0, 0, 0, 0, 0, 0, 0, 0, 0, 0, 0, 0, 0, 0, 0, 0, 0, 0, 0, 0, 0, 0, 0, 0, 0, 0, 0, 0, 0, 0, 0, 0, 0, 0, 0, 0],
         "height":14,
         "id":13,
         "name":"Terrain6",
         "opacity":1,
         "type":"tilelayer",
         "visible":true,
         "width":7,
         "x":0,
         "y":0
        }, 
        {
         "data":[0, 0, 0, 0, 0, 0, 0, 0, 0, 0, 0, 0, 0, 0, 0, 0, 1030, 0, 1092, 0, 0, 0, 0, 0, 0, 0, 1092, 0, 0, 0, 0, 1030, 0, 0, 0, 0, 0, 0, 1096, 1096, 0, 0, 0, 0, 0, 0, 1099, 0, 0, 0, 0, 0, 1096, 1099, 0, 0, 0, 0, 0, 1094, 0, 0, 0, 0, 0, 1094, 0, 0, 0, 0, 0, 0, 0, 0, 1028, 0, 0, 0, 0, 0, 1028, 0, 0, 0, 0, 0, 0, 0, 0, 0, 0, 0, 0, 0, 0, 0, 0, 0],
         "height":14,
         "id":9,
         "name":"TerrainMakeUp",
         "opacity":1,
         "type":"tilelayer",
         "visible":true,
         "width":7,
         "x":0,
         "y":0
        }, 
        {
         "data":[0, 1083, 1083, 0, 1083, 0, 0, 0, 1083, 1083, 0, 1083, 0, 0, 0, 1083, 0, 0, 0, 0, 0, 0, 0, 0, 1083, 0, 0, 0, 0, 0, 0, 0, 1083, 1083, 0, 0, 0, 0, 0, 0, 0, 0, 0, 0, 0, 0, 0, 0, 1083, 0, 0, 0, 0, 0, 0, 1083, 0, 0, 1083, 1083, 1083, 0, 1083, 1083, 1083, 1083, 0, 0, 0, 1083, 1083, 1083, 1083, 0, 1083, 1083, 1083, 1083, 0, 0, 0, 1083, 0, 0, 1083, 1083, 1083, 1083, 0, 0, 0, 0, 0, 0, 0, 0, 0, 0],
         "height":14,
         "id":10,
         "name":"TerrainNoColor",
         "opacity":1,
         "type":"tilelayer",
         "visible":true,
         "width":7,
         "x":0,
         "y":0
        }, 
        {
         "data":[0, 1083, 1083, 1083, 0, 0, 0, 0, 1083, 0, 0, 1083, 0, 0, 0, 0, 1083, 1083, 1083, 0, 0, 0, 0, 0, 0, 1083, 0, 0, 0, 0, 0, 0, 1083, 0, 0, 0, 0, 0, 0, 0, 1083, 0, 0, 0, 0, 0, 0, 1083, 0, 0, 0, 1083, 1083, 1083, 1083, 0, 1083, 1083, 1083, 0, 0, 1083, 0, 1083, 1083, 1083, 0, 1083, 1083, 0, 1083, 0, 0, 1083, 0, 0, 0, 1083, 1083, 1083, 0, 0, 0, 0, 0, 0, 0, 0, 0, 0, 0, 0, 0, 0, 0, 0, 0, 0],
         "height":14,
         "id":11,
         "name":"TerrainNoColorOffset",
         "offsetx":32,
         "offsety":32,
         "opacity":1,
         "type":"tilelayer",
         "visible":true,
         "width":7,
         "x":0,
         "y":0
        }, 
        {
         "data":[0, 0, 0, 0, 0, 0, 0, 0, 0, 0, 1036, 0, 0, 0, 0, 0, 0, 1040, 0, 0, 0, 0, 0, 1036, 0, 1070, 1037, 1038, 0, 0, 1070, 0, 0, 0, 0, 0, 0, 0, 1070, 1037, 1039, 1071, 0, 0, 0, 1069, 1037, 0, 0, 0, 0, 0, 0, 1037, 1038, 0, 0, 0, 0, 0, 0, 1036, 0, 0, 0, 0, 1069, 1037, 0, 0, 0, 0, 0, 0, 0, 0, 0, 0, 0, 1037, 1071, 0, 0, 0, 0, 0, 0, 0, 0, 0, 0, 0, 0, 0, 0, 0, 0, 0],
         "height":14,
         "id":3,
         "name":"Paths",
         "opacity":1,
         "type":"tilelayer",
         "visible":true,
         "width":7,
         "x":0,
         "y":0
        }, 
        {
         "data":[0, 0, 0, 34, 0, 0, 0, 0, 0, 0, 0, 0, 0, 0, 0, 0, 8, 0, 33, 0, 0, 0, 0, 0, 0, 0, 0, 0, 0, 0, 0, 7, 0, 0, 6, 0, 0, 0, 0, 0, 0, 0, 0, 0, 0, 0, 0, 5, 0, 0, 0, 0, 4, 0, 0, 0, 0, 0, 0, 0, 0, 0, 0, 0, 0, 0, 0, 0, 3, 0, 0, 0, 0, 2, 0, 0, 0, 0, 1, 0, 0, 0, 0, 0, 0, 0, 0, 0, 0, 0, 0, 0, 0, 0, 0, 0, 0, 0],
         "height":14,
         "id":2,
         "name":"Levels",
         "opacity":1,
         "type":"tilelayer",
         "visible":true,
         "width":7,
         "x":0,
         "y":0
        }],
 "nextlayerid":14,
 "nextobjectid":1,
 "orientation":"orthogonal",
 "renderorder":"right-down",
 "tiledversion":"1.7.2",
 "tileheight":64,
 "tilesets":[
        {
         "firstgid":1,
         "source":"..\/..\/..\/..\/src\/worlds\/tilesets\/numbers.tsx"
        }, 
        {
         "firstgid":1025,
         "source":"..\/..\/..\/..\/src\/worlds\/world\/Tilemap_1.tsx"
        }],
 "tilewidth":64,
 "type":"map",
 "version":"1.6",
 "width":7
}