{ "compressionlevel":-1,
 "height":22,
 "infinite":false,
 "layers":[
        {
         "data":[0, 0, 0, 0, 0, 0, 0, 0, 0, 0, 0, 0, 0, 0, 0, 1089, 1090, 1090, 0, 0, 1091, 0, 0, 0, 0, 0, 0, 0, 0, 0, 0, 0, 1089, 1091, 0, 0, 0, 0, 0, 0, 0, 0, 0, 0, 0, 0, 0, 0, 0, 0, 0, 0, 0, 0, 1091, 0, 0, 0, 0, 0, 0, 0, 0, 0, 0, 0, 0, 0, 0, 0, 0, 0, 0, 0, 0, 0, 0, 0, 0, 0, 0, 0, 0, 0, 1089, 1090, 0, 0, 0, 0, 0, 0, 0, 0, 0, 0, 0, 0, 0, 1089, 1090, 1090, 0, 0, 0, 0, 0, 0, 0, 0, 0, 0, 0, 0, 0, 0, 0, 0, 0, 0, 0, 0, 0, 0, 0, 0, 0, 0, 0, 0, 0, 0, 0, 0, 0, 0, 0, 0, 0, 0, 1089, 1090, 1090, 1090, 1090, 1090, 1091, 0, 0, 0, 0, 0, 0, 0],
         "height":22,
         "id":8,
         "name":"TerrainBaseOffset",
         "offsetx":0,
         "offsety":32,
         "opacity":1,
         "type":"tilelayer",
         "visible":true,
         "width":7,
         "x":0,
         "y":0
        }, 
        {
         "data":[0, 0, 0, 0, 0, 0, 0, 0, 0, 0, 0, 0, 0, 0, 0, 0, 0, 0, 0, 0, 0, 0, 0, 0, 0, 0, 0, 0, 0, 0, 0, 0, 0, 0, 0, 0, 0, 0, 0, 0, 0, 0, 0, 0, 0, 0, 0, 0, 0, 1089, 0, 0, 0, 0, 0, 0, 0, 0, 0, 0, 0, 0, 0, 0, 0, 0, 0, 0, 0, 0, 0, 0, 0, 0, 0, 1090, 1091, 0, 0, 0, 0, 0, 0, 0, 0, 0, 0, 0, 0, 0, 0, 0, 0, 0, 0, 0, 0, 1091, 0, 0, 0, 0, 0, 0, 0, 0, 0, 0, 0, 0, 0, 0, 0, 0, 0, 0, 0, 0, 0, 0, 0, 0, 0, 0, 0, 0, 0, 0, 0, 0, 0, 0, 0, 0, 0, 0, 0, 0, 0, 0, 0, 0, 0, 0, 0, 0, 0, 0, 0, 0, 0, 0, 0, 0],
         "height":22,
         "id":7,
         "name":"TerrainBase",
         "opacity":1,
         "type":"tilelayer",
         "visible":true,
         "width":7,
         "x":0,
         "y":0
        }, 
        {
         "data":[0, 1025, 1026, 1026, 1026, 1026, 1027, 0, 1057, 1058, 1058, 1058, 1058, 1059, 0, 1089, 1090, 1090, 1058, 1058, 1091, 0, 0, 0, 0, 1057, 1059, 0, 0, 0, 0, 0, 1089, 1091, 0, 0, 1029, 0, 1537, 1538, 0, 0, 1025, 1058, 1026, 1027, 1538, 1538, 1539, 1033, 1058, 1058, 1058, 1026, 1062, 1539, 1537, 1057, 1058, 1058, 1059, 1537, 1539, 1537, 1057, 1058, 1058, 1058, 1026, 1027, 1537, 1057, 1058, 1058, 1058, 1034, 1035, 1537, 1057, 1058, 1058, 1059, 1539, 0, 1060, 1090, 1058, 1058, 1058, 1026, 1027, 0, 1537, 1057, 1058, 1058, 1058, 1035, 0, 1060, 1090, 1090, 1058, 1059, 1539, 0, 0, 0, 1537, 1057, 1059, 1539, 0, 0, 1025, 1026, 1058, 1059, 1539, 0, 1025, 1058, 1058, 1058, 1059, 1539, 1025, 1058, 1058, 1058, 1058, 1059, 1539, 1057, 1058, 1058, 1058, 1058, 1059, 1539, 1089, 1090, 1090, 1090, 1090, 1090, 1062, 0, 0, 0, 0, 0, 0, 0],
         "height":22,
         "id":1,
         "name":"Terrain1",
         "opacity":1,
         "type":"tilelayer",
         "visible":true,
         "width":7,
         "x":0,
         "y":0
        }, 
        {
         "data":[0, 0, 0, 0, 0, 0, 0, 0, 0, 0, 0, 0, 0, 0, 0, 0, 0, 0, 1030, 1028, 0, 0, 0, 0, 0, 0, 0, 0, 0, 0, 0, 0, 0, 0, 0, 0, 0, 0, 0, 0, 0, 0, 0, 1031, 0, 0, 0, 0, 0, 0, 1124, 0, 1092, 1028, 0, 0, 0, 0, 0, 0, 0, 0, 0, 0, 0, 0, 0, 1092, 0, 0, 0, 0, 0, 0, 1125, 0, 0, 0, 0, 0, 0, 0, 0, 0, 0, 1094, 1030, 0, 0, 0, 0, 0, 0, 0, 0, 0, 1125, 0, 0, 0, 1094, 0, 1030, 0, 0, 0, 0, 0, 0, 0, 0, 0, 0, 0, 0, 0, 1094, 0, 0, 0, 0, 1094, 0, 0, 0, 0, 0, 1094, 0, 0, 0, 0, 0, 0, 0, 0, 0, 0, 0, 0, 0, 0, 0, 0, 0, 1092, 0, 0, 0, 0, 0, 0, 0, 0],
         "height":22,
         "id":9,
         "name":"TerrainMakeUp",
         "opacity":1,
         "type":"tilelayer",
         "visible":true,
         "width":7,
         "x":0,
         "y":0
        }, 
        {
         "data":[0, 0, 0, 0, 0, 0, 0, 0, 0, 0, 0, 0, 0, 0, 0, 0, 0, 0, 0, 0, 0, 0, 0, 0, 0, 0, 0, 0, 0, 0, 0, 0, 0, 0, 0, 0, 0, 0, 0, 0, 0, 0, 0, 0, 0, 0, 0, 0, 0, 0, 0, 0, 0, 0, 0, 0, 0, 0, 0, 0, 0, 0, 0, 0, 0, 0, 0, 0, 0, 0, 0, 0, 0, 0, 0, 0, 0, 0, 0, 0, 0, 0, 0, 0, 0, 0, 0, 0, 0, 0, 0, 0, 0, 0, 0, 0, 0, 0, 0, 0, 0, 0, 0, 0, 0, 0, 0, 0, 0, 0, 0, 0, 0, 0, 0, 0, 0, 0, 0, 0, 0, 0, 0, 0, 0, 0, 0, 0, 0, 0, 0, 0, 0, 0, 0, 0, 0, 0, 0, 0, 0, 0, 0, 0, 0, 0, 0, 0, 0, 0, 0, 0, 0, 0],
         "height":22,
         "id":4,
         "name":"Terrain2",
         "opacity":1,
         "type":"tilelayer",
         "visible":true,
         "width":7,
         "x":0,
         "y":0
        }, 
        {
         "data":[0, 0, 0, 0, 0, 0, 0, 0, 0, 0, 0, 0, 0, 0, 0, 0, 0, 0, 0, 0, 0, 0, 0, 0, 0, 0, 0, 0, 0, 0, 0, 0, 0, 0, 0, 0, 0, 0, 0, 0, 0, 0, 0, 0, 0, 0, 0, 0, 0, 0, 0, 0, 0, 0, 0, 0, 0, 0, 0, 0, 0, 0, 0, 0, 0, 0, 0, 0, 0, 0, 0, 0, 0, 0, 0, 0, 0, 0, 0, 0, 0, 0, 0, 0, 0, 0, 0, 0, 0, 0, 0, 0, 0, 0, 0, 0, 0, 0, 0, 0, 0, 0, 0, 0, 0, 0, 0, 0, 0, 0, 0, 0, 0, 0, 0, 0, 0, 0, 0, 0, 0, 0, 0, 0, 0, 0, 0, 0, 0, 0, 0, 0, 0, 0, 0, 0, 0, 0, 0, 0, 0, 0, 0, 0, 0, 0, 0, 0, 0, 0, 0, 0, 0, 0],
         "height":22,
         "id":5,
         "name":"Terrain3",
         "opacity":1,
         "type":"tilelayer",
         "visible":true,
         "width":7,
         "x":0,
         "y":0
        }, 
        {
         "data":[0, 0, 0, 0, 0, 0, 0, 0, 0, 0, 0, 0, 0, 0, 0, 0, 0, 0, 0, 0, 0, 0, 0, 0, 0, 0, 0, 0, 0, 0, 0, 0, 0, 0, 0, 0, 0, 0, 0, 0, 0, 0, 0, 0, 0, 0, 0, 0, 0, 0, 0, 0, 0, 0, 0, 0, 0, 0, 0, 0, 0, 0, 0, 0, 0, 0, 0, 0, 0, 0, 0, 0, 0, 0, 0, 0, 0, 0, 0, 0, 0, 0, 0, 0, 0, 0, 0, 0, 0, 0, 0, 0, 0, 0, 0, 0, 0, 0, 0, 0, 0, 0, 0, 0, 0, 0, 0, 0, 0, 0, 0, 0, 0, 0, 0, 0, 0, 0, 0, 0, 0, 0, 0, 0, 0, 0, 0, 0, 0, 0, 0, 0, 0, 0, 0, 0, 0, 0, 0, 0, 0, 0, 0, 0, 0, 0, 0, 0, 0, 0, 0, 0, 0, 0],
         "height":22,
         "id":6,
         "name":"Terrain4",
         "opacity":1,
         "type":"tilelayer",
         "visible":true,
         "width":7,
         "x":0,
         "y":0
        }, 
        {
         "data":[0, 0, 0, 0, 0, 0, 0, 0, 0, 0, 0, 0, 0, 0, 0, 0, 0, 0, 0, 0, 0, 0, 0, 0, 0, 0, 0, 0, 0, 0, 0, 0, 0, 0, 0, 0, 0, 0, 0, 0, 0, 0, 0, 0, 0, 0, 0, 0, 0, 0, 0, 0, 0, 0, 0, 0, 0, 0, 0, 0, 0, 0, 0, 0, 0, 0, 0, 0, 0, 0, 0, 0, 0, 0, 0, 0, 0, 0, 0, 0, 0, 0, 0, 0, 0, 0, 0, 0, 0, 0, 0, 0, 0, 0, 0, 0, 0, 0, 0, 0, 0, 0, 0, 0, 0, 0, 0, 0, 0, 0, 0, 0, 0, 0, 0, 0, 0, 0, 0, 0, 0, 0, 0, 0, 0, 0, 0, 0, 0, 0, 0, 0, 0, 0, 0, 0, 0, 0, 0, 0, 0, 0, 0, 0, 0, 0, 0, 0, 0, 0, 0, 0, 0, 0],
         "height":22,
         "id":3,
         "name":"Paths",
         "opacity":1,
         "type":"tilelayer",
         "visible":true,
         "width":7,
         "x":0,
         "y":0
        }, 
        {
         "data":[0, 0, 72, 70, 0, 0, 0, 0, 97, 0, 0, 68, 67, 0, 0, 0, 71, 69, 0, 0, 0, 0, 0, 0, 0, 0, 66, 0, 0, 0, 0, 0, 65, 0, 0, 0, 40, 0, 0, 0, 0, 0, 0, 0, 0, 0, 0, 0, 0, 0, 0, 39, 0, 38, 0, 0, 0, 0, 0, 0, 0, 0, 0, 0, 35, 0, 36, 0, 37, 0, 0, 0, 0, 0, 0, 0, 0, 0, 0, 34, 0, 0, 0, 0, 0, 0, 0, 0, 33, 0, 0, 0, 0, 8, 0, 0, 0, 0, 0, 0, 0, 7, 0, 0, 0, 0, 0, 0, 0, 0, 6, 0, 0, 0, 0, 0, 0, 0, 0, 0, 0, 0, 5, 0, 4, 0, 0, 0, 0, 0, 0, 0, 0, 0, 1, 0, 2, 0, 3, 0, 0, 0, 0, 0, 0, 0, 0, 0, 0, 0, 0, 0, 0, 0],
         "height":22,
         "id":2,
         "name":"Levels",
         "opacity":1,
         "type":"tilelayer",
         "visible":true,
         "width":7,
         "x":0,
         "y":0
        }],
 "nextlayerid":10,
 "nextobjectid":1,
 "orientation":"orthogonal",
 "renderorder":"right-down",
 "tiledversion":"1.8.1",
 "tileheight":64,
 "tilesets":[
        {
         "firstgid":1,
         "source":"..\/..\/..\/src\/worlds\/tilesets\/numbers.tsx"
        }, 
        {
         "firstgid":1025,
         "source":"..\/..\/..\/src\/worlds\/world\/Tilemap_1.tsx"
        }],
 "tilewidth":64,
 "type":"map",
 "version":"1.8",
 "width":7
}