{ "compressionlevel":-1,
 "height":16,
 "infinite":false,
 "layers":[
        {
         "data":[0, 74, 74, 74, 74, 74, 74, 74, 74, 0, 0, 0, 0, 0, 0, 0, 74, 73, 73, 73, 73, 73, 73, 73, 73, 74, 0, 0, 0, 0, 0, 0, 74, 73, 66, 66, 66, 66, 66, 66, 73, 74, 0, 0, 0, 0, 0, 0, 74, 73, 66, 66, 66, 66, 66, 66, 73, 74, 0, 0, 0, 0, 0, 0, 74, 73, 66, 66, 66, 66, 66, 66, 73, 74, 0, 0, 0, 0, 0, 0, 74, 73, 66, 66, 66, 66, 66, 66, 73, 74, 0, 0, 0, 0, 0, 0, 74, 73, 73, 73, 73, 73, 73, 73, 73, 74, 0, 0, 0, 0, 0, 0, 74, 73, 73, 74, 73, 73, 73, 69, 73, 74, 0, 0, 0, 0, 0, 0, 74, 73, 74, 74, 74, 73, 69, 73, 73, 74, 0, 0, 0, 0, 0, 0, 0, 0, 0, 0, 0, 0, 0, 0, 0, 0, 0, 0, 0, 0, 0, 0, 0, 0, 0, 0, 0, 0, 0, 0, 0, 0, 0, 0, 0, 0, 0, 0, 0, 0, 0, 0, 0, 0, 0, 0, 0, 0, 0, 0, 0, 0, 0, 0, 0, 0, 0, 0, 0, 0, 0, 0, 0, 0, 0, 0, 0, 0, 0, 0, 0, 0, 0, 0, 0, 0, 0, 0, 0, 0, 0, 0, 0, 0, 0, 0, 0, 0, 0, 0, 0, 0, 0, 0, 0, 0, 0, 0, 0, 0, 0, 0, 0, 0, 0, 0, 0, 0, 0, 0, 0, 0, 0, 0, 0, 0, 0, 0],
         "height":16,
         "id":43,
         "name":"Game Boy",
         "opacity":1,
         "properties":[
                {
                 "name":"autoPlaceBlockers",
                 "type":"int",
                 "value":2
                }, 
                {
                 "name":"i",
                 "type":"int",
                 "value":10
                }, 
                {
                 "name":"j",
                 "type":"int",
                 "value":11
                }, 
                {
                 "name":"padding-bottom",
                 "type":"int",
                 "value":2
                }, 
                {
                 "name":"padding-left",
                 "type":"int",
                 "value":1
                }, 
                {
                 "name":"padding-right",
                 "type":"int",
                 "value":1
                }, 
                {
                 "name":"padding-top",
                 "type":"int",
                 "value":0
                }, 
                {
                 "name":"startI",
                 "type":"int",
                 "value":0
                }, 
                {
                 "name":"startJ",
                 "type":"int",
                 "value":0
                }, 
                {
                 "name":"tier",
                 "type":"int",
                 "value":0
                }],
         "type":"tilelayer",
         "visible":false,
         "width":16,
         "x":0,
         "y":0
        }, 
        {
         "data":[0, 0, 74, 74, 74, 74, 74, 0, 0, 0, 0, 0, 0, 0, 0, 0, 0, 0, 74, 73, 73, 73, 74, 0, 0, 0, 0, 0, 0, 0, 0, 0, 0, 0, 74, 74, 73, 74, 74, 0, 0, 0, 0, 0, 0, 0, 0, 0, 0, 0, 0, 74, 73, 74, 0, 0, 0, 0, 0, 0, 0, 0, 0, 0, 0, 0, 0, 74, 73, 74, 0, 0, 0, 0, 0, 0, 0, 0, 0, 0, 0, 0, 74, 68, 68, 68, 74, 0, 0, 0, 0, 0, 0, 0, 0, 0, 0, 74, 68, 68, 68, 68, 68, 74, 0, 0, 0, 0, 0, 0, 0, 0, 74, 71, 65, 65, 71, 71, 71, 71, 74, 0, 0, 0, 0, 0, 0, 0, 74, 71, 71, 71, 71, 71, 71, 71, 74, 0, 0, 0, 0, 0, 0, 0, 0, 74, 71, 71, 71, 71, 71, 74, 0, 0, 0, 0, 0, 0, 0, 0, 0, 0, 74, 74, 74, 74, 74, 0, 0, 0, 0, 0, 0, 0, 0, 0, 0, 0, 0, 0, 0, 0, 0, 0, 0, 0, 0, 0, 0, 0, 0, 0, 0, 0, 0, 0, 0, 0, 0, 0, 0, 0, 0, 0, 0, 0, 0, 0, 0, 0, 0, 0, 0, 0, 0, 0, 0, 0, 0, 0, 0, 0, 0, 0, 0, 0, 0, 0, 0, 0, 0, 0, 0, 0, 0, 0, 0, 0, 0, 0, 0, 0, 0, 0, 0, 0, 0, 0, 0, 0, 0, 0, 0, 0, 0, 0],
         "height":16,
         "id":74,
         "name":"Potion",
         "opacity":1,
         "properties":[
                {
                 "name":"autoPlaceBlockers",
                 "type":"int",
                 "value":2
                }, 
                {
                 "name":"i",
                 "type":"int",
                 "value":9
                }, 
                {
                 "name":"j",
                 "type":"int",
                 "value":12
                }, 
                {
                 "name":"padding-bottom",
                 "type":"int",
                 "value":2
                }, 
                {
                 "name":"padding-left",
                 "type":"int",
                 "value":1
                }, 
                {
                 "name":"padding-right",
                 "type":"int",
                 "value":1
                }, 
                {
                 "name":"padding-top",
                 "type":"int",
                 "value":0
                }, 
                {
                 "name":"scale",
                 "type":"int",
                 "value":2
                }, 
                {
                 "name":"startI",
                 "type":"int",
                 "value":0
                }, 
                {
                 "name":"startJ",
                 "type":"int",
                 "value":0
                }, 
                {
                 "name":"tier",
                 "type":"int",
                 "value":0
                }],
         "type":"tilelayer",
         "visible":true,
         "width":16,
         "x":0,
         "y":0
        }, 
        {
         "data":[0, 0, 0, 0, 0, 0, 0, 0, 0, 0, 0, 0, 0, 0, 0, 0, 0, 0, 0, 97, 97, 97, 0, 0, 0, 0, 0, 0, 0, 0, 0, 0, 0, 0, 0, 0, 97, 0, 0, 0, 0, 0, 0, 0, 0, 0, 0, 0, 0, 0, 0, 0, 97, 0, 0, 0, 0, 0, 0, 0, 0, 0, 0, 0, 0, 0, 0, 0, 97, 0, 0, 0, 0, 0, 0, 0, 0, 0, 0, 0, 0, 0, 0, 0, 0, 0, 0, 0, 0, 0, 0, 0, 0, 0, 0, 0, 0, 0, 0, 0, 0, 0, 0, 0, 0, 0, 0, 0, 0, 0, 0, 0, 0, 0, 0, 0, 0, 0, 0, 0, 0, 0, 0, 0, 0, 0, 0, 0, 0, 0, 0, 0, 0, 0, 0, 0, 0, 0, 0, 0, 0, 0, 0, 0, 0, 0, 0, 0, 0, 0, 0, 0, 0, 0, 0, 0, 0, 0, 0, 0, 0, 0, 0, 0, 0, 0, 0, 0, 0, 0, 0, 0, 0, 0, 0, 0, 0, 0, 0, 0, 0, 0, 0, 0, 0, 0, 0, 0, 0, 0, 0, 0, 0, 0, 0, 0, 0, 0, 0, 0, 0, 0, 0, 0, 0, 0, 0, 0, 0, 0, 0, 0, 0, 0, 0, 0, 0, 0, 0, 0, 0, 0, 0, 0, 0, 0, 0, 0, 0, 0, 0, 0, 0, 0, 0, 0, 0, 0, 0, 0, 0, 0, 0, 0, 0, 0, 0, 0, 0, 0, 0, 0, 0, 0, 0, 0],
         "height":16,
         "id":106,
         "name":"_ADDONPotion",
         "opacity":1,
         "properties":[
                {
                 "name":"autoPlaceBlockers",
                 "type":"int",
                 "value":2
                }, 
                {
                 "name":"i",
                 "type":"int",
                 "value":9
                }, 
                {
                 "name":"j",
                 "type":"int",
                 "value":12
                }, 
                {
                 "name":"padding-bottom",
                 "type":"int",
                 "value":2
                }, 
                {
                 "name":"padding-left",
                 "type":"int",
                 "value":1
                }, 
                {
                 "name":"padding-right",
                 "type":"int",
                 "value":1
                }, 
                {
                 "name":"padding-top",
                 "type":"int",
                 "value":0
                }, 
                {
                 "name":"scale",
                 "type":"int",
                 "value":2
                }, 
                {
                 "name":"startI",
                 "type":"int",
                 "value":0
                }, 
                {
                 "name":"startJ",
                 "type":"int",
                 "value":0
                }, 
                {
                 "name":"tier",
                 "type":"int",
                 "value":0
                }],
         "type":"tilelayer",
         "visible":true,
         "width":16,
         "x":0,
         "y":0
        }, 
        {
         "data":[0, 0, 74, 74, 0, 74, 74, 0, 0, 0, 0, 0, 0, 0, 0, 0, 0, 74, 66, 66, 74, 66, 70, 74, 0, 0, 0, 0, 0, 0, 0, 0, 74, 66, 66, 73, 66, 66, 66, 70, 74, 0, 0, 0, 0, 0, 0, 0, 74, 66, 73, 73, 73, 66, 70, 70, 74, 0, 0, 0, 0, 0, 0, 0, 0, 74, 66, 73, 66, 66, 70, 74, 0, 0, 0, 0, 0, 0, 0, 0, 0, 0, 74, 66, 66, 70, 74, 0, 0, 0, 0, 0, 0, 0, 0, 0, 0, 0, 0, 74, 70, 74, 0, 0, 0, 0, 0, 0, 0, 0, 0, 0, 0, 0, 0, 0, 74, 0, 0, 0, 0, 0, 0, 0, 0, 0, 0, 0, 0, 0, 0, 0, 0, 0, 0, 0, 0, 0, 0, 0, 0, 0, 0, 0, 0, 0, 0, 0, 0, 0, 0, 0, 0, 0, 0, 0, 0, 0, 0, 0, 0, 0, 0, 0, 0, 0, 0, 0, 0, 0, 0, 0, 0, 0, 0, 0, 0, 0, 0, 0, 0, 0, 0, 0, 0, 0, 0, 0, 0, 0, 0, 0, 0, 0, 0, 0, 0, 0, 0, 0, 0, 0, 0, 0, 0, 0, 0, 0, 0, 0, 0, 0, 0, 0, 0, 0, 0, 0, 0, 0, 0, 0, 0, 0, 0, 0, 0, 0, 0, 0, 0, 0, 0, 0, 0, 0, 0, 0, 0, 0, 0, 0, 0, 0, 0, 0, 0, 0, 0, 0, 0, 0, 0, 0, 0, 0],
         "height":16,
         "id":74,
         "name":"Hearth",
         "opacity":1,
         "properties":[
                {
                 "name":"autoPlaceBlockers",
                 "type":"int",
                 "value":2
                }, 
                {
                 "name":"i",
                 "type":"int",
                 "value":9
                }, 
                {
                 "name":"j",
                 "type":"int",
                 "value":10
                }, 
                {
                 "name":"padding-bottom",
                 "type":"int",
                 "value":2
                }, 
                {
                 "name":"padding-left",
                 "type":"int",
                 "value":1
                }, 
                {
                 "name":"padding-right",
                 "type":"int",
                 "value":1
                }, 
                {
                 "name":"padding-top",
                 "type":"int",
                 "value":0
                }, 
                {
                 "name":"scale",
                 "type":"int",
                 "value":2
                }, 
                {
                 "name":"startI",
                 "type":"int",
                 "value":0
                }, 
                {
                 "name":"startJ",
                 "type":"int",
                 "value":0
                }, 
                {
                 "name":"tier",
                 "type":"int",
                 "value":0
                }],
         "type":"tilelayer",
         "visible":true,
         "width":16,
         "x":0,
         "y":0
        }, 
        {
         "data":[0, 0, 0, 0, 0, 0, 0, 0, 0, 0, 0, 0, 0, 0, 0, 0, 0, 0, 0, 0, 0, 0, 0, 0, 0, 0, 0, 0, 0, 0, 0, 0, 0, 0, 0, 97, 0, 0, 0, 0, 0, 0, 0, 0, 0, 0, 0, 0, 0, 0, 97, 97, 97, 0, 0, 0, 0, 0, 0, 0, 0, 0, 0, 0, 0, 0, 0, 97, 0, 0, 0, 0, 0, 0, 0, 0, 0, 0, 0, 0, 0, 0, 0, 0, 0, 0, 0, 0, 0, 0, 0, 0, 0, 0, 0, 0, 0, 0, 0, 0, 0, 0, 0, 0, 0, 0, 0, 0, 0, 0, 0, 0, 0, 0, 0, 0, 0, 0, 0, 0, 0, 0, 0, 0, 0, 0, 0, 0, 0, 0, 0, 0, 0, 0, 0, 0, 0, 0, 0, 0, 0, 0, 0, 0, 0, 0, 0, 0, 0, 0, 0, 0, 0, 0, 0, 0, 0, 0, 0, 0, 0, 0, 0, 0, 0, 0, 0, 0, 0, 0, 0, 0, 0, 0, 0, 0, 0, 0, 0, 0, 0, 0, 0, 0, 0, 0, 0, 0, 0, 0, 0, 0, 0, 0, 0, 0, 0, 0, 0, 0, 0, 0, 0, 0, 0, 0, 0, 0, 0, 0, 0, 0, 0, 0, 0, 0, 0, 0, 0, 0, 0, 0, 0, 0, 0, 0, 0, 0, 0, 0, 0, 0, 0, 0, 0, 0, 0, 0, 0, 0, 0, 0, 0, 0, 0, 0, 0, 0, 0, 0, 0, 0, 0, 0, 0, 0],
         "height":16,
         "id":106,
         "name":"_ADDONHearth",
         "opacity":1,
         "properties":[
                {
                 "name":"autoPlaceBlockers",
                 "type":"int",
                 "value":2
                }, 
                {
                 "name":"i",
                 "type":"int",
                 "value":11
                }, 
                {
                 "name":"j",
                 "type":"int",
                 "value":11
                }, 
                {
                 "name":"padding-bottom",
                 "type":"int",
                 "value":2
                }, 
                {
                 "name":"padding-left",
                 "type":"int",
                 "value":1
                }, 
                {
                 "name":"padding-right",
                 "type":"int",
                 "value":1
                }, 
                {
                 "name":"padding-top",
                 "type":"int",
                 "value":0
                }, 
                {
                 "name":"scale",
                 "type":"int",
                 "value":2
                }, 
                {
                 "name":"startI",
                 "type":"int",
                 "value":0
                }, 
                {
                 "name":"startJ",
                 "type":"int",
                 "value":0
                }, 
                {
                 "name":"tier",
                 "type":"int",
                 "value":0
                }],
         "type":"tilelayer",
         "visible":true,
         "width":16,
         "x":0,
         "y":0
        }, 
        {
         "data":[0, 74, 0, 0, 0, 0, 0, 0, 0, 74, 0, 0, 0, 0, 0, 0, 74, 74, 74, 0, 74, 0, 74, 0, 74, 74, 74, 0, 0, 0, 0, 0, 74, 74, 72, 74, 71, 74, 71, 74, 72, 74, 74, 0, 0, 0, 0, 0, 74, 72, 74, 71, 73, 71, 73, 71, 74, 72, 74, 0, 0, 0, 0, 0, 74, 74, 0, 74, 71, 71, 71, 74, 0, 74, 74, 0, 0, 0, 0, 0, 74, 0, 0, 0, 74, 74, 74, 0, 0, 0, 74, 0, 0, 0, 0, 0, 0, 0, 0, 0, 0, 0, 0, 0, 0, 0, 0, 0, 0, 0, 0, 0, 0, 0, 0, 0, 0, 0, 0, 0, 0, 0, 0, 0, 0, 0, 0, 0, 0, 0, 0, 0, 0, 0, 0, 0, 0, 0, 0, 0, 0, 0, 0, 0, 0, 0, 0, 0, 0, 0, 0, 0, 0, 0, 0, 0, 0, 0, 0, 0, 0, 0, 0, 0, 0, 0, 0, 0, 0, 0, 0, 0, 0, 0, 0, 0, 0, 0, 0, 0, 0, 0, 0, 0, 0, 0, 0, 0, 0, 0, 0, 0, 0, 0, 0, 0, 0, 0, 0, 0, 0, 0, 0, 0, 0, 0, 0, 0, 0, 0, 0, 0, 0, 0, 0, 0, 0, 0, 0, 0, 0, 0, 0, 0, 0, 0, 0, 0, 0, 0, 0, 0, 0, 0, 0, 0, 0, 0, 0, 0, 0, 0, 0, 0, 0, 0, 0, 0, 0, 0, 0, 0, 0, 0, 0, 0],
         "height":16,
         "id":74,
         "name":"Bat",
         "opacity":1,
         "properties":[
                {
                 "name":"autoPlaceBlockers",
                 "type":"int",
                 "value":2
                }, 
                {
                 "name":"i",
                 "type":"int",
                 "value":11
                }, 
                {
                 "name":"j",
                 "type":"int",
                 "value":8
                }, 
                {
                 "name":"padding-bottom",
                 "type":"int",
                 "value":2
                }, 
                {
                 "name":"padding-left",
                 "type":"int",
                 "value":1
                }, 
                {
                 "name":"padding-right",
                 "type":"int",
                 "value":1
                }, 
                {
                 "name":"padding-top",
                 "type":"int",
                 "value":0
                }, 
                {
                 "name":"scale",
                 "type":"int",
                 "value":2
                }, 
                {
                 "name":"startI",
                 "type":"int",
                 "value":0
                }, 
                {
                 "name":"startJ",
                 "type":"int",
                 "value":0
                }, 
                {
                 "name":"tier",
                 "type":"int",
                 "value":0
                }],
         "type":"tilelayer",
         "visible":true,
         "width":16,
         "x":0,
         "y":0
        }, 
        {
         "data":[0, 0, 0, 0, 0, 0, 0, 0, 0, 0, 0, 0, 0, 0, 0, 0, 0, 0, 0, 0, 0, 0, 0, 0, 0, 0, 0, 0, 0, 0, 0, 0, 0, 0, 0, 0, 0, 0, 0, 0, 0, 0, 0, 0, 0, 0, 0, 0, 0, 0, 0, 0, 97, 0, 97, 0, 0, 0, 0, 0, 0, 0, 0, 0, 0, 0, 0, 0, 0, 0, 0, 0, 0, 0, 0, 0, 0, 0, 0, 0, 0, 0, 0, 0, 0, 0, 0, 0, 0, 0, 0, 0, 0, 0, 0, 0, 0, 0, 0, 0, 0, 0, 0, 0, 0, 0, 0, 0, 0, 0, 0, 0, 0, 0, 0, 0, 0, 0, 0, 0, 0, 0, 0, 0, 0, 0, 0, 0, 0, 0, 0, 0, 0, 0, 0, 0, 0, 0, 0, 0, 0, 0, 0, 0, 0, 0, 0, 0, 0, 0, 0, 0, 0, 0, 0, 0, 0, 0, 0, 0, 0, 0, 0, 0, 0, 0, 0, 0, 0, 0, 0, 0, 0, 0, 0, 0, 0, 0, 0, 0, 0, 0, 0, 0, 0, 0, 0, 0, 0, 0, 0, 0, 0, 0, 0, 0, 0, 0, 0, 0, 0, 0, 0, 0, 0, 0, 0, 0, 0, 0, 0, 0, 0, 0, 0, 0, 0, 0, 0, 0, 0, 0, 0, 0, 0, 0, 0, 0, 0, 0, 0, 0, 0, 0, 0, 0, 0, 0, 0, 0, 0, 0, 0, 0, 0, 0, 0, 0, 0, 0, 0, 0, 0, 0, 0, 0],
         "height":16,
         "id":106,
         "name":"_ADDONBat",
         "opacity":1,
         "properties":[
                {
                 "name":"autoPlaceBlockers",
                 "type":"int",
                 "value":2
                }, 
                {
                 "name":"i",
                 "type":"int",
                 "value":11
                }, 
                {
                 "name":"j",
                 "type":"int",
                 "value":11
                }, 
                {
                 "name":"padding-bottom",
                 "type":"int",
                 "value":2
                }, 
                {
                 "name":"padding-left",
                 "type":"int",
                 "value":1
                }, 
                {
                 "name":"padding-right",
                 "type":"int",
                 "value":1
                }, 
                {
                 "name":"padding-top",
                 "type":"int",
                 "value":0
                }, 
                {
                 "name":"scale",
                 "type":"int",
                 "value":2
                }, 
                {
                 "name":"startI",
                 "type":"int",
                 "value":0
                }, 
                {
                 "name":"startJ",
                 "type":"int",
                 "value":0
                }, 
                {
                 "name":"tier",
                 "type":"int",
                 "value":0
                }],
         "type":"tilelayer",
         "visible":true,
         "width":16,
         "x":0,
         "y":0
        }, 
        {
         "data":[0, 0, 0, 0, 0, 0, 0, 0, 74, 74, 0, 0, 0, 0, 0, 0, 0, 0, 0, 0, 0, 0, 0, 0, 74, 74, 0, 0, 0, 0, 0, 0, 0, 0, 0, 0, 74, 0, 0, 74, 74, 0, 0, 0, 0, 0, 0, 0, 0, 0, 0, 74, 74, 0, 74, 74, 0, 0, 0, 0, 0, 0, 0, 0, 0, 0, 74, 67, 74, 0, 74, 74, 0, 0, 0, 0, 0, 0, 0, 0, 0, 74, 67, 74, 0, 0, 74, 66, 74, 0, 0, 0, 0, 0, 0, 0, 0, 74, 67, 74, 74, 0, 74, 66, 74, 0, 0, 0, 0, 0, 0, 0, 0, 74, 67, 67, 74, 74, 66, 66, 74, 0, 0, 0, 0, 0, 0, 0, 0, 0, 74, 67, 67, 67, 66, 74, 0, 0, 0, 0, 0, 0, 0, 0, 0, 0, 0, 74, 74, 74, 74, 0, 0, 0, 0, 0, 0, 0, 0, 0, 0, 0, 0, 0, 0, 0, 0, 0, 0, 0, 0, 0, 0, 0, 0, 0, 0, 0, 0, 0, 0, 0, 0, 0, 0, 0, 0, 0, 0, 0, 0, 0, 0, 0, 0, 0, 0, 0, 0, 0, 0, 0, 0, 0, 0, 0, 0, 0, 0, 0, 0, 0, 0, 0, 0, 0, 0, 0, 0, 0, 0, 0, 0, 0, 0, 0, 0, 0, 0, 0, 0, 0, 0, 0, 0, 0, 0, 0, 0, 0, 0, 0, 0, 0, 0, 0, 0, 0, 0, 0, 0, 0, 0, 0, 0, 0],
         "height":16,
         "id":74,
         "name":"Fish Hook",
         "opacity":1,
         "properties":[
                {
                 "name":"autoPlaceBlockers",
                 "type":"int",
                 "value":2
                }, 
                {
                 "name":"i",
                 "type":"int",
                 "value":10
                }, 
                {
                 "name":"j",
                 "type":"int",
                 "value":12
                }, 
                {
                 "name":"padding-bottom",
                 "type":"int",
                 "value":2
                }, 
                {
                 "name":"padding-left",
                 "type":"int",
                 "value":1
                }, 
                {
                 "name":"padding-right",
                 "type":"int",
                 "value":1
                }, 
                {
                 "name":"padding-top",
                 "type":"int",
                 "value":0
                }, 
                {
                 "name":"scale",
                 "type":"int",
                 "value":2
                }, 
                {
                 "name":"startI",
                 "type":"int",
                 "value":0
                }, 
                {
                 "name":"startJ",
                 "type":"int",
                 "value":0
                }, 
                {
                 "name":"tier",
                 "type":"int",
                 "value":0
                }],
         "type":"tilelayer",
         "visible":true,
         "width":16,
         "x":0,
         "y":0
        }, 
        {
         "data":[0, 0, 0, 0, 0, 0, 0, 0, 0, 0, 0, 0, 0, 0, 0, 0, 0, 0, 0, 0, 0, 0, 0, 0, 0, 0, 0, 0, 0, 0, 0, 0, 0, 0, 0, 0, 0, 0, 0, 0, 0, 0, 0, 0, 0, 0, 0, 0, 0, 0, 0, 0, 0, 0, 0, 0, 0, 0, 0, 0, 0, 0, 0, 0, 0, 0, 0, 0, 0, 0, 0, 0, 0, 0, 0, 0, 0, 0, 0, 0, 0, 0, 0, 0, 0, 0, 0, 0, 0, 0, 0, 0, 0, 0, 0, 0, 0, 0, 0, 0, 0, 0, 0, 0, 0, 0, 0, 0, 0, 0, 0, 0, 0, 0, 0, 0, 0, 0, 0, 0, 0, 0, 0, 0, 0, 0, 0, 0, 0, 0, 0, 0, 0, 0, 0, 0, 0, 0, 0, 0, 0, 0, 0, 0, 0, 0, 0, 0, 0, 0, 0, 0, 0, 0, 0, 0, 0, 0, 0, 0, 0, 0, 0, 0, 0, 0, 0, 0, 0, 0, 0, 0, 0, 0, 0, 0, 0, 0, 0, 0, 0, 0, 0, 0, 0, 0, 0, 0, 0, 0, 0, 0, 0, 0, 0, 0, 0, 0, 0, 0, 0, 0, 0, 0, 0, 0, 0, 0, 0, 0, 0, 0, 0, 0, 0, 0, 0, 0, 0, 0, 0, 0, 0, 0, 0, 0, 0, 0, 0, 0, 0, 0, 0, 0, 0, 0, 0, 0, 0, 0, 0, 0, 0, 0, 0, 0, 0, 0, 0, 0, 0, 0, 0, 0, 0, 0],
         "height":16,
         "id":106,
         "name":"_ADDONFish",
         "opacity":1,
         "properties":[
                {
                 "name":"autoPlaceBlockers",
                 "type":"int",
                 "value":2
                }, 
                {
                 "name":"i",
                 "type":"int",
                 "value":11
                }, 
                {
                 "name":"j",
                 "type":"int",
                 "value":11
                }, 
                {
                 "name":"padding-bottom",
                 "type":"int",
                 "value":2
                }, 
                {
                 "name":"padding-left",
                 "type":"int",
                 "value":1
                }, 
                {
                 "name":"padding-right",
                 "type":"int",
                 "value":1
                }, 
                {
                 "name":"padding-top",
                 "type":"int",
                 "value":0
                }, 
                {
                 "name":"scale",
                 "type":"int",
                 "value":2
                }, 
                {
                 "name":"startI",
                 "type":"int",
                 "value":0
                }, 
                {
                 "name":"startJ",
                 "type":"int",
                 "value":0
                }, 
                {
                 "name":"tier",
                 "type":"int",
                 "value":0
                }],
         "type":"tilelayer",
         "visible":true,
         "width":16,
         "x":0,
         "y":0
        }, 
        {
         "data":[0, 0, 0, 0, 0, 0, 0, 0, 0, 0, 0, 0, 0, 0, 0, 0, 0, 0, 74, 74, 74, 74, 74, 0, 0, 0, 0, 0, 0, 0, 0, 0, 0, 74, 65, 77, 77, 77, 65, 74, 0, 0, 0, 0, 0, 0, 0, 0, 0, 74, 65, 77, 77, 77, 65, 74, 0, 0, 0, 0, 0, 0, 0, 0, 74, 65, 74, 65, 65, 65, 74, 68, 74, 0, 0, 0, 0, 0, 0, 0, 74, 65, 68, 74, 74, 74, 68, 68, 74, 0, 0, 0, 0, 0, 0, 0, 74, 65, 65, 68, 68, 68, 68, 68, 74, 0, 0, 0, 0, 0, 0, 0, 0, 74, 65, 65, 65, 65, 68, 74, 0, 0, 0, 0, 0, 0, 0, 0, 0, 0, 74, 74, 74, 74, 74, 0, 0, 0, 0, 0, 0, 0, 0, 0, 0, 0, 0, 0, 0, 0, 0, 0, 0, 0, 0, 0, 0, 0, 0, 0, 0, 0, 0, 0, 0, 0, 0, 0, 0, 0, 0, 0, 0, 0, 0, 0, 0, 0, 0, 0, 0, 0, 0, 0, 0, 0, 0, 0, 0, 0, 0, 0, 0, 0, 0, 0, 0, 0, 0, 0, 0, 0, 0, 0, 0, 0, 0, 0, 0, 0, 0, 0, 0, 0, 0, 0, 0, 0, 0, 0, 0, 0, 0, 0, 0, 0, 0, 0, 0, 0, 0, 0, 0, 0, 0, 0, 0, 0, 0, 0, 0, 0, 0, 0, 0, 0, 0, 0, 0, 0, 0, 0, 0, 0, 0, 0],
         "height":16,
         "id":74,
         "name":"Pot",
         "opacity":1,
         "properties":[
                {
                 "name":"autoPlaceBlockers",
                 "type":"int",
                 "value":2
                }, 
                {
                 "name":"i",
                 "type":"int",
                 "value":9
                }, 
                {
                 "name":"j",
                 "type":"int",
                 "value":11
                }, 
                {
                 "name":"padding-bottom",
                 "type":"int",
                 "value":2
                }, 
                {
                 "name":"padding-left",
                 "type":"int",
                 "value":1
                }, 
                {
                 "name":"padding-right",
                 "type":"int",
                 "value":1
                }, 
                {
                 "name":"padding-top",
                 "type":"int",
                 "value":0
                }, 
                {
                 "name":"scale",
                 "type":"int",
                 "value":2
                }, 
                {
                 "name":"startI",
                 "type":"int",
                 "value":0
                }, 
                {
                 "name":"startJ",
                 "type":"int",
                 "value":0
                }, 
                {
                 "name":"tier",
                 "type":"int",
                 "value":0
                }],
         "type":"tilelayer",
         "visible":true,
         "width":16,
         "x":0,
         "y":0
        }, 
        {
         "data":[0, 0, 0, 74, 74, 74, 0, 0, 0, 0, 0, 0, 0, 0, 0, 0, 0, 0, 74, 76, 76, 73, 74, 0, 0, 0, 0, 0, 0, 0, 0, 0, 0, 74, 76, 74, 74, 74, 73, 74, 0, 0, 0, 0, 0, 0, 0, 0, 0, 74, 76, 74, 65, 74, 73, 74, 0, 0, 0, 0, 0, 0, 0, 0, 0, 74, 76, 74, 74, 74, 73, 74, 0, 0, 0, 0, 0, 0, 0, 0, 0, 0, 74, 76, 73, 73, 74, 0, 0, 0, 0, 0, 0, 0, 0, 0, 0, 0, 0, 74, 73, 74, 0, 0, 0, 0, 0, 0, 0, 0, 0, 0, 0, 0, 0, 74, 73, 74, 0, 0, 0, 0, 0, 0, 0, 0, 0, 0, 0, 0, 74, 74, 73, 74, 0, 0, 0, 0, 0, 0, 0, 0, 0, 0, 0, 0, 74, 73, 73, 74, 0, 0, 0, 0, 0, 0, 0, 0, 0, 0, 0, 0, 74, 74, 74, 74, 0, 0, 0, 0, 0, 0, 0, 0, 0, 0, 0, 0, 0, 0, 0, 0, 0, 0, 0, 0, 0, 0, 0, 0, 0, 0, 0, 0, 0, 0, 0, 0, 0, 0, 0, 0, 0, 0, 0, 0, 0, 0, 0, 0, 0, 0, 0, 0, 0, 0, 0, 0, 0, 0, 0, 0, 0, 0, 0, 0, 0, 0, 0, 0, 0, 0, 0, 0, 0, 0, 0, 0, 0, 0, 0, 0, 0, 0, 0, 0, 0, 0, 0, 0, 0, 0, 0, 0, 0, 0],
         "height":16,
         "id":74,
         "name":"Key",
         "opacity":1,
         "properties":[
                {
                 "name":"autoPlaceBlockers",
                 "type":"int",
                 "value":2
                }, 
                {
                 "name":"i",
                 "type":"int",
                 "value":9
                }, 
                {
                 "name":"j",
                 "type":"int",
                 "value":12
                }, 
                {
                 "name":"padding-bottom",
                 "type":"int",
                 "value":2
                }, 
                {
                 "name":"padding-left",
                 "type":"int",
                 "value":1
                }, 
                {
                 "name":"padding-right",
                 "type":"int",
                 "value":1
                }, 
                {
                 "name":"padding-top",
                 "type":"int",
                 "value":0
                }, 
                {
                 "name":"scale",
                 "type":"int",
                 "value":2
                }, 
                {
                 "name":"startI",
                 "type":"int",
                 "value":0
                }, 
                {
                 "name":"startJ",
                 "type":"int",
                 "value":0
                }, 
                {
                 "name":"tier",
                 "type":"int",
                 "value":0
                }],
         "type":"tilelayer",
         "visible":true,
         "width":16,
         "x":0,
         "y":0
        }, 
        {
         "data":[0, 0, 0, 0, 0, 0, 0, 0, 0, 0, 0, 0, 0, 0, 0, 0, 0, 0, 0, 0, 0, 0, 0, 0, 0, 0, 0, 0, 0, 0, 0, 0, 0, 0, 0, 0, 0, 0, 0, 0, 0, 0, 0, 0, 0, 0, 0, 0, 0, 0, 0, 0, 97, 0, 0, 0, 0, 0, 0, 0, 0, 0, 0, 0, 0, 0, 0, 0, 0, 0, 0, 0, 0, 0, 0, 0, 0, 0, 0, 0, 0, 0, 0, 0, 0, 0, 0, 0, 0, 0, 0, 0, 0, 0, 0, 0, 0, 0, 0, 0, 0, 0, 0, 0, 0, 0, 0, 0, 0, 0, 0, 0, 0, 0, 0, 0, 0, 0, 0, 0, 0, 0, 0, 0, 0, 0, 0, 0, 0, 0, 0, 0, 0, 0, 0, 0, 0, 0, 0, 0, 0, 0, 0, 0, 0, 0, 0, 0, 0, 0, 0, 0, 0, 0, 0, 0, 0, 0, 0, 0, 0, 0, 0, 0, 0, 0, 0, 0, 0, 0, 0, 0, 0, 0, 0, 0, 0, 0, 0, 0, 0, 0, 0, 0, 0, 0, 0, 0, 0, 0, 0, 0, 0, 0, 0, 0, 0, 0, 0, 0, 0, 0, 0, 0, 0, 0, 0, 0, 0, 0, 0, 0, 0, 0, 0, 0, 0, 0, 0, 0, 0, 0, 0, 0, 0, 0, 0, 0, 0, 0, 0, 0, 0, 0, 0, 0, 0, 0, 0, 0, 0, 0, 0, 0, 0, 0, 0, 0, 0, 0, 0, 0, 0, 0, 0, 0],
         "height":16,
         "id":106,
         "name":"_ADDONKey",
         "opacity":1,
         "properties":[
                {
                 "name":"autoPlaceBlockers",
                 "type":"int",
                 "value":2
                }, 
                {
                 "name":"i",
                 "type":"int",
                 "value":11
                }, 
                {
                 "name":"j",
                 "type":"int",
                 "value":11
                }, 
                {
                 "name":"padding-bottom",
                 "type":"int",
                 "value":2
                }, 
                {
                 "name":"padding-left",
                 "type":"int",
                 "value":1
                }, 
                {
                 "name":"padding-right",
                 "type":"int",
                 "value":1
                }, 
                {
                 "name":"padding-top",
                 "type":"int",
                 "value":0
                }, 
                {
                 "name":"scale",
                 "type":"int",
                 "value":2
                }, 
                {
                 "name":"startI",
                 "type":"int",
                 "value":0
                }, 
                {
                 "name":"startJ",
                 "type":"int",
                 "value":0
                }, 
                {
                 "name":"tier",
                 "type":"int",
                 "value":0
                }],
         "type":"tilelayer",
         "visible":true,
         "width":16,
         "x":0,
         "y":0
        }, 
        {
         "data":[0, 0, 0, 0, 0, 74, 0, 0, 0, 0, 0, 0, 0, 0, 0, 0, 0, 0, 74, 0, 74, 70, 74, 74, 0, 0, 0, 0, 0, 0, 0, 0, 0, 74, 70, 74, 70, 69, 74, 70, 74, 0, 0, 0, 0, 0, 0, 0, 0, 74, 69, 70, 73, 69, 70, 69, 74, 0, 0, 0, 0, 0, 0, 0, 0, 74, 70, 69, 69, 73, 69, 70, 74, 0, 0, 0, 0, 0, 0, 0, 0, 74, 74, 70, 73, 73, 70, 74, 74, 0, 0, 0, 0, 0, 0, 0, 0, 74, 66, 74, 74, 74, 74, 66, 74, 0, 0, 0, 0, 0, 0, 0, 0, 0, 74, 66, 73, 73, 66, 74, 0, 0, 0, 0, 0, 0, 0, 0, 0, 0, 0, 74, 74, 74, 74, 0, 0, 0, 0, 0, 0, 0, 0, 0, 0, 0, 0, 74, 71, 71, 74, 0, 0, 0, 0, 0, 0, 0, 0, 0, 0, 0, 0, 0, 74, 74, 0, 0, 0, 0, 0, 0, 0, 0, 0, 0, 0, 0, 0, 0, 0, 0, 0, 0, 0, 0, 0, 0, 0, 0, 0, 0, 0, 0, 0, 0, 0, 0, 0, 0, 0, 0, 0, 0, 0, 0, 0, 0, 0, 0, 0, 0, 0, 0, 0, 0, 0, 0, 0, 0, 0, 0, 0, 0, 0, 0, 0, 0, 0, 0, 0, 0, 0, 0, 0, 0, 0, 0, 0, 0, 0, 0, 0, 0, 0, 0, 0, 0, 0, 0, 0, 0, 0, 0, 0, 0],
         "height":16,
         "id":74,
         "name":"Torch",
         "opacity":1,
         "properties":[
                {
                 "name":"autoPlaceBlockers",
                 "type":"int",
                 "value":2
                }, 
                {
                 "name":"i",
                 "type":"int",
                 "value":10
                }, 
                {
                 "name":"j",
                 "type":"int",
                 "value":12
                }, 
                {
                 "name":"padding-bottom",
                 "type":"int",
                 "value":2
                }, 
                {
                 "name":"padding-left",
                 "type":"int",
                 "value":1
                }, 
                {
                 "name":"padding-right",
                 "type":"int",
                 "value":1
                }, 
                {
                 "name":"padding-top",
                 "type":"int",
                 "value":0
                }, 
                {
                 "name":"scale",
                 "type":"int",
                 "value":2
                }, 
                {
                 "name":"startI",
                 "type":"int",
                 "value":0
                }, 
                {
                 "name":"startJ",
                 "type":"int",
                 "value":0
                }, 
                {
                 "name":"tier",
                 "type":"int",
                 "value":0
                }],
         "type":"tilelayer",
         "visible":true,
         "width":16,
         "x":0,
         "y":0
        }, 
        {
         "data":[0, 0, 0, 0, 0, 0, 0, 0, 0, 0, 0, 0, 0, 0, 0, 0, 0, 0, 0, 0, 0, 0, 0, 0, 0, 0, 0, 0, 0, 0, 0, 0, 0, 0, 0, 0, 0, 0, 0, 0, 0, 0, 0, 0, 0, 0, 0, 0, 0, 0, 0, 0, 97, 0, 0, 0, 0, 0, 0, 0, 0, 0, 0, 0, 0, 0, 0, 0, 0, 97, 0, 0, 0, 0, 0, 0, 0, 0, 0, 0, 0, 0, 0, 0, 97, 97, 0, 0, 0, 0, 0, 0, 0, 0, 0, 0, 0, 0, 0, 0, 0, 0, 0, 0, 0, 0, 0, 0, 0, 0, 0, 0, 0, 0, 0, 0, 97, 97, 0, 0, 0, 0, 0, 0, 0, 0, 0, 0, 0, 0, 0, 0, 0, 0, 0, 0, 0, 0, 0, 0, 0, 0, 0, 0, 0, 0, 0, 0, 0, 0, 0, 0, 0, 0, 0, 0, 0, 0, 0, 0, 0, 0, 0, 0, 0, 0, 0, 0, 0, 0, 0, 0, 0, 0, 0, 0, 0, 0, 0, 0, 0, 0, 0, 0, 0, 0, 0, 0, 0, 0, 0, 0, 0, 0, 0, 0, 0, 0, 0, 0, 0, 0, 0, 0, 0, 0, 0, 0, 0, 0, 0, 0, 0, 0, 0, 0, 0, 0, 0, 0, 0, 0, 0, 0, 0, 0, 0, 0, 0, 0, 0, 0, 0, 0, 0, 0, 0, 0, 0, 0, 0, 0, 0, 0, 0, 0, 0, 0, 0, 0, 0, 0, 0, 0, 0, 0],
         "height":16,
         "id":106,
         "name":"_ADDONTorch",
         "opacity":1,
         "properties":[
                {
                 "name":"autoPlaceBlockers",
                 "type":"int",
                 "value":2
                }, 
                {
                 "name":"i",
                 "type":"int",
                 "value":11
                }, 
                {
                 "name":"j",
                 "type":"int",
                 "value":11
                }, 
                {
                 "name":"padding-bottom",
                 "type":"int",
                 "value":2
                }, 
                {
                 "name":"padding-left",
                 "type":"int",
                 "value":1
                }, 
                {
                 "name":"padding-right",
                 "type":"int",
                 "value":1
                }, 
                {
                 "name":"padding-top",
                 "type":"int",
                 "value":0
                }, 
                {
                 "name":"scale",
                 "type":"int",
                 "value":2
                }, 
                {
                 "name":"startI",
                 "type":"int",
                 "value":0
                }, 
                {
                 "name":"startJ",
                 "type":"int",
                 "value":0
                }, 
                {
                 "name":"tier",
                 "type":"int",
                 "value":0
                }],
         "type":"tilelayer",
         "visible":true,
         "width":16,
         "x":0,
         "y":0
        }, 
        {
         "data":[0, 0, 0, 74, 74, 74, 74, 74, 0, 0, 0, 0, 0, 0, 0, 0, 0, 0, 74, 73, 73, 73, 73, 73, 74, 74, 0, 0, 0, 0, 0, 0, 0, 74, 73, 74, 74, 65, 65, 65, 65, 65, 74, 0, 0, 0, 0, 0, 0, 74, 65, 74, 65, 65, 74, 74, 65, 65, 74, 0, 0, 0, 0, 0, 0, 74, 65, 65, 65, 65, 74, 74, 68, 68, 74, 0, 0, 0, 0, 0, 0, 74, 65, 74, 65, 68, 68, 68, 68, 68, 74, 0, 0, 0, 0, 0, 74, 65, 65, 65, 65, 68, 68, 68, 68, 74, 0, 0, 0, 0, 0, 0, 74, 65, 74, 65, 68, 68, 74, 74, 74, 0, 0, 0, 0, 0, 0, 0, 74, 74, 65, 68, 68, 74, 0, 0, 0, 0, 0, 0, 0, 0, 0, 0, 0, 74, 74, 74, 74, 0, 0, 0, 0, 0, 0, 0, 0, 0, 0, 0, 0, 0, 0, 0, 0, 0, 0, 0, 0, 0, 0, 0, 0, 0, 0, 0, 0, 0, 0, 0, 0, 0, 0, 0, 0, 0, 0, 0, 0, 0, 0, 0, 0, 0, 0, 0, 0, 0, 0, 0, 0, 0, 0, 0, 0, 0, 0, 0, 0, 0, 0, 0, 0, 0, 0, 0, 0, 0, 0, 0, 0, 0, 0, 0, 0, 0, 0, 0, 0, 0, 0, 0, 0, 0, 0, 0, 0, 0, 0, 0, 0, 0, 0, 0, 0, 0, 0, 0, 0, 0, 0, 0, 0, 0, 0, 0],
         "height":16,
         "id":74,
         "name":"Skull",
         "opacity":1,
         "properties":[
                {
                 "name":"autoPlaceBlockers",
                 "type":"int",
                 "value":2
                }, 
                {
                 "name":"i",
                 "type":"int",
                 "value":11
                }, 
                {
                 "name":"j",
                 "type":"int",
                 "value":12
                }, 
                {
                 "name":"padding-bottom",
                 "type":"int",
                 "value":2
                }, 
                {
                 "name":"padding-left",
                 "type":"int",
                 "value":1
                }, 
                {
                 "name":"padding-right",
                 "type":"int",
                 "value":1
                }, 
                {
                 "name":"padding-top",
                 "type":"int",
                 "value":0
                }, 
                {
                 "name":"scale",
                 "type":"int",
                 "value":2
                }, 
                {
                 "name":"startI",
                 "type":"int",
                 "value":0
                }, 
                {
                 "name":"startJ",
                 "type":"int",
                 "value":0
                }, 
                {
                 "name":"tier",
                 "type":"int",
                 "value":0
                }],
         "type":"tilelayer",
         "visible":true,
         "width":16,
         "x":0,
         "y":0
        }, 
        {
         "data":[0, 0, 0, 0, 0, 0, 0, 0, 0, 0, 0, 0, 0, 0, 0, 0, 0, 0, 0, 97, 97, 97, 97, 97, 0, 0, 0, 0, 0, 0, 0, 0, 0, 0, 97, 0, 0, 0, 0, 0, 0, 0, 0, 0, 0, 0, 0, 0, 0, 0, 0, 0, 0, 0, 0, 0, 0, 0, 0, 0, 0, 0, 0, 0, 0, 0, 0, 0, 0, 0, 0, 0, 0, 0, 0, 0, 0, 0, 0, 0, 0, 0, 0, 0, 0, 0, 0, 0, 0, 0, 0, 0, 0, 0, 0, 0, 0, 0, 0, 0, 0, 0, 0, 0, 0, 0, 0, 0, 0, 0, 0, 0, 0, 0, 0, 0, 0, 0, 0, 0, 0, 0, 0, 0, 0, 0, 0, 0, 0, 0, 0, 0, 0, 0, 0, 0, 0, 0, 0, 0, 0, 0, 0, 0, 0, 0, 0, 0, 0, 0, 0, 0, 0, 0, 0, 0, 0, 0, 0, 0, 0, 0, 0, 0, 0, 0, 0, 0, 0, 0, 0, 0, 0, 0, 0, 0, 0, 0, 0, 0, 0, 0, 0, 0, 0, 0, 0, 0, 0, 0, 0, 0, 0, 0, 0, 0, 0, 0, 0, 0, 0, 0, 0, 0, 0, 0, 0, 0, 0, 0, 0, 0, 0, 0, 0, 0, 0, 0, 0, 0, 0, 0, 0, 0, 0, 0, 0, 0, 0, 0, 0, 0, 0, 0, 0, 0, 0, 0, 0, 0, 0, 0, 0, 0, 0, 0, 0, 0, 0, 0, 0, 0, 0, 0, 0, 0],
         "height":16,
         "id":106,
         "name":"_ADDONSkull",
         "opacity":1,
         "properties":[
                {
                 "name":"autoPlaceBlockers",
                 "type":"int",
                 "value":2
                }, 
                {
                 "name":"i",
                 "type":"int",
                 "value":11
                }, 
                {
                 "name":"j",
                 "type":"int",
                 "value":11
                }, 
                {
                 "name":"padding-bottom",
                 "type":"int",
                 "value":2
                }, 
                {
                 "name":"padding-left",
                 "type":"int",
                 "value":1
                }, 
                {
                 "name":"padding-right",
                 "type":"int",
                 "value":1
                }, 
                {
                 "name":"padding-top",
                 "type":"int",
                 "value":0
                }, 
                {
                 "name":"scale",
                 "type":"int",
                 "value":2
                }, 
                {
                 "name":"startI",
                 "type":"int",
                 "value":0
                }, 
                {
                 "name":"startJ",
                 "type":"int",
                 "value":0
                }, 
                {
                 "name":"tier",
                 "type":"int",
                 "value":0
                }],
         "type":"tilelayer",
         "visible":true,
         "width":16,
         "x":0,
         "y":0
        }, 
        {
         "data":[0, 0, 0, 0, 0, 0, 0, 0, 0, 0, 0, 0, 0, 0, 0, 0, 0, 0, 0, 0, 0, 0, 0, 0, 0, 0, 0, 0, 0, 0, 0, 0, 0, 0, 0, 97, 97, 97, 0, 0, 0, 0, 0, 0, 0, 0, 0, 0, 0, 0, 0, 97, 97, 97, 0, 0, 0, 0, 0, 0, 0, 0, 0, 0, 0, 0, 0, 0, 0, 0, 0, 0, 0, 0, 0, 0, 0, 0, 0, 0, 0, 0, 0, 0, 0, 0, 0, 0, 0, 0, 0, 0, 0, 0, 0, 0, 0, 0, 0, 0, 0, 0, 0, 0, 0, 0, 0, 0, 0, 0, 0, 0, 0, 0, 0, 0, 0, 0, 0, 0, 0, 0, 0, 0, 0, 0, 0, 0, 0, 0, 0, 0, 0, 0, 0, 0, 0, 0, 0, 0, 0, 0, 0, 0, 0, 0, 0, 0, 0, 0, 0, 0, 0, 0, 0, 0, 0, 0, 0, 0, 0, 0, 0, 0, 0, 0, 0, 0, 0, 0, 0, 0, 0, 0, 0, 0, 0, 0, 0, 0, 0, 0, 0, 0, 0, 0, 0, 0, 0, 0, 0, 0, 0, 0, 0, 0, 0, 0, 0, 0, 0, 0, 0, 0, 0, 0, 0, 0, 0, 0, 0, 0, 0, 0, 0, 0, 0, 0, 0, 0, 0, 0, 0, 0, 0, 0, 0, 0, 0, 0, 0, 0, 0, 0, 0, 0, 0, 0, 0, 0, 0, 0, 0, 0, 0, 0, 0, 0, 0, 0, 0, 0, 0, 0, 0, 0],
         "height":16,
         "id":106,
         "name":"_ADDONPot",
         "opacity":1,
         "properties":[
                {
                 "name":"autoPlaceBlockers",
                 "type":"int",
                 "value":2
                }, 
                {
                 "name":"i",
                 "type":"int",
                 "value":11
                }, 
                {
                 "name":"j",
                 "type":"int",
                 "value":11
                }, 
                {
                 "name":"padding-bottom",
                 "type":"int",
                 "value":2
                }, 
                {
                 "name":"padding-left",
                 "type":"int",
                 "value":1
                }, 
                {
                 "name":"padding-right",
                 "type":"int",
                 "value":1
                }, 
                {
                 "name":"padding-top",
                 "type":"int",
                 "value":0
                }, 
                {
                 "name":"scale",
                 "type":"int",
                 "value":2
                }, 
                {
                 "name":"startI",
                 "type":"int",
                 "value":0
                }, 
                {
                 "name":"startJ",
                 "type":"int",
                 "value":0
                }, 
                {
                 "name":"tier",
                 "type":"int",
                 "value":0
                }],
         "type":"tilelayer",
         "visible":true,
         "width":16,
         "x":0,
         "y":0
        }, 
        {
         "data":[0, 0, 74, 74, 74, 74, 74, 74, 74, 0, 0, 0, 0, 0, 0, 0, 0, 0, 74, 66, 66, 66, 67, 67, 74, 0, 0, 0, 0, 0, 0, 0, 74, 74, 74, 74, 66, 66, 67, 74, 74, 74, 74, 0, 0, 0, 0, 0, 74, 66, 66, 74, 66, 66, 67, 74, 66, 66, 74, 0, 0, 0, 0, 0, 74, 66, 74, 74, 66, 66, 67, 74, 74, 66, 74, 0, 0, 0, 0, 0, 74, 66, 66, 74, 66, 66, 67, 74, 66, 66, 74, 0, 0, 0, 0, 0, 0, 74, 67, 74, 66, 66, 67, 74, 67, 74, 0, 0, 0, 0, 0, 0, 0, 0, 74, 66, 66, 67, 67, 67, 74, 0, 0, 0, 0, 0, 0, 0, 0, 0, 74, 66, 66, 67, 67, 67, 74, 0, 0, 0, 0, 0, 0, 0, 0, 0, 0, 74, 74, 67, 74, 74, 0, 0, 0, 0, 0, 0, 0, 0, 0, 0, 0, 0, 74, 67, 74, 0, 0, 0, 0, 0, 0, 0, 0, 0, 0, 0, 74, 74, 74, 74, 74, 74, 74, 0, 0, 0, 0, 0, 0, 0, 0, 0, 0, 0, 0, 0, 0, 0, 0, 0, 0, 0, 0, 0, 0, 0, 0, 0, 0, 0, 0, 0, 0, 0, 0, 0, 0, 0, 0, 0, 0, 0, 0, 0, 0, 0, 0, 0, 0, 0, 0, 0, 0, 0, 0, 0, 0, 0, 0, 0, 0, 0, 0, 0, 0, 0, 0, 0, 0, 0, 0, 0, 0, 0],
         "height":16,
         "id":115,
         "name":"Trophy",
         "opacity":1,
         "properties":[
                {
                 "name":"autoPlaceBlockers",
                 "type":"int",
                 "value":2
                }, 
                {
                 "name":"i",
                 "type":"int",
                 "value":9
                }, 
                {
                 "name":"j",
                 "type":"int",
                 "value":12
                }, 
                {
                 "name":"padding-bottom",
                 "type":"int",
                 "value":2
                }, 
                {
                 "name":"padding-left",
                 "type":"int",
                 "value":1
                }, 
                {
                 "name":"padding-right",
                 "type":"int",
                 "value":1
                }, 
                {
                 "name":"padding-top",
                 "type":"int",
                 "value":0
                }, 
                {
                 "name":"scale",
                 "type":"int",
                 "value":2
                }, 
                {
                 "name":"startI",
                 "type":"int",
                 "value":0
                }, 
                {
                 "name":"startJ",
                 "type":"int",
                 "value":0
                }, 
                {
                 "name":"tier",
                 "type":"int",
                 "value":0
                }],
         "type":"tilelayer",
         "visible":true,
         "width":16,
         "x":0,
         "y":0
        }, 
        {
         "data":[0, 0, 0, 0, 0, 0, 0, 0, 0, 0, 0, 0, 0, 0, 0, 0, 0, 74, 74, 74, 74, 74, 74, 74, 74, 74, 0, 0, 0, 0, 0, 0, 0, 74, 73, 73, 73, 73, 73, 73, 73, 74, 0, 0, 0, 0, 0, 0, 0, 74, 73, 74, 74, 73, 74, 74, 73, 74, 0, 0, 0, 0, 0, 0, 0, 74, 73, 74, 74, 73, 74, 74, 73, 74, 0, 0, 0, 0, 0, 0, 0, 74, 73, 73, 73, 73, 73, 73, 73, 74, 0, 0, 0, 0, 0, 0, 0, 74, 74, 74, 74, 74, 74, 74, 74, 74, 0, 0, 0, 0, 0, 0, 0, 74, 65, 70, 70, 74, 70, 70, 73, 74, 0, 0, 0, 0, 0, 0, 0, 74, 65, 70, 70, 74, 70, 70, 73, 74, 0, 0, 0, 0, 0, 0, 0, 74, 65, 65, 65, 65, 65, 73, 73, 74, 0, 0, 0, 0, 0, 0, 0, 74, 74, 74, 74, 74, 74, 74, 74, 74, 0, 0, 0, 0, 0, 0, 0, 0, 0, 0, 0, 0, 0, 0, 0, 0, 0, 0, 0, 0, 0, 0, 0, 0, 0, 0, 0, 0, 0, 0, 0, 0, 0, 0, 0, 0, 0, 0, 0, 0, 0, 0, 0, 0, 0, 0, 0, 0, 0, 0, 0, 0, 0, 0, 0, 0, 0, 0, 0, 0, 0, 0, 0, 0, 0, 0, 0, 0, 0, 0, 0, 0, 0, 0, 0, 0, 0, 0, 0, 0, 0, 0, 0, 0, 0, 0],
         "height":16,
         "id":74,
         "name":"Chest",
         "opacity":1,
         "properties":[
                {
                 "name":"autoPlaceBlockers",
                 "type":"int",
                 "value":2
                }, 
                {
                 "name":"i",
                 "type":"int",
                 "value":11
                }, 
                {
                 "name":"j",
                 "type":"int",
                 "value":12
                }, 
                {
                 "name":"padding-bottom",
                 "type":"int",
                 "value":2
                }, 
                {
                 "name":"padding-left",
                 "type":"int",
                 "value":1
                }, 
                {
                 "name":"padding-right",
                 "type":"int",
                 "value":1
                }, 
                {
                 "name":"padding-top",
                 "type":"int",
                 "value":0
                }, 
                {
                 "name":"scale",
                 "type":"int",
                 "value":2
                }, 
                {
                 "name":"startI",
                 "type":"int",
                 "value":0
                }, 
                {
                 "name":"startJ",
                 "type":"int",
                 "value":0
                }, 
                {
                 "name":"tier",
                 "type":"int",
                 "value":0
                }],
         "type":"tilelayer",
         "visible":true,
         "width":16,
         "x":0,
         "y":0
        }, 
        {
         "data":[0, 0, 0, 0, 0, 0, 0, 0, 0, 0, 0, 0, 0, 0, 0, 0, 0, 0, 0, 0, 0, 0, 0, 0, 0, 0, 0, 0, 0, 0, 0, 0, 0, 0, 0, 0, 0, 0, 0, 0, 0, 0, 0, 0, 0, 0, 0, 0, 0, 0, 0, 0, 0, 0, 0, 0, 0, 0, 0, 0, 0, 0, 0, 0, 0, 0, 0, 0, 0, 0, 0, 0, 0, 0, 0, 0, 0, 0, 0, 0, 0, 0, 0, 0, 0, 0, 0, 0, 0, 0, 0, 0, 0, 0, 0, 0, 0, 0, 0, 0, 0, 0, 0, 0, 0, 0, 0, 0, 0, 0, 0, 0, 0, 0, 97, 0, 0, 0, 0, 0, 0, 0, 0, 0, 0, 0, 0, 0, 0, 0, 97, 0, 0, 0, 0, 0, 0, 0, 0, 0, 0, 0, 0, 0, 0, 0, 97, 97, 97, 97, 97, 0, 0, 0, 0, 0, 0, 0, 0, 0, 0, 0, 0, 0, 0, 0, 0, 0, 0, 0, 0, 0, 0, 0, 0, 0, 0, 0, 0, 0, 0, 0, 0, 0, 0, 0, 0, 0, 0, 0, 0, 0, 0, 0, 0, 0, 0, 0, 0, 0, 0, 0, 0, 0, 0, 0, 0, 0, 0, 0, 0, 0, 0, 0, 0, 0, 0, 0, 0, 0, 0, 0, 0, 0, 0, 0, 0, 0, 0, 0, 0, 0, 0, 0, 0, 0, 0, 0, 0, 0, 0, 0, 0, 0, 0, 0, 0, 0, 0, 0, 0, 0, 0, 0, 0, 0],
         "height":16,
         "id":106,
         "name":"_ADDONChest",
         "opacity":1,
         "properties":[
                {
                 "name":"autoPlaceBlockers",
                 "type":"int",
                 "value":2
                }, 
                {
                 "name":"i",
                 "type":"int",
                 "value":11
                }, 
                {
                 "name":"j",
                 "type":"int",
                 "value":11
                }, 
                {
                 "name":"padding-bottom",
                 "type":"int",
                 "value":2
                }, 
                {
                 "name":"padding-left",
                 "type":"int",
                 "value":1
                }, 
                {
                 "name":"padding-right",
                 "type":"int",
                 "value":1
                }, 
                {
                 "name":"padding-top",
                 "type":"int",
                 "value":0
                }, 
                {
                 "name":"scale",
                 "type":"int",
                 "value":2
                }, 
                {
                 "name":"startI",
                 "type":"int",
                 "value":0
                }, 
                {
                 "name":"startJ",
                 "type":"int",
                 "value":0
                }, 
                {
                 "name":"tier",
                 "type":"int",
                 "value":0
                }],
         "type":"tilelayer",
         "visible":true,
         "width":16,
         "x":0,
         "y":0
        }, 
        {
         "data":[0, 74, 74, 74, 74, 74, 74, 74, 74, 0, 0, 0, 0, 0, 0, 0, 74, 73, 73, 73, 73, 73, 73, 73, 73, 74, 0, 0, 0, 0, 0, 0, 74, 74, 73, 73, 73, 73, 73, 73, 74, 74, 0, 0, 0, 0, 0, 0, 74, 73, 74, 73, 73, 73, 73, 74, 73, 74, 0, 0, 0, 0, 0, 0, 74, 73, 73, 74, 73, 73, 74, 73, 73, 74, 0, 0, 0, 0, 0, 0, 74, 73, 73, 73, 74, 74, 73, 73, 73, 74, 0, 0, 0, 0, 0, 0, 74, 73, 73, 73, 73, 73, 73, 73, 73, 74, 0, 0, 0, 0, 0, 0, 0, 74, 74, 74, 74, 74, 74, 74, 74, 0, 0, 0, 0, 0, 0, 0, 0, 0, 0, 0, 0, 0, 0, 0, 0, 0, 0, 0, 0, 0, 0, 0, 0, 0, 0, 0, 0, 0, 0, 0, 0, 0, 0, 0, 0, 0, 0, 0, 0, 0, 0, 0, 0, 0, 0, 0, 0, 0, 0, 0, 0, 0, 0, 0, 0, 0, 0, 0, 0, 0, 0, 0, 0, 0, 0, 0, 0, 0, 0, 0, 0, 0, 0, 0, 0, 0, 0, 0, 0, 0, 0, 0, 0, 0, 0, 0, 0, 0, 0, 0, 0, 0, 0, 0, 0, 0, 0, 0, 0, 0, 0, 0, 0, 0, 0, 0, 0, 0, 0, 0, 0, 0, 0, 0, 0, 0, 0, 0, 0, 0, 0, 0, 0, 0, 0, 0, 0, 0, 0, 0, 0, 0, 0, 0],
         "height":16,
         "id":74,
         "name":"Letter",
         "opacity":1,
         "properties":[
                {
                 "name":"autoPlaceBlockers",
                 "type":"int",
                 "value":2
                }, 
                {
                 "name":"i",
                 "type":"int",
                 "value":10
                }, 
                {
                 "name":"j",
                 "type":"int",
                 "value":10
                }, 
                {
                 "name":"padding-bottom",
                 "type":"int",
                 "value":2
                }, 
                {
                 "name":"padding-left",
                 "type":"int",
                 "value":1
                }, 
                {
                 "name":"padding-right",
                 "type":"int",
                 "value":1
                }, 
                {
                 "name":"padding-top",
                 "type":"int",
                 "value":0
                }, 
                {
                 "name":"scale",
                 "type":"int",
                 "value":2
                }, 
                {
                 "name":"startI",
                 "type":"int",
                 "value":0
                }, 
                {
                 "name":"startJ",
                 "type":"int",
                 "value":0
                }, 
                {
                 "name":"tier",
                 "type":"int",
                 "value":0
                }],
         "type":"tilelayer",
         "visible":true,
         "width":16,
         "x":0,
         "y":0
        }, 
        {
         "data":[0, 0, 0, 0, 0, 0, 0, 0, 0, 0, 0, 0, 0, 0, 0, 0, 0, 0, 0, 0, 0, 0, 0, 0, 0, 0, 0, 0, 0, 0, 0, 0, 0, 0, 0, 0, 0, 0, 0, 0, 0, 0, 0, 0, 0, 0, 0, 0, 0, 0, 0, 0, 0, 0, 0, 0, 0, 0, 0, 0, 0, 0, 0, 0, 0, 0, 0, 0, 0, 0, 0, 0, 0, 0, 0, 0, 0, 0, 0, 0, 0, 0, 0, 0, 0, 0, 0, 0, 0, 0, 0, 0, 0, 0, 0, 0, 0, 0, 0, 0, 0, 0, 0, 0, 0, 0, 0, 0, 0, 0, 0, 0, 0, 0, 0, 0, 0, 0, 0, 0, 0, 0, 0, 0, 0, 0, 0, 0, 0, 0, 0, 0, 0, 0, 0, 0, 0, 0, 0, 0, 0, 0, 0, 0, 0, 0, 0, 0, 0, 0, 0, 0, 0, 0, 0, 0, 0, 0, 0, 0, 0, 0, 0, 0, 0, 0, 0, 0, 0, 0, 0, 0, 0, 0, 0, 0, 0, 0, 0, 0, 0, 0, 0, 0, 0, 0, 0, 0, 0, 0, 0, 0, 0, 0, 0, 0, 0, 0, 0, 0, 0, 0, 0, 0, 0, 0, 0, 0, 0, 0, 0, 0, 0, 0, 0, 0, 0, 0, 0, 0, 0, 0, 0, 0, 0, 0, 0, 0, 0, 0, 0, 0, 0, 0, 0, 0, 0, 0, 0, 0, 0, 0, 0, 0, 0, 0, 0, 0, 0, 0, 0, 0, 0, 0, 0, 0],
         "height":16,
         "id":106,
         "name":"_ADDONLetter",
         "opacity":1,
         "properties":[
                {
                 "name":"autoPlaceBlockers",
                 "type":"int",
                 "value":2
                }, 
                {
                 "name":"i",
                 "type":"int",
                 "value":11
                }, 
                {
                 "name":"j",
                 "type":"int",
                 "value":11
                }, 
                {
                 "name":"padding-bottom",
                 "type":"int",
                 "value":2
                }, 
                {
                 "name":"padding-left",
                 "type":"int",
                 "value":1
                }, 
                {
                 "name":"padding-right",
                 "type":"int",
                 "value":1
                }, 
                {
                 "name":"padding-top",
                 "type":"int",
                 "value":0
                }, 
                {
                 "name":"scale",
                 "type":"int",
                 "value":2
                }, 
                {
                 "name":"startI",
                 "type":"int",
                 "value":0
                }, 
                {
                 "name":"startJ",
                 "type":"int",
                 "value":0
                }, 
                {
                 "name":"tier",
                 "type":"int",
                 "value":0
                }],
         "type":"tilelayer",
         "visible":true,
         "width":16,
         "x":0,
         "y":0
        }],
 "nextlayerid":116,
 "nextobjectid":1,
 "orientation":"orthogonal",
 "properties":[
        {
         "name":"coverID",
         "type":"int",
         "value":0
        }, 
        {
         "name":"iconURL",
         "type":"string",
         "value":""
        }, 
        {
         "name":"sectionName",
         "type":"string",
         "value":"Misc 1"
        }],
 "renderorder":"right-down",
 "tiledversion":"1.8.1",
 "tileheight":64,
 "tilesets":[
        {
         "firstgid":1,
         "source":"..\/..\/..\/src\/map\/tilesets\/spadersTileset.tsx"
        }, 
        {
         "firstgid":65,
         "source":"..\/..\/..\/src\/map\/tilesets\/gb.tsx"
        }],
 "tilewidth":64,
 "type":"map",
 "version":"1.8",
 "width":16
}