{ "compressionlevel":-1,
 "height":12,
 "infinite":false,
 "layers":[
        {
         "data":[4, 4, 1, 1, 1, 0, 2, 0, 0, 0, 0, 0, 4, 4, 1, 2, 2, 2, 0, 0, 0, 0, 0, 3, 3, 8, 8, 8, 8, 0, 0, 0, 0, 3, 3, 0, 0, 0, 0, 0, 0, 0, 0, 0, 0, 0, 0, 0, 0, 0, 0, 0, 0, 0, 0, 0, 0, 0, 0, 0, 0, 0, 0, 0, 0, 0, 0, 0, 0, 0, 0, 0, 0, 0, 0, 0, 0, 0, 0, 0, 0, 0, 0, 0, 0, 0, 0, 0, 0, 0, 0, 0, 0, 0, 0, 0, 0, 0, 0, 0, 0, 0, 0, 0, 0, 0, 0, 0, 0, 0, 0, 0, 0, 0, 0, 0, 0, 0, 0, 0, 0, 0, 0, 0, 0, 0, 0, 0, 0, 0, 0, 0],
         "height":12,
         "id":9,
         "name":"Tetris",
         "opacity":1,
         "properties":[
                {
                 "name":"i",
                 "type":"int",
                 "value":7
                }, 
                {
                 "name":"j",
                 "type":"int",
                 "value":8
                }, 
                {
                 "name":"tier",
                 "type":"int",
                 "value":0
                }],
         "type":"tilelayer",
         "visible":false,
         "width":11,
         "x":0,
         "y":0
        }, 
        {
         "data":[1, 0, 1, 2, 0, 0, 0, 2, 0, 0, 0, 0, 1, 0, 2, 0, 0, 0, 2, 0, 0, 0, 1, 0, 1, 2, 0, 0, 0, 2, 0, 0, 0, 2, 2, 2, 2, 2, 2, 2, 2, 0, 0, 0, 0, 0, 0, 2, 0, 3, 0, 2, 0, 0, 0, 0, 0, 0, 2, 3, 0, 3, 2, 0, 0, 0, 0, 0, 0, 2, 0, 3, 0, 2, 0, 0, 0, 2, 2, 2, 2, 2, 2, 2, 2, 0, 0, 0, 0, 0, 0, 0, 0, 0, 0, 0, 0, 0, 0, 0, 0, 0, 0, 0, 0, 0, 0, 0, 0, 0, 0, 0, 0, 0, 0, 0, 0, 0, 0, 0, 0, 0, 0, 0, 0, 0, 0, 0, 0, 0, 0, 0],
         "height":12,
         "id":13,
         "name":"1952 - OXO",
         "opacity":1,
         "properties":[
                {
                 "name":"i",
                 "type":"int",
                 "value":11
                }, 
                {
                 "name":"j",
                 "type":"int",
                 "value":12
                }, 
                {
                 "name":"tier",
                 "type":"int",
                 "value":0
                }],
         "type":"tilelayer",
         "visible":false,
         "width":11,
         "x":0,
         "y":0
        }, 
        {
         "data":[0, 0, 0, 1, 0, 0, 0, 1, 0, 0, 0, 0, 0, 1, 1, 0, 1, 0, 1, 1, 0, 0, 0, 1, 10, 1, 1, 5, 1, 1, 10, 1, 0, 1, 5, 10, 5, 5, 5, 5, 5, 10, 5, 1, 1, 10, 10, 5, 10, 5, 10, 5, 10, 10, 1, 0, 1, 1, 5, 5, 5, 5, 5, 1, 1, 0, 0, 0, 5, 5, 5, 10, 5, 5, 5, 0, 0, 0, 1, 1, 5, 10, 10, 10, 5, 1, 1, 0, 0, 1, 5, 5, 5, 5, 5, 5, 5, 1, 0, 0, 0, 1, 1, 10, 10, 10, 1, 1, 0, 0, 0, 0, 0, 0, 1, 1, 1, 0, 0, 0, 0, 0, 0, 0, 0, 0, 0, 0, 0, 0, 0, 0],
         "height":12,
         "id":22,
         "name":"Mouse Trap",
         "opacity":1,
         "properties":[
                {
                 "name":"i",
                 "type":"int",
                 "value":11
                }, 
                {
                 "name":"j",
                 "type":"int",
                 "value":12
                }, 
                {
                 "name":"tier",
                 "type":"int",
                 "value":0
                }],
         "type":"tilelayer",
         "visible":false,
         "width":11,
         "x":0,
         "y":0
        }, 
        {
         "data":[0, 0, 0, 0, 0, 0, 0, 0, 0, 0, 0, 0, 0, 0, 0, 0, 0, 0, 0, 0, 0, 0, 0, 0, 0, 0, 0, 0, 0, 0, 0, 0, 0, 0, 0, 0, 0, 0, 0, 0, 0, 0, 0, 0, 0, 0, 0, 0, 0, 0, 0, 0, 0, 0, 0, 0, 0, 0, 0, 0, 0, 0, 0, 0, 0, 0, 0, 0, 0, 0, 0, 0, 0, 0, 0, 0, 0, 0, 0, 0, 0, 0, 0, 0, 0, 0, 0, 0, 0, 0, 0, 0, 0, 0, 0, 0, 0, 0, 0, 0, 0, 0, 0, 0, 0, 0, 0, 0, 0, 0, 0, 0, 0, 0, 0, 0, 0, 0, 0, 0, 0, 0, 0, 0, 0, 0, 0, 0, 0, 0, 0, 0],
         "height":12,
         "id":14,
         "name":"Template",
         "opacity":1,
         "properties":[
                {
                 "name":"i",
                 "type":"int",
                 "value":8
                }, 
                {
                 "name":"j",
                 "type":"int",
                 "value":11
                }, 
                {
                 "name":"tier",
                 "type":"int",
                 "value":0
                }],
         "type":"tilelayer",
         "visible":false,
         "width":11,
         "x":0,
         "y":0
        }, 
        {
         "data":[0, 0, 0, 0, 0, 0, 1, 0, 0, 0, 0, 3, 3, 0, 0, 0, 1, 0, 0, 0, 0, 0, 3, 3, 0, 3, 3, 0, 0, 0, 0, 0, 0, 3, 0, 0, 3, 0, 0, 0, 0, 0, 0, 0, 4, 4, 4, 4, 0, 0, 0, 0, 0, 0, 0, 4, 4, 0, 0, 0, 0, 0, 0, 0, 0, 0, 4, 4, 0, 0, 0, 0, 0, 0, 0, 0, 0, 5, 5, 0, 0, 5, 5, 5, 0, 0, 0, 0, 5, 5, 5, 5, 5, 0, 5, 0, 0, 0, 0, 0, 5, 5, 5, 0, 0, 5, 5, 0, 0, 0, 0, 0, 0, 0, 0, 0, 0, 0, 0, 0, 0, 0, 0, 0, 0, 0, 0, 0, 0, 0, 0, 0],
         "height":12,
         "id":19,
         "name":"Pitfall",
         "opacity":1,
         "properties":[
                {
                 "name":"i",
                 "type":"int",
                 "value":8
                }, 
                {
                 "name":"j",
                 "type":"int",
                 "value":11
                }, 
                {
                 "name":"tier",
                 "type":"int",
                 "value":0
                }],
         "type":"tilelayer",
         "visible":false,
         "width":11,
         "x":0,
         "y":0
        }, 
        {
         "data":[4, 4, 4, 4, 0, 0, 0, 0, 0, 0, 0, 4, 9, 9, 4, 4, 0, 0, 0, 0, 0, 0, 9, 9, 10, 9, 4, 6, 6, 0, 0, 0, 0, 9, 9, 10, 9, 4, 6, 6, 6, 6, 0, 0, 9, 9, 9, 9, 4, 6, 6, 6, 6, 0, 0, 4, 9, 9, 4, 4, 6, 6, 6, 6, 0, 0, 4, 4, 4, 4, 0, 0, 0, 0, 0, 0, 0, 0, 0, 0, 0, 0, 0, 0, 0, 0, 0, 0, 0, 0, 0, 0, 0, 0, 0, 0, 0, 0, 0, 0, 0, 0, 0, 0, 0, 0, 0, 0, 0, 0, 0, 0, 0, 0, 0, 0, 0, 0, 0, 0, 0, 0, 0, 0, 0, 0, 0, 0, 0, 0, 0, 0],
         "height":12,
         "id":20,
         "name":"Duck Hunt",
         "opacity":1,
         "properties":[
                {
                 "name":"i",
                 "type":"int",
                 "value":9
                }, 
                {
                 "name":"j",
                 "type":"int",
                 "value":9
                }, 
                {
                 "name":"tier",
                 "type":"int",
                 "value":0
                }],
         "type":"tilelayer",
         "visible":false,
         "width":11,
         "x":0,
         "y":0
        }, 
        {
         "data":[9, 10, 10, 10, 9, 0, 0, 0, 0, 0, 0, 0, 9, 10, 9, 0, 0, 0, 0, 0, 0, 0, 0, 0, 9, 0, 0, 0, 0, 0, 0, 0, 0, 0, 0, 0, 0, 0, 0, 0, 0, 0, 0, 0, 0, 0, 9, 0, 0, 0, 0, 0, 0, 0, 0, 0, 0, 0, 0, 0, 0, 0, 0, 0, 0, 0, 0, 0, 9, 0, 0, 0, 0, 0, 0, 0, 0, 0, 0, 0, 0, 0, 0, 0, 0, 0, 0, 0, 0, 0, 9, 0, 0, 0, 0, 0, 0, 0, 0, 0, 0, 0, 0, 0, 0, 0, 0, 0, 0, 0, 0, 0, 0, 0, 0, 0, 0, 0, 0, 0, 0, 0, 0, 0, 0, 0, 0, 0, 0, 0, 0, 0],
         "height":12,
         "id":21,
         "name":"Asteroid",
         "opacity":1,
         "properties":[
                {
                 "name":"i",
                 "type":"int",
                 "value":5
                }, 
                {
                 "name":"j",
                 "type":"int",
                 "value":9
                }, 
                {
                 "name":"tier",
                 "type":"int",
                 "value":0
                }],
         "type":"tilelayer",
         "visible":false,
         "width":11,
         "x":0,
         "y":0
        }, 
        {
         "data":[0, 0, 0, 1, 0, 0, 5, 0, 0, 0, 0, 0, 0, 0, 1, 0, 0, 5, 0, 0, 0, 0, 4, 0, 0, 1, 0, 0, 5, 0, 0, 0, 0, 4, 0, 0, 3, 0, 0, 5, 0, 0, 0, 0, 4, 0, 0, 1, 0, 0, 5, 0, 0, 0, 0, 4, 0, 0, 1, 0, 0, 0, 0, 0, 0, 0, 4, 0, 0, 1, 0, 0, 0, 0, 0, 0, 0, 0, 0, 0, 1, 0, 0, 0, 0, 0, 0, 0, 0, 0, 0, 0, 0, 0, 0, 0, 0, 0, 0, 0, 0, 0, 0, 0, 0, 0, 0, 0, 0, 0, 0, 0, 0, 0, 0, 0, 0, 0, 0, 0, 0, 0, 0, 0, 0, 0, 0, 0, 0, 0, 0, 0],
         "height":12,
         "id":16,
         "name":"Pong",
         "opacity":1,
         "properties":[
                {
                 "name":"i",
                 "type":"int",
                 "value":7
                }, 
                {
                 "name":"j",
                 "type":"int",
                 "value":9
                }, 
                {
                 "name":"tier",
                 "type":"int",
                 "value":0
                }],
         "type":"tilelayer",
         "visible":false,
         "width":11,
         "x":0,
         "y":0
        }, 
        {
         "data":[0, 0, 4, 0, 0, 0, 4, 0, 0, 0, 0, 0, 0, 0, 4, 4, 4, 0, 0, 0, 0, 0, 0, 0, 0, 4, 11, 4, 0, 0, 0, 0, 0, 0, 0, 0, 4, 4, 4, 0, 0, 0, 0, 0, 0, 0, 4, 0, 0, 0, 4, 0, 0, 0, 0, 0, 4, 0, 0, 0, 0, 0, 4, 0, 0, 0, 4, 0, 0, 0, 0, 0, 0, 0, 4, 0, 0, 0, 0, 0, 0, 0, 0, 0, 0, 0, 0, 0, 0, 0, 0, 0, 0, 0, 0, 0, 0, 0, 0, 0, 0, 0, 0, 0, 0, 0, 0, 0, 0, 0, 0, 0, 0, 0, 0, 0, 0, 0, 0, 0, 0, 0, 0, 0, 0, 0, 0, 0, 0, 0, 0, 0],
         "height":12,
         "id":17,
         "name":"Maze",
         "opacity":1,
         "properties":[
                {
                 "name":"i",
                 "type":"int",
                 "value":9
                }, 
                {
                 "name":"j",
                 "type":"int",
                 "value":9
                }, 
                {
                 "name":"tier",
                 "type":"int",
                 "value":0
                }],
         "type":"tilelayer",
         "visible":false,
         "width":11,
         "x":0,
         "y":0
        }, 
        {
         "data":[2, 2, 2, 0, 0, 0, 0, 0, 0, 0, 0, 1, 1, 1, 2, 0, 0, 0, 0, 0, 0, 0, 1, 1, 0, 0, 2, 0, 0, 0, 0, 0, 0, 3, 0, 0, 0, 2, 0, 0, 0, 0, 0, 0, 3, 3, 3, 0, 2, 2, 2, 0, 0, 0, 0, 2, 2, 2, 2, 2, 2, 2, 2, 0, 0, 0, 2, 0, 2, 2, 2, 2, 3, 2, 2, 0, 0, 2, 2, 2, 1, 2, 2, 3, 3, 2, 0, 0, 2, 1, 3, 3, 1, 2, 2, 2, 2, 0, 0, 1, 3, 2, 2, 3, 1, 1, 1, 1, 0, 0, 0, 0, 0, 0, 0, 0, 0, 0, 0, 0, 0, 0, 0, 0, 0, 0, 0, 0, 0, 0, 0, 0],
         "height":12,
         "id":18,
         "name":"Jump Bug",
         "opacity":1,
         "properties":[
                {
                 "name":"i",
                 "type":"int",
                 "value":9
                }, 
                {
                 "name":"j",
                 "type":"int",
                 "value":11
                }, 
                {
                 "name":"tier",
                 "type":"int",
                 "value":0
                }],
         "type":"tilelayer",
         "visible":false,
         "width":11,
         "x":0,
         "y":0
        }, 
        {
         "data":[0, 0, 2, 2, 2, 0, 0, 0, 0, 0, 0, 0, 0, 2, 2, 2, 0, 0, 0, 0, 0, 0, 0, 0, 0, 2, 0, 0, 0, 0, 0, 0, 0, 0, 0, 0, 0, 0, 0, 0, 0, 0, 0, 0, 0, 0, 0, 1, 0, 0, 0, 0, 0, 0, 0, 0, 0, 0, 0, 0, 0, 0, 0, 0, 0, 0, 0, 0, 0, 1, 0, 0, 0, 0, 0, 0, 0, 0, 0, 0, 0, 0, 0, 0, 0, 0, 0, 0, 0, 0, 0, 1, 0, 0, 0, 0, 0, 0, 0, 0, 0, 1, 1, 1, 0, 0, 0, 0, 0, 0, 0, 0, 0, 1, 0, 0, 0, 0, 0, 0, 0, 0, 0, 0, 0, 0, 0, 0, 0, 0, 0, 0],
         "height":12,
         "id":15,
         "name":"Spacewar",
         "opacity":1,
         "properties":[
                {
                 "name":"i",
                 "type":"int",
                 "value":7
                }, 
                {
                 "name":"j",
                 "type":"int",
                 "value":10
                }, 
                {
                 "name":"tier",
                 "type":"int",
                 "value":0
                }],
         "type":"tilelayer",
         "visible":false,
         "width":11,
         "x":0,
         "y":0
        }, 
        {
         "data":[4, 4, 4, 4, 4, 4, 0, 0, 0, 0, 0, 4, 10, 4, 4, 4, 4, 4, 0, 0, 0, 0, 4, 4, 4, 4, 4, 4, 4, 0, 0, 0, 0, 4, 4, 0, 0, 4, 4, 4, 0, 0, 0, 0, 0, 0, 0, 0, 4, 4, 4, 0, 0, 0, 0, 0, 0, 0, 4, 4, 4, 4, 0, 0, 0, 0, 4, 4, 4, 4, 4, 4, 4, 0, 0, 0, 0, 4, 0, 4, 4, 4, 4, 4, 0, 0, 0, 0, 0, 0, 4, 4, 4, 4, 4, 0, 0, 0, 0, 0, 4, 4, 0, 4, 0, 4, 0, 0, 0, 0, 4, 4, 4, 0, 0, 4, 4, 0, 0, 0, 0, 0, 0, 0, 0, 0, 0, 0, 0, 0, 0, 0],
         "height":12,
         "id":10,
         "name":"E.T.",
         "opacity":1,
         "properties":[
                {
                 "name":"i",
                 "type":"int",
                 "value":7
                }, 
                {
                 "name":"j",
                 "type":"int",
                 "value":12
                }, 
                {
                 "name":"tier",
                 "type":"int",
                 "value":0
                }],
         "type":"tilelayer",
         "visible":false,
         "width":11,
         "x":0,
         "y":0
        }, 
        {
         "data":[0, 0, 0, 9, 0, 0, 0, 0, 0, 0, 0, 0, 0, 2, 9, 2, 0, 0, 0, 0, 0, 0, 0, 2, 2, 0, 2, 2, 0, 0, 0, 0, 0, 2, 2, 0, 0, 0, 2, 2, 0, 0, 0, 0, 2, 0, 0, 0, 0, 0, 2, 0, 0, 0, 0, 0, 0, 0, 0, 0, 0, 0, 0, 0, 0, 0, 0, 0, 0, 0, 0, 0, 0, 0, 0, 0, 0, 0, 0, 0, 0, 0, 0, 0, 0, 0, 0, 0, 0, 0, 0, 0, 0, 0, 0, 0, 0, 0, 0, 0, 0, 0, 0, 0, 0, 0, 0, 0, 0, 0, 0, 0, 0, 0, 0, 0, 0, 0, 0, 0, 0, 0, 0, 0, 0, 0, 0, 0, 0, 0, 0, 0],
         "height":12,
         "id":11,
         "name":"Arrow",
         "opacity":1,
         "properties":[
                {
                 "name":"i",
                 "type":"int",
                 "value":7
                }, 
                {
                 "name":"j",
                 "type":"int",
                 "value":8
                }, 
                {
                 "name":"tier",
                 "type":"int",
                 "value":0
                }],
         "type":"tilelayer",
         "visible":false,
         "width":11,
         "x":0,
         "y":0
        }, 
        {
         "data":[4, 4, 1, 1, 1, 0, 2, 0, 0, 0, 0, 0, 4, 4, 1, 2, 2, 2, 0, 0, 0, 0, 0, 3, 3, 8, 8, 8, 8, 0, 0, 0, 0, 3, 3, 0, 0, 0, 0, 0, 0, 0, 0, 0, 0, 0, 0, 0, 0, 0, 0, 0, 0, 0, 0, 0, 0, 0, 0, 0, 0, 0, 0, 0, 0, 0, 0, 0, 0, 0, 0, 0, 0, 0, 0, 0, 0, 0, 0, 0, 0, 0, 0, 0, 0, 0, 0, 0, 0, 0, 0, 0, 0, 0, 0, 0, 0, 0, 0, 0, 0, 0, 0, 0, 0, 0, 0, 0, 0, 0, 0, 0, 0, 0, 0, 0, 0, 0, 0, 0, 0, 0, 0, 0, 0, 0, 0, 0, 0, 0, 0, 0],
         "height":12,
         "id":12,
         "name":"Copy of Tetris",
         "opacity":1,
         "properties":[
                {
                 "name":"i",
                 "type":"int",
                 "value":7
                }, 
                {
                 "name":"j",
                 "type":"int",
                 "value":8
                }, 
                {
                 "name":"tier",
                 "type":"int",
                 "value":0
                }],
         "type":"tilelayer",
         "visible":false,
         "width":11,
         "x":0,
         "y":0
        }, 
        {
         "data":[8, 8, 8, 8, 8, 8, 8, 8, 8, 0, 0, 7, 7, 7, 7, 7, 7, 7, 7, 7, 0, 0, 6, 6, 6, 6, 6, 6, 6, 6, 6, 0, 0, 5, 5, 5, 5, 5, 5, 5, 5, 5, 0, 0, 4, 4, 4, 4, 4, 4, 4, 4, 4, 0, 0, 3, 3, 3, 3, 3, 3, 3, 3, 3, 0, 0, 2, 2, 2, 2, 2, 2, 2, 2, 2, 0, 0, 1, 1, 1, 1, 1, 1, 1, 1, 1, 0, 0, 0, 0, 0, 0, 0, 0, 0, 0, 0, 0, 0, 0, 0, 0, 0, 0, 0, 0, 0, 0, 0, 0, 0, 0, 0, 0, 0, 0, 0, 0, 0, 0, 0, 0, 0, 0, 0, 0, 0, 0, 0, 0, 0, 0],
         "height":12,
         "id":6,
         "name":"Rainbow",
         "opacity":1,
         "properties":[
                {
                 "name":"i",
                 "type":"int",
                 "value":7
                }, 
                {
                 "name":"j",
                 "type":"int",
                 "value":11
                }, 
                {
                 "name":"tier",
                 "type":"int",
                 "value":1
                }],
         "type":"tilelayer",
         "visible":false,
         "width":11,
         "x":0,
         "y":0
        }, 
        {
         "data":[8, 8, 8, 8, 8, 8, 0, 0, 0, 0, 0, 7, 7, 7, 7, 7, 7, 0, 0, 0, 0, 0, 6, 0, 6, 6, 0, 6, 0, 0, 0, 0, 0, 5, 5, 5, 5, 5, 5, 0, 0, 0, 0, 0, 0, 4, 4, 4, 4, 0, 0, 0, 0, 0, 0, 4, 0, 3, 3, 0, 4, 0, 0, 0, 0, 0, 4, 0, 2, 2, 0, 4, 0, 0, 0, 0, 0, 0, 0, 0, 0, 0, 0, 0, 0, 0, 0, 0, 0, 0, 0, 0, 0, 0, 0, 0, 0, 0, 0, 0, 0, 0, 0, 0, 0, 0, 0, 0, 0, 0, 0, 0, 0, 0, 0, 0, 0, 0, 0, 0, 0, 0, 0, 0, 0, 0, 0, 0, 0, 0, 0, 0],
         "height":12,
         "id":3,
         "name":"Invader",
         "opacity":1,
         "properties":[
                {
                 "name":"i",
                 "type":"int",
                 "value":6
                }, 
                {
                 "name":"j",
                 "type":"int",
                 "value":10
                }, 
                {
                 "name":"tier",
                 "type":"int",
                 "value":0
                }],
         "type":"tilelayer",
         "visible":false,
         "width":11,
         "x":0,
         "y":0
        }, 
        {
         "data":[7, 7, 7, 0, 0, 0, 0, 0, 0, 0, 0, 7, 7, 7, 7, 7, 7, 0, 0, 0, 0, 0, 3, 10, 3, 0, 0, 0, 0, 0, 0, 0, 0, 3, 10, 3, 3, 3, 0, 0, 0, 0, 0, 0, 3, 3, 5, 3, 3, 3, 0, 0, 0, 0, 0, 3, 5, 5, 5, 5, 0, 0, 0, 0, 0, 0, 3, 3, 3, 3, 0, 0, 0, 0, 0, 0, 0, 7, 0, 0, 0, 0, 0, 0, 0, 0, 0, 0, 7, 7, 7, 0, 0, 0, 0, 0, 0, 0, 0, 7, 7, 7, 7, 0, 0, 0, 0, 0, 0, 0, 5, 7, 0, 0, 0, 0, 0, 0, 0, 0, 0, 0, 0, 0, 0, 0, 0, 0, 0, 0, 0, 0],
         "height":12,
         "id":2,
         "name":"It's a me",
         "opacity":1,
         "properties":[
                {
                 "name":"i",
                 "type":"int",
                 "value":8
                }, 
                {
                 "name":"j",
                 "type":"int",
                 "value":12
                }, 
                {
                 "name":"tier",
                 "type":"int",
                 "value":2
                }],
         "type":"tilelayer",
         "visible":false,
         "width":11,
         "x":0,
         "y":0
        }, 
        {
         "data":[0, 0, 7, 7, 7, 7, 7, 0, 0, 0, 0, 0, 7, 9, 9, 9, 9, 9, 7, 0, 0, 0, 7, 9, 9, 9, 9, 9, 9, 9, 7, 0, 0, 7, 9, 9, 9, 9, 9, 9, 9, 7, 0, 0, 7, 9, 7, 7, 9, 7, 7, 9, 7, 0, 0, 7, 9, 7, 7, 9, 7, 7, 9, 7, 0, 0, 0, 7, 9, 9, 9, 9, 9, 7, 0, 0, 0, 0, 7, 9, 7, 9, 7, 9, 7, 0, 0, 0, 0, 0, 7, 7, 7, 7, 7, 0, 0, 0, 0, 0, 0, 0, 0, 0, 0, 0, 0, 0, 0, 0, 0, 0, 0, 0, 0, 0, 0, 0, 0, 0, 0, 0, 0, 0, 0, 0, 0, 0, 0, 0, 0, 0],
         "height":12,
         "id":5,
         "name":"Skull",
         "opacity":1,
         "properties":[
                {
                 "name":"i",
                 "type":"int",
                 "value":9
                }, 
                {
                 "name":"j",
                 "type":"int",
                 "value":12
                }, 
                {
                 "name":"tier",
                 "type":"int",
                 "value":3
                }],
         "type":"tilelayer",
         "visible":true,
         "width":11,
         "x":0,
         "y":0
        }, 
        {
         "data":[9, 2, 7, 7, 7, 7, 7, 2, 9, 0, 0, 9, 10, 9, 9, 9, 9, 9, 10, 9, 0, 0, 7, 9, 9, 9, 10, 9, 9, 9, 7, 0, 0, 7, 9, 9, 9, 9, 9, 9, 9, 7, 0, 0, 7, 9, 7, 7, 9, 7, 7, 9, 7, 0, 0, 7, 9, 2, 2, 9, 2, 2, 9, 7, 0, 0, 0, 7, 9, 9, 9, 9, 9, 7, 0, 0, 0, 0, 7, 9, 7, 9, 7, 9, 7, 0, 0, 0, 0, 2, 7, 7, 7, 7, 7, 2, 0, 0, 0, 2, 2, 2, 2, 2, 2, 2, 2, 2, 0, 0, 0, 0, 0, 0, 2, 0, 0, 0, 0, 0, 0, 0, 0, 0, 0, 0, 0, 0, 0, 0, 0, 0],
         "height":12,
         "id":7,
         "name":"Superhard",
         "opacity":1,
         "properties":[
                {
                 "name":"i",
                 "type":"int",
                 "value":9
                }, 
                {
                 "name":"j",
                 "type":"int",
                 "value":12
                }, 
                {
                 "name":"tier",
                 "type":"int",
                 "value":3
                }],
         "type":"tilelayer",
         "visible":true,
         "width":11,
         "x":0,
         "y":0
        }, 
        {
         "data":[0, 0, 0, 8, 8, 8, 8, 8, 8, 0, 0, 0, 8, 8, 8, 8, 8, 8, 8, 8, 0, 0, 8, 9, 9, 8, 8, 8, 8, 9, 9, 0, 0, 9, 9, 9, 9, 8, 8, 9, 9, 9, 0, 0, 10, 9, 9, 9, 8, 8, 10, 9, 9, 0, 0, 10, 9, 9, 9, 8, 8, 10, 9, 9, 0, 0, 8, 9, 9, 8, 8, 8, 8, 9, 9, 0, 0, 8, 8, 8, 8, 8, 8, 8, 8, 8, 0, 0, 8, 8, 8, 8, 8, 8, 8, 8, 8, 0, 0, 8, 8, 8, 8, 8, 8, 8, 8, 8, 0, 0, 8, 8, 8, 0, 0, 8, 8, 0, 8, 0, 0, 0, 0, 0, 0, 0, 0, 0, 0, 0, 0, 0],
         "height":12,
         "id":8,
         "name":"Pac",
         "opacity":1,
         "properties":[
                {
                 "name":"i",
                 "type":"int",
                 "value":9
                }, 
                {
                 "name":"j",
                 "type":"int",
                 "value":12
                }, 
                {
                 "name":"tier",
                 "type":"int",
                 "value":3
                }],
         "type":"tilelayer",
         "visible":true,
         "width":11,
         "x":0,
         "y":0
        }, 
        {
         "data":[1, 1, 0, 0, 0, 0, 0, 5, 0, 0, 0, 1, 1, 1, 1, 0, 0, 5, 5, 0, 0, 0, 1, 1, 1, 1, 1, 5, 5, 5, 0, 0, 0, 5, 1, 1, 1, 1, 5, 5, 5, 0, 0, 0, 1, 1, 1, 1, 1, 1, 5, 5, 0, 0, 0, 1, 1, 1, 1, 1, 1, 1, 1, 0, 0, 0, 1, 1, 9, 9, 1, 1, 1, 1, 0, 0, 0, 1, 9, 9, 9, 9, 10, 1, 1, 0, 0, 0, 1, 9, 9, 9, 9, 10, 1, 9, 0, 0, 0, 1, 9, 9, 9, 9, 10, 1, 9, 0, 0, 0, 1, 1, 9, 9, 9, 9, 3, 3, 0, 0, 0, 0, 0, 0, 0, 0, 0, 0, 0, 0, 0, 0],
         "height":12,
         "id":4,
         "name":"Blue one",
         "opacity":1,
         "properties":[
                {
                 "name":"i",
                 "type":"int",
                 "value":8
                }, 
                {
                 "name":"j",
                 "type":"int",
                 "value":12
                }, 
                {
                 "name":"tier",
                 "type":"int",
                 "value":3
                }],
         "type":"tilelayer",
         "visible":true,
         "width":11,
         "x":0,
         "y":0
        }],
 "nextlayerid":23,
 "nextobjectid":1,
 "orientation":"orthogonal",
 "properties":[
        {
         "name":"description",
         "type":"string",
         "value":"no description here"
        }, 
        {
         "name":"sectionName",
         "type":"string",
         "value":""
        }],
 "renderorder":"right-down",
 "tiledversion":"1.7.2",
 "tileheight":64,
 "tilesets":[
        {
         "firstgid":1,
         "source":"..\/..\/..\/src\/map\/tilesets\/spadersTileset.tsx"
        }],
 "tilewidth":64,
 "type":"map",
 "version":"1.6",
 "width":11
}