{
    "question": {
        "dataPath": "question.json",
        "levelOrderMap": "basics/tier-basic-1.json",
        "order": -1,
        "require": -1
    },
    "sections": [
        {
            "color": "0xDDDDDD",
            "ignore": false,
            "name": "Basics",
            "displayName": "Video Game History",
            "tilemapPath": "worldMaps/world1.json",
            "imageSrc": "",
            "colorPalletId": 0,
            "levels": [
                {
                    "name": "--",
                    "dataPath": "how-to-play/shapes.json",
                    "levelOrderMap": "worldMaps/tier1/tier1-1.json",
                    "order": -1,
                    "require": -1
                },
                {
                    "name": "--",
                    "dataPath": "how-to-play/creatures.json",
                    "levelOrderMap": "basics/tier-basic-1.json",
                    "order": -1,
                    "require": -1
                },
                {
                    "name": "--",
                    "dataPath": "how-to-play/people-set-1.json",
                    "levelOrderMap": "basics/tier-basic-1.json",
                    "order": -1,
                    "require": -1
                },
                {
                    "name": "--",
                    "dataPath": "how-to-play/things.json",
                    "levelOrderMap": "basics/tier-basic-1.json",
                    "order": -1,
                    "require": -1
                },
                {
                    "name": "--",
                    "dataPath": "basics/food.json",
                    "levelOrderMap": "basics/tier-basic-1.json",
                    "order": -1,
                    "require": -1
                },
                {
                    "name": "2nd gen",
                    "dataPath": "videogames/largeSpaders.json",
                    "levelOrderMap": "basics/tier-basic-1.json",
                    "order": -1,
                    "require": -1
                },
                {
                    "name": "2nd gen",
                    "dataPath": "videogames/spaders.json",
                    "levelOrderMap": "basics/tier-basic-1.json",
                    "order": -1,
                    "require": -1
                },
                {
                    "name": "--",
                    "dataPath": "debug/debug2.json",
                    "levelOrderMap": "basics/tier-basic-1.json",
                    "order": -1,
                    "require": -1
                }
            ]
        },
        {
            "color": "0xDDDDDD",
            "ignore": true,
            "name": "Video Games",
            "displayName": "Video Game History",
            "tilemapPath": "worldMaps/world1.json",
            "imageSrc": "",
            "colorPalletId": 4,
            "levels": [
                {
                    "name": "2nd gen",
                    "dataPath": "videogames/videogamesLevels1.json",
                    "levelOrderMap": "basics/tier-basic-1.json",
                    "order": -1,
                    "require": -1
                },
                {
                    "name": "2nd gen",
                    "dataPath": "videogames/videogamesLevels2.json",
                    "levelOrderMap": "basics/tier-basic-1.json",
                    "order": -1,
                    "require": -1
                }
            ]
        },
        {
            "color": "0xDDDDDD",
            "ignore": true,
            "name": "Movies",
            "displayName": "Video Game History",
            "tilemapPath": "worldMaps/world1.json",
            "imageSrc": "",
            "colorPalletId": 0,
            "levels": [
                {
                    "name": "2nd gen",
                    "dataPath": "movies/moviesLevels1.json",
                    "levelOrderMap": "basics/tier-basic-1.json",
                    "order": -1,
                    "require": -1
                },
                {
                    "name": "2nd gen",
                    "dataPath": "movies/moviesLevelsAdventure.json",
                    "levelOrderMap": "basics/tier-basic-1.json",
                    "order": -1,
                    "require": -1
                }
            ]
        },
        {
            "color": "0xDDDDDD",
            "ignore": true,
            "name": "Pokemon",
            "displayName": "Video Game History",
            "tilemapPath": "worldMaps/world1.json",
            "imageSrc": "",
            "colorPalletId": 3,
            "levels": [
                {
                    "name": "pokemon",
                    "dataPath": "pokemon/pokemon1-25.json",
                    "levelOrderMap": "basics/tier-basic-1.json",
                    "order": -1,
                    "require": -1
                },
                {
                    "name": "pokemon",
                    "dataPath": "pokemon/pokemon26-50.json",
                    "levelOrderMap": "basics/tier-basic-1.json",
                    "order": -1,
                    "require": -1
                },
                {
                    "name": "pokemon",
                    "dataPath": "pokemon/pokemon51-75.json",
                    "levelOrderMap": "basics/tier-basic-1.json",
                    "order": -1,
                    "require": -1
                }
            ]
        },
        {
            "color": "0xDDDDDD",
            "ignore": true,
            "name": "Synthwave",
            "displayName": "Video Game History",
            "tilemapPath": "worldMaps/worldSynth.json",
            "imageSrc": "",
            "colorPalletId": 1,
            "levels": [
                {
                    "name": "--",
                    "dataPath": "how-to-play/shapes-synt.json",
                    "levelOrderMap": "basics/tier-basic-1.json",
                    "order": -1,
                    "require": -1
                },
                {
                    "name": "--",
                    "dataPath": "synth/synth1.json",
                    "levelOrderMap": "basics/tier-basic-1.json",
                    "order": -1,
                    "require": -1
                },
                {
                    "name": "--",
                    "dataPath": "synth/sunset.json",
                    "levelOrderMap": "basics/tier-basic-1.json",
                    "order": -1,
                    "require": -1
                }
            ]
        },
        {
            "color": "0xDDDDDD",
            "ignore": true,
            "name": "Game Boy",
            "displayName": "Video Game History",
            "tilemapPath": "worldMaps/world1.json",
            "imageSrc": "",
            "colorPalletId": "gameboy",
            "levels": [
                {
                    "name": "gameboy",
                    "dataPath": "gameboy/gameboy1.json",
                    "levelOrderMap": "basics/tier-basic-1.json",
                    "order": -1,
                    "require": -1
                },
                {
                    "name": "gameboy",
                    "dataPath": "gameboy/gameboyWeapons2.json",
                    "levelOrderMap": "basics/tier-basic-1.json",
                    "order": -1,
                    "require": -1
                },
                {
                    "name": "gameboy",
                    "dataPath": "gameboy/gameboyMisc.json",
                    "levelOrderMap": "basics/tier-basic-1.json",
                    "order": -1,
                    "require": -1
                },
                {
                    "name": "gameboy",
                    "dataPath": "gameboy/gameboyMisc2.json",
                    "levelOrderMap": "basics/tier-basic-1.json",
                    "order": -1,
                    "require": -1
                },
                {
                    "name": "gameboy",
                    "dataPath": "gameboy/gameboycreatures.json",
                    "levelOrderMap": "basics/tier-basic-1.json",
                    "order": -1,
                    "require": -1
                }
            ]
        },
        {
            "color": "0xDDDDDD",
            "ignore": true,
            "name": "Bossa",
            "displayName": "Video Game History",
            "tilemapPath": "worldMaps/world1.json",
            "imageSrc": "",
            "colorPalletId": 1,
            "levels": [
                {
                    "name": "--",
                    "dataPath": "how-to-play/bossa.json",
                    "levelOrderMap": "basics/tier-basic-1.json",
                    "order": -1,
                    "require": -1
                }
            ]
        },
        {
            "color": "0xDDDDDD",
            "ignore": true,
            "name": "Tutorial",
            "displayName": "Video Game History",
            "tilemapPath": "worldMaps/world1.json",
            "imageSrc": "",
            "colorPalletId": 0,
            "levels": [
                {
                    "name": "--",
                    "dataPath": "tutorial/tutorial.json",
                    "levelOrderMap": "basics/tier-basic-1.json",
                    "order": -1,
                    "require": -1
                }
            ]
        },
        {
            "color": "0xDDDDDD",
            "ignore": true,
            "name": "Debug",
            "displayName": "Video Game History",
            "tilemapPath": "worldMaps/world1.json",
            "imageSrc": "",
            "colorPalletId": 0,
            "levels": [
                {
                    "name": "--",
                    "dataPath": "debug/debug.json",
                    "levelOrderMap": "basics/tier-basic-1.json",
                    "order": -1,
                    "require": -1
                }
            ]
        }
    ]
}