{ "compressionlevel":-1,
 "height":12,
 "infinite":false,
 "layers":[
        {
         "data":[0, 2, 2, 2, 2, 2, 2, 0, 0, 0, 0, 0, 2, 201, 201, 201, 2, 2, 0, 0, 0, 0, 0, 2, 201, 2, 201, 2, 2, 0, 0, 0, 0, 0, 2, 201, 201, 2, 2, 0, 0, 0, 0, 0, 0, 2, 201, 2, 201, 2, 0, 0, 0, 0, 0, 0, 2, 201, 201, 2, 2, 0, 0, 0, 0, 0, 0, 2, 201, 2, 201, 2, 0, 0, 0, 0, 0, 0, 2, 201, 201, 201, 2, 0, 0, 0, 0, 0, 0, 2, 2, 2, 2, 2, 0, 0, 0, 0, 0, 0, 0, 0, 0, 0, 0, 0, 0, 0, 0, 0, 0, 0, 0, 0, 0, 0, 0, 0, 0, 0, 0, 0, 0, 0, 0, 0, 0, 0, 0, 0, 0, 0],
         "height":12,
         "id":71,
         "name":"B",
         "opacity":1,
         "properties":[
                {
                 "name":"autoPlaceBlockers",
                 "type":"int",
                 "value":2
                }, 
                {
                 "name":"i",
                 "type":"int",
                 "value":7
                }, 
                {
                 "name":"j",
                 "type":"int",
                 "value":11
                }, 
                {
                 "name":"padding-bottom",
                 "type":"int",
                 "value":2
                }, 
                {
                 "name":"padding-left",
                 "type":"int",
                 "value":1
                }, 
                {
                 "name":"padding-right",
                 "type":"int",
                 "value":1
                }, 
                {
                 "name":"padding-top",
                 "type":"int",
                 "value":0
                }, 
                {
                 "name":"startI",
                 "type":"int",
                 "value":0
                }, 
                {
                 "name":"startJ",
                 "type":"int",
                 "value":0
                }, 
                {
                 "name":"tier",
                 "type":"int",
                 "value":0
                }],
         "type":"tilelayer",
         "visible":true,
         "width":11,
         "x":0,
         "y":0
        }, 
        {
         "data":[0, 0, 0, 0, 0, 0, 0, 0, 0, 0, 0, 0, 0, 0, 0, 0, 0, 0, 0, 0, 0, 0, 0, 0, 0, 225, 0, 0, 0, 0, 0, 0, 0, 0, 199, 0, 0, 0, 0, 0, 0, 0, 0, 0, 0, 199, 0, 225, 0, 0, 0, 0, 0, 0, 0, 0, 0, 0, 0, 0, 0, 0, 0, 0, 0, 0, 0, 0, 0, 225, 0, 0, 0, 0, 0, 0, 0, 0, 0, 0, 0, 0, 0, 0, 0, 0, 0, 0, 0, 199, 0, 0, 0, 0, 0, 0, 0, 0, 0, 0, 0, 0, 0, 0, 0, 0, 0, 0, 0, 0, 0, 0, 0, 0, 0, 0, 0, 0, 0, 0, 0, 0, 0, 0, 0, 0, 0, 0, 0, 0, 0, 0],
         "height":12,
         "id":93,
         "name":"_ADDON",
         "opacity":1,
         "properties":[
                {
                 "name":"autoPlaceBlockers",
                 "type":"int",
                 "value":2
                }, 
                {
                 "name":"i",
                 "type":"int",
                 "value":9
                }, 
                {
                 "name":"j",
                 "type":"int",
                 "value":9
                }, 
                {
                 "name":"padding-bottom",
                 "type":"int",
                 "value":2
                }, 
                {
                 "name":"padding-left",
                 "type":"int",
                 "value":1
                }, 
                {
                 "name":"padding-right",
                 "type":"int",
                 "value":1
                }, 
                {
                 "name":"padding-top",
                 "type":"int",
                 "value":0
                }, 
                {
                 "name":"startI",
                 "type":"int",
                 "value":0
                }, 
                {
                 "name":"startJ",
                 "type":"int",
                 "value":0
                }, 
                {
                 "name":"tier",
                 "type":"int",
                 "value":0
                }],
         "type":"tilelayer",
         "visible":true,
         "width":11,
         "x":0,
         "y":0
        }, 
        {
         "data":[0, 2, 2, 2, 2, 2, 0, 0, 0, 0, 0, 0, 2, 201, 201, 201, 2, 0, 0, 0, 0, 0, 0, 2, 201, 2, 201, 2, 0, 0, 0, 0, 0, 0, 2, 201, 2, 201, 2, 0, 0, 0, 0, 0, 0, 2, 201, 2, 201, 2, 0, 0, 0, 0, 0, 0, 2, 201, 2, 201, 2, 0, 0, 0, 0, 0, 0, 2, 201, 2, 201, 2, 0, 0, 0, 0, 0, 0, 2, 201, 201, 201, 2, 0, 0, 0, 0, 0, 0, 2, 2, 2, 2, 2, 0, 0, 0, 0, 0, 0, 0, 0, 0, 0, 0, 0, 0, 0, 0, 0, 0, 0, 0, 0, 0, 0, 0, 0, 0, 0, 0, 0, 0, 0, 0, 0, 0, 0, 0, 0, 0, 0],
         "height":12,
         "id":87,
         "name":"O",
         "opacity":1,
         "properties":[
                {
                 "name":"autoPlaceBlockers",
                 "type":"int",
                 "value":2
                }, 
                {
                 "name":"i",
                 "type":"int",
                 "value":7
                }, 
                {
                 "name":"j",
                 "type":"int",
                 "value":11
                }, 
                {
                 "name":"padding-bottom",
                 "type":"int",
                 "value":2
                }, 
                {
                 "name":"padding-left",
                 "type":"int",
                 "value":1
                }, 
                {
                 "name":"padding-right",
                 "type":"int",
                 "value":1
                }, 
                {
                 "name":"padding-top",
                 "type":"int",
                 "value":0
                }, 
                {
                 "name":"startI",
                 "type":"int",
                 "value":0
                }, 
                {
                 "name":"startJ",
                 "type":"int",
                 "value":0
                }, 
                {
                 "name":"tier",
                 "type":"int",
                 "value":0
                }],
         "type":"tilelayer",
         "visible":true,
         "width":11,
         "x":0,
         "y":0
        }, 
        {
         "data":[0, 0, 0, 0, 0, 0, 0, 0, 0, 0, 0, 0, 0, 0, 0, 0, 0, 0, 0, 0, 0, 0, 0, 0, 0, 225, 0, 0, 0, 0, 0, 0, 0, 0, 0, 0, 225, 0, 0, 0, 0, 0, 0, 0, 0, 0, 0, 225, 0, 0, 0, 0, 0, 0, 0, 0, 0, 0, 225, 0, 0, 0, 0, 0, 0, 0, 0, 0, 0, 225, 0, 0, 0, 0, 0, 0, 0, 0, 0, 0, 0, 0, 0, 0, 0, 0, 0, 0, 0, 0, 0, 0, 0, 0, 0, 0, 0, 0, 0, 0, 0, 0, 0, 0, 0, 0, 0, 0, 0, 0, 0, 0, 0, 0, 0, 0, 0, 0, 0, 0, 0, 0, 0, 0, 0, 0, 0, 0, 0, 0, 0, 0],
         "height":12,
         "id":96,
         "name":"_ADDON",
         "opacity":1,
         "properties":[
                {
                 "name":"autoPlaceBlockers",
                 "type":"int",
                 "value":2
                }, 
                {
                 "name":"i",
                 "type":"int",
                 "value":9
                }, 
                {
                 "name":"j",
                 "type":"int",
                 "value":9
                }, 
                {
                 "name":"padding-bottom",
                 "type":"int",
                 "value":2
                }, 
                {
                 "name":"padding-left",
                 "type":"int",
                 "value":1
                }, 
                {
                 "name":"padding-right",
                 "type":"int",
                 "value":1
                }, 
                {
                 "name":"padding-top",
                 "type":"int",
                 "value":0
                }, 
                {
                 "name":"startI",
                 "type":"int",
                 "value":0
                }, 
                {
                 "name":"startJ",
                 "type":"int",
                 "value":0
                }, 
                {
                 "name":"tier",
                 "type":"int",
                 "value":0
                }],
         "type":"tilelayer",
         "visible":true,
         "width":11,
         "x":0,
         "y":0
        }, 
        {
         "data":[0, 0, 0, 0, 2, 2, 0, 0, 0, 0, 0, 0, 2, 2, 201, 201, 2, 0, 0, 0, 0, 0, 0, 2, 201, 2, 201, 2, 0, 0, 0, 0, 0, 0, 2, 201, 2, 2, 2, 0, 0, 0, 0, 0, 0, 2, 201, 201, 2, 2, 0, 0, 0, 0, 0, 0, 2, 2, 2, 201, 2, 0, 0, 0, 0, 0, 0, 2, 201, 2, 201, 2, 0, 0, 0, 0, 0, 0, 2, 201, 201, 201, 2, 0, 0, 0, 0, 0, 0, 2, 2, 2, 2, 2, 0, 0, 0, 0, 0, 0, 0, 0, 0, 0, 0, 0, 0, 0, 0, 0, 0, 0, 0, 0, 0, 0, 0, 0, 0, 0, 0, 0, 0, 0, 0, 0, 0, 0, 0, 0, 0, 0],
         "height":12,
         "id":89,
         "name":"S",
         "opacity":1,
         "properties":[
                {
                 "name":"autoPlaceBlockers",
                 "type":"int",
                 "value":2
                }, 
                {
                 "name":"i",
                 "type":"int",
                 "value":7
                }, 
                {
                 "name":"j",
                 "type":"int",
                 "value":11
                }, 
                {
                 "name":"padding-bottom",
                 "type":"int",
                 "value":2
                }, 
                {
                 "name":"padding-left",
                 "type":"int",
                 "value":1
                }, 
                {
                 "name":"padding-right",
                 "type":"int",
                 "value":1
                }, 
                {
                 "name":"padding-top",
                 "type":"int",
                 "value":0
                }, 
                {
                 "name":"startI",
                 "type":"int",
                 "value":0
                }, 
                {
                 "name":"startJ",
                 "type":"int",
                 "value":0
                }, 
                {
                 "name":"tier",
                 "type":"int",
                 "value":0
                }],
         "type":"tilelayer",
         "visible":true,
         "width":11,
         "x":0,
         "y":0
        }, 
        {
         "data":[0, 0, 0, 0, 0, 0, 0, 0, 0, 0, 0, 0, 0, 0, 0, 0, 0, 0, 0, 0, 0, 0, 0, 0, 0, 225, 0, 0, 0, 0, 0, 0, 0, 0, 0, 0, 225, 0, 0, 0, 0, 0, 0, 0, 0, 0, 0, 0, 0, 0, 0, 0, 0, 0, 0, 0, 0, 0, 225, 0, 0, 0, 0, 0, 0, 0, 0, 0, 0, 225, 0, 0, 0, 0, 0, 0, 0, 0, 0, 0, 0, 0, 0, 0, 0, 0, 0, 0, 0, 0, 0, 0, 0, 0, 0, 0, 0, 0, 0, 0, 0, 0, 0, 0, 0, 0, 0, 0, 0, 0, 0, 0, 0, 0, 0, 0, 0, 0, 0, 0, 0, 0, 0, 0, 0, 0, 0, 0, 0, 0, 0, 0],
         "height":12,
         "id":95,
         "name":"_ADDON",
         "opacity":1,
         "properties":[
                {
                 "name":"autoPlaceBlockers",
                 "type":"int",
                 "value":2
                }, 
                {
                 "name":"i",
                 "type":"int",
                 "value":9
                }, 
                {
                 "name":"j",
                 "type":"int",
                 "value":9
                }, 
                {
                 "name":"padding-bottom",
                 "type":"int",
                 "value":2
                }, 
                {
                 "name":"padding-left",
                 "type":"int",
                 "value":1
                }, 
                {
                 "name":"padding-right",
                 "type":"int",
                 "value":1
                }, 
                {
                 "name":"padding-top",
                 "type":"int",
                 "value":0
                }, 
                {
                 "name":"startI",
                 "type":"int",
                 "value":0
                }, 
                {
                 "name":"startJ",
                 "type":"int",
                 "value":0
                }, 
                {
                 "name":"tier",
                 "type":"int",
                 "value":0
                }],
         "type":"tilelayer",
         "visible":true,
         "width":11,
         "x":0,
         "y":0
        }, 
        {
         "data":[0, 0, 2, 2, 2, 2, 0, 0, 0, 0, 0, 0, 2, 2, 201, 201, 2, 0, 0, 0, 0, 0, 0, 2, 201, 2, 201, 2, 0, 0, 0, 0, 0, 0, 2, 201, 2, 2, 2, 0, 0, 0, 0, 0, 0, 2, 201, 201, 2, 2, 0, 0, 0, 0, 0, 0, 2, 2, 2, 201, 2, 0, 0, 0, 0, 0, 0, 2, 201, 2, 201, 2, 0, 0, 0, 0, 0, 0, 2, 201, 201, 2, 2, 0, 0, 0, 0, 0, 0, 2, 2, 2, 0, 0, 0, 0, 0, 0, 0, 0, 0, 0, 0, 0, 0, 0, 0, 0, 0, 0, 0, 0, 0, 0, 0, 0, 0, 0, 0, 0, 0, 0, 0, 0, 0, 0, 0, 0, 0, 0, 0, 0],
         "height":12,
         "id":90,
         "name":"S%",
         "opacity":1,
         "properties":[
                {
                 "name":"autoPlaceBlockers",
                 "type":"int",
                 "value":2
                }, 
                {
                 "name":"i",
                 "type":"int",
                 "value":7
                }, 
                {
                 "name":"j",
                 "type":"int",
                 "value":11
                }, 
                {
                 "name":"padding-bottom",
                 "type":"int",
                 "value":2
                }, 
                {
                 "name":"padding-left",
                 "type":"int",
                 "value":1
                }, 
                {
                 "name":"padding-right",
                 "type":"int",
                 "value":1
                }, 
                {
                 "name":"padding-top",
                 "type":"int",
                 "value":0
                }, 
                {
                 "name":"startI",
                 "type":"int",
                 "value":0
                }, 
                {
                 "name":"startJ",
                 "type":"int",
                 "value":0
                }, 
                {
                 "name":"tier",
                 "type":"int",
                 "value":0
                }],
         "type":"tilelayer",
         "visible":true,
         "width":11,
         "x":0,
         "y":0
        }, 
        {
         "data":[0, 0, 0, 0, 0, 0, 0, 0, 0, 0, 0, 0, 0, 0, 0, 0, 0, 0, 0, 0, 0, 0, 0, 0, 0, 225, 0, 0, 0, 0, 0, 0, 0, 0, 0, 0, 225, 0, 0, 0, 0, 0, 0, 0, 0, 0, 0, 0, 0, 0, 0, 0, 0, 0, 0, 0, 0, 0, 225, 0, 0, 0, 0, 0, 0, 0, 0, 0, 0, 225, 0, 0, 0, 0, 0, 0, 0, 0, 0, 0, 0, 0, 0, 0, 0, 0, 0, 0, 0, 0, 0, 0, 0, 0, 0, 0, 0, 0, 0, 0, 0, 0, 0, 0, 0, 0, 0, 0, 0, 0, 0, 0, 0, 0, 0, 0, 0, 0, 0, 0, 0, 0, 0, 0, 0, 0, 0, 0, 0, 0, 0, 0],
         "height":12,
         "id":94,
         "name":"_ADDON",
         "opacity":1,
         "properties":[
                {
                 "name":"autoPlaceBlockers",
                 "type":"int",
                 "value":2
                }, 
                {
                 "name":"i",
                 "type":"int",
                 "value":9
                }, 
                {
                 "name":"j",
                 "type":"int",
                 "value":9
                }, 
                {
                 "name":"padding-bottom",
                 "type":"int",
                 "value":2
                }, 
                {
                 "name":"padding-left",
                 "type":"int",
                 "value":1
                }, 
                {
                 "name":"padding-right",
                 "type":"int",
                 "value":1
                }, 
                {
                 "name":"padding-top",
                 "type":"int",
                 "value":0
                }, 
                {
                 "name":"startI",
                 "type":"int",
                 "value":0
                }, 
                {
                 "name":"startJ",
                 "type":"int",
                 "value":0
                }, 
                {
                 "name":"tier",
                 "type":"int",
                 "value":0
                }],
         "type":"tilelayer",
         "visible":true,
         "width":11,
         "x":0,
         "y":0
        }, 
        {
         "data":[0, 0, 2, 2, 2, 2, 0, 0, 0, 0, 0, 0, 2, 2, 201, 201, 2, 0, 0, 0, 0, 0, 0, 2, 201, 2, 201, 2, 0, 0, 0, 0, 0, 0, 2, 201, 2, 201, 2, 0, 0, 0, 0, 0, 0, 2, 201, 201, 201, 2, 0, 0, 0, 0, 0, 0, 2, 201, 2, 201, 2, 0, 0, 0, 0, 0, 0, 2, 201, 2, 201, 2, 0, 0, 0, 0, 0, 0, 2, 201, 2, 201, 2, 0, 0, 0, 0, 0, 0, 2, 2, 2, 2, 0, 0, 0, 0, 0, 0, 0, 0, 0, 0, 0, 0, 0, 0, 0, 0, 0, 0, 0, 0, 0, 0, 0, 0, 0, 0, 0, 0, 0, 0, 0, 0, 0, 0, 0, 0, 0, 0, 0],
         "height":12,
         "id":91,
         "name":"A",
         "opacity":1,
         "properties":[
                {
                 "name":"autoPlaceBlockers",
                 "type":"int",
                 "value":2
                }, 
                {
                 "name":"i",
                 "type":"int",
                 "value":7
                }, 
                {
                 "name":"j",
                 "type":"int",
                 "value":11
                }, 
                {
                 "name":"padding-bottom",
                 "type":"int",
                 "value":2
                }, 
                {
                 "name":"padding-left",
                 "type":"int",
                 "value":1
                }, 
                {
                 "name":"padding-right",
                 "type":"int",
                 "value":1
                }, 
                {
                 "name":"padding-top",
                 "type":"int",
                 "value":0
                }, 
                {
                 "name":"startI",
                 "type":"int",
                 "value":0
                }, 
                {
                 "name":"startJ",
                 "type":"int",
                 "value":0
                }, 
                {
                 "name":"tier",
                 "type":"int",
                 "value":0
                }],
         "type":"tilelayer",
         "visible":true,
         "width":11,
         "x":0,
         "y":0
        }, 
        {
         "data":[0, 0, 0, 0, 0, 0, 0, 0, 0, 0, 0, 0, 0, 0, 0, 0, 0, 0, 0, 0, 0, 0, 0, 0, 0, 225, 0, 0, 0, 0, 0, 0, 0, 0, 0, 0, 225, 0, 0, 0, 0, 0, 0, 0, 0, 0, 0, 0, 0, 0, 0, 0, 0, 0, 0, 0, 0, 0, 225, 0, 0, 0, 0, 0, 0, 0, 0, 0, 0, 225, 0, 0, 0, 0, 0, 0, 0, 0, 0, 0, 0, 0, 0, 0, 0, 0, 0, 0, 0, 0, 0, 0, 0, 0, 0, 0, 0, 0, 0, 0, 0, 0, 0, 0, 0, 0, 0, 0, 0, 0, 0, 0, 0, 0, 0, 0, 0, 0, 0, 0, 0, 0, 0, 0, 0, 0, 0, 0, 0, 0, 0, 0],
         "height":12,
         "id":92,
         "name":"_ADDON",
         "opacity":1,
         "properties":[
                {
                 "name":"autoPlaceBlockers",
                 "type":"int",
                 "value":2
                }, 
                {
                 "name":"i",
                 "type":"int",
                 "value":9
                }, 
                {
                 "name":"j",
                 "type":"int",
                 "value":9
                }, 
                {
                 "name":"padding-bottom",
                 "type":"int",
                 "value":2
                }, 
                {
                 "name":"padding-left",
                 "type":"int",
                 "value":1
                }, 
                {
                 "name":"padding-right",
                 "type":"int",
                 "value":1
                }, 
                {
                 "name":"padding-top",
                 "type":"int",
                 "value":0
                }, 
                {
                 "name":"startI",
                 "type":"int",
                 "value":0
                }, 
                {
                 "name":"startJ",
                 "type":"int",
                 "value":0
                }, 
                {
                 "name":"tier",
                 "type":"int",
                 "value":0
                }],
         "type":"tilelayer",
         "visible":true,
         "width":11,
         "x":0,
         "y":0
        }],
 "nextlayerid":97,
 "nextobjectid":1,
 "orientation":"orthogonal",
 "properties":[
        {
         "name":"coverID",
         "type":"int",
         "value":0
        }, 
        {
         "name":"iconURL",
         "type":"string",
         "value":""
        }, 
        {
         "name":"sectionName",
         "type":"string",
         "value":"Bossa"
        }],
 "renderorder":"right-down",
 "tiledversion":"1.8.1",
 "tileheight":64,
 "tilesets":[
        {
         "firstgid":1,
         "source":"..\/..\/..\/src\/map\/tilesets\/synt.tsx"
        }, 
        {
         "firstgid":65,
         "source":"..\/..\/..\/src\/map\/tilesets\/gb.tsx"
        }, 
        {
         "firstgid":129,
         "source":"..\/..\/..\/src\/map\/tilesets\/poke.tsx"
        }, 
        {
         "firstgid":193,
         "source":"..\/..\/..\/src\/map\/tilesets\/spadersTileset.tsx"
        }],
 "tilewidth":64,
 "type":"map",
 "version":"1.8",
 "width":11
}