{ "compressionlevel":-1,
 "height":20,
 "infinite":false,
 "layers":[
        {
         "data":[0, 1, 1, 1, 1, 1, 0, 0, 0, 0, 0, 0, 0, 0, 0, 0, 0, 0, 0, 0, 0, 0, 4, 1, 4, 0, 0, 0, 0, 0, 0, 0, 0, 0, 0, 0, 0, 0, 0, 0, 0, 0, 4, 1, 4, 0, 0, 0, 0, 0, 0, 0, 0, 0, 0, 0, 0, 0, 0, 0, 0, 0, 0, 0, 0, 0, 0, 0, 0, 0, 0, 0, 0, 0, 0, 0, 0, 0, 0, 0, 0, 0, 0, 0, 0, 0, 0, 0, 0, 0, 0, 0, 0, 0, 0, 0, 0, 0, 0, 0, 0, 0, 0, 0, 0, 0, 0, 0, 0, 0, 0, 0, 0, 0, 0, 0, 0, 0, 0, 0, 0, 0, 0, 0, 0, 0, 0, 0, 0, 0, 0, 0, 0, 0, 0, 0, 0, 0, 0, 0, 0, 0, 0, 0, 0, 0, 0, 0, 0, 0, 0, 0, 0, 0, 0, 0, 0, 0, 0, 0, 0, 0, 0, 0, 0, 0, 0, 0, 0, 0, 0, 0, 0, 0, 0, 0, 0, 0, 0, 0, 0, 0, 0, 0, 0, 0, 0, 0, 0, 0, 0, 0, 0, 0, 0, 0, 0, 0, 0, 0, 0, 0, 0, 0, 0, 0, 0, 0, 0, 0, 0, 0, 0, 0, 0, 0, 0, 0, 0, 0, 0, 0, 0, 0, 0, 0, 0, 0, 0, 0, 0, 0, 0, 0, 0, 0, 0, 0, 0, 0, 0, 0, 0, 0, 0, 0, 0, 0, 0, 0, 0, 0, 0, 0, 0, 0, 0, 0, 0, 0, 0, 0, 0, 0, 0, 0, 0, 0, 0, 0, 0, 0, 0, 0, 0, 0, 0, 0, 0, 0, 0, 0, 0, 0, 0, 0, 0, 0, 0, 0, 0, 0, 0, 0, 0, 0, 0, 0, 0, 0, 0, 0, 0, 0, 0, 0, 0, 0, 0, 0, 0, 0, 0, 0, 0, 0, 0, 0, 0, 0, 0, 0, 0, 0, 0, 0, 0, 0, 0, 0, 0, 0, 0, 0, 0, 0, 0, 0, 0, 0, 0, 0, 0, 0, 0, 0, 0, 0, 0, 0, 0, 0, 0, 0, 0, 0, 0, 0, 0, 0, 0, 0, 0, 0, 0, 0, 0, 0, 0, 0, 0, 0, 0, 0, 0, 0, 0, 0, 0, 0, 0, 0, 0, 0, 0, 0, 0, 0, 0, 0, 0, 0, 0, 0, 0, 0, 0, 0, 0, 0],
         "height":20,
         "id":71,
         "name":"Shape1",
         "opacity":1,
         "properties":[
                {
                 "name":"autoPlaceBlockers",
                 "type":"int",
                 "value":2
                }, 
                {
                 "name":"i",
                 "type":"int",
                 "value":7
                }, 
                {
                 "name":"j",
                 "type":"int",
                 "value":6
                }, 
                {
                 "name":"padding-bottom",
                 "type":"int",
                 "value":2
                }, 
                {
                 "name":"padding-left",
                 "type":"int",
                 "value":1
                }, 
                {
                 "name":"padding-right",
                 "type":"int",
                 "value":1
                }, 
                {
                 "name":"padding-top",
                 "type":"int",
                 "value":0
                }, 
                {
                 "name":"require",
                 "type":"string",
                 "value":"-1"
                }, 
                {
                 "name":"startI",
                 "type":"int",
                 "value":0
                }, 
                {
                 "name":"startJ",
                 "type":"int",
                 "value":0
                }, 
                {
                 "name":"tier",
                 "type":"int",
                 "value":0
                }],
         "type":"tilelayer",
         "visible":true,
         "width":20,
         "x":0,
         "y":0
        }, 
        {
         "data":[0, 0, 1, 0, 0, 0, 0, 0, 0, 0, 0, 0, 0, 0, 0, 0, 0, 0, 0, 0, 0, 1, 2, 1, 0, 0, 0, 0, 0, 0, 0, 0, 0, 0, 0, 0, 0, 0, 0, 0, 1, 2, 3, 2, 1, 0, 0, 0, 0, 0, 0, 0, 0, 0, 0, 0, 0, 0, 0, 0, 0, 1, 2, 1, 0, 0, 0, 0, 0, 0, 0, 0, 0, 0, 0, 0, 0, 0, 0, 0, 0, 0, 1, 0, 0, 0, 0, 0, 0, 0, 0, 0, 0, 0, 0, 0, 0, 0, 0, 0, 0, 0, 0, 0, 0, 0, 0, 0, 0, 0, 0, 0, 0, 0, 0, 0, 0, 0, 0, 0, 0, 0, 0, 0, 0, 0, 0, 0, 0, 0, 0, 0, 0, 0, 0, 0, 0, 0, 0, 0, 0, 0, 0, 0, 0, 0, 0, 0, 0, 0, 0, 0, 0, 0, 0, 0, 0, 0, 0, 0, 0, 0, 0, 0, 0, 0, 0, 0, 0, 0, 0, 0, 0, 0, 0, 0, 0, 0, 0, 0, 0, 0, 0, 0, 0, 0, 0, 0, 0, 0, 0, 0, 0, 0, 0, 0, 0, 0, 0, 0, 0, 0, 0, 0, 0, 0, 0, 0, 0, 0, 0, 0, 0, 0, 0, 0, 0, 0, 0, 0, 0, 0, 0, 0, 0, 0, 0, 0, 0, 0, 0, 0, 0, 0, 0, 0, 0, 0, 0, 0, 0, 0, 0, 0, 0, 0, 0, 0, 0, 0, 0, 0, 0, 0, 0, 0, 0, 0, 0, 0, 0, 0, 0, 0, 0, 0, 0, 0, 0, 0, 0, 0, 0, 0, 0, 0, 0, 0, 0, 0, 0, 0, 0, 0, 0, 0, 0, 0, 0, 0, 0, 0, 0, 0, 0, 0, 0, 0, 0, 0, 0, 0, 0, 0, 0, 0, 0, 0, 0, 0, 0, 0, 0, 0, 0, 0, 0, 0, 0, 0, 0, 0, 0, 0, 0, 0, 0, 0, 0, 0, 0, 0, 0, 0, 0, 0, 0, 0, 0, 0, 0, 0, 0, 0, 0, 0, 0, 0, 0, 0, 0, 0, 0, 0, 0, 0, 0, 0, 0, 0, 0, 0, 0, 0, 0, 0, 0, 0, 0, 0, 0, 0, 0, 0, 0, 0, 0, 0, 0, 0, 0, 0, 0, 0, 0, 0, 0, 0, 0, 0, 0, 0, 0, 0, 0, 0, 0, 0, 0, 0],
         "height":20,
         "id":72,
         "name":"Shape2",
         "opacity":1,
         "properties":[
                {
                 "name":"autoPlaceBlockers",
                 "type":"int",
                 "value":2
                }, 
                {
                 "name":"i",
                 "type":"int",
                 "value":5
                }, 
                {
                 "name":"j",
                 "type":"int",
                 "value":6
                }, 
                {
                 "name":"padding-bottom",
                 "type":"int",
                 "value":2
                }, 
                {
                 "name":"padding-left",
                 "type":"int",
                 "value":1
                }, 
                {
                 "name":"padding-right",
                 "type":"int",
                 "value":1
                }, 
                {
                 "name":"padding-top",
                 "type":"int",
                 "value":0
                }, 
                {
                 "name":"require",
                 "type":"string",
                 "value":"0"
                }, 
                {
                 "name":"startI",
                 "type":"int",
                 "value":0
                }, 
                {
                 "name":"startJ",
                 "type":"int",
                 "value":0
                }, 
                {
                 "name":"tier",
                 "type":"int",
                 "value":0
                }],
         "type":"tilelayer",
         "visible":true,
         "width":20,
         "x":0,
         "y":0
        }, 
        {
         "data":[1, 1, 1, 1, 1, 0, 0, 0, 0, 0, 0, 0, 0, 0, 0, 0, 0, 0, 0, 0, 0, 1, 2, 1, 1, 0, 0, 0, 0, 0, 0, 0, 0, 0, 0, 0, 0, 0, 0, 0, 1, 2, 3, 2, 1, 0, 0, 0, 0, 0, 0, 0, 0, 0, 0, 0, 0, 0, 0, 0, 1, 1, 1, 1, 1, 0, 0, 0, 0, 0, 0, 0, 0, 0, 0, 0, 0, 0, 0, 0, 0, 0, 1, 0, 0, 0, 0, 0, 0, 0, 0, 0, 0, 0, 0, 0, 0, 0, 0, 0, 0, 0, 0, 0, 0, 0, 0, 0, 0, 0, 0, 0, 0, 0, 0, 0, 0, 0, 0, 0, 0, 0, 0, 0, 0, 0, 0, 0, 0, 0, 0, 0, 0, 0, 0, 0, 0, 0, 0, 0, 0, 0, 0, 0, 0, 0, 0, 0, 0, 0, 0, 0, 0, 0, 0, 0, 0, 0, 0, 0, 0, 0, 0, 0, 0, 0, 0, 0, 0, 0, 0, 0, 0, 0, 0, 0, 0, 0, 0, 0, 0, 0, 0, 0, 0, 0, 0, 0, 0, 0, 0, 0, 0, 0, 0, 0, 0, 0, 0, 0, 0, 0, 0, 0, 0, 0, 0, 0, 0, 0, 0, 0, 0, 0, 0, 0, 0, 0, 0, 0, 0, 0, 0, 0, 0, 0, 0, 0, 0, 0, 0, 0, 0, 0, 0, 0, 0, 0, 0, 0, 0, 0, 0, 0, 0, 0, 0, 0, 0, 0, 0, 0, 0, 0, 0, 0, 0, 0, 0, 0, 0, 0, 0, 0, 0, 0, 0, 0, 0, 0, 0, 0, 0, 0, 0, 0, 0, 0, 0, 0, 0, 0, 0, 0, 0, 0, 0, 0, 0, 0, 0, 0, 0, 0, 0, 0, 0, 0, 0, 0, 0, 0, 0, 0, 0, 0, 0, 0, 0, 0, 0, 0, 0, 0, 0, 0, 0, 0, 0, 0, 0, 0, 0, 0, 0, 0, 0, 0, 0, 0, 0, 0, 0, 0, 0, 0, 0, 0, 0, 0, 0, 0, 0, 0, 0, 0, 0, 0, 0, 0, 0, 0, 0, 0, 0, 0, 0, 0, 0, 0, 0, 0, 0, 0, 0, 0, 0, 0, 0, 0, 0, 0, 0, 0, 0, 0, 0, 0, 0, 0, 0, 0, 0, 0, 0, 0, 0, 0, 0, 0, 0, 0, 0, 0, 0, 0, 0, 0, 0, 0],
         "height":20,
         "id":115,
         "name":"Copy of Shape2",
         "opacity":1,
         "properties":[
                {
                 "name":"autoPlaceBlockers",
                 "type":"int",
                 "value":2
                }, 
                {
                 "name":"i",
                 "type":"int",
                 "value":5
                }, 
                {
                 "name":"j",
                 "type":"int",
                 "value":6
                }, 
                {
                 "name":"padding-bottom",
                 "type":"int",
                 "value":3
                }, 
                {
                 "name":"padding-left",
                 "type":"int",
                 "value":0
                }, 
                {
                 "name":"padding-right",
                 "type":"int",
                 "value":0
                }, 
                {
                 "name":"padding-top",
                 "type":"int",
                 "value":0
                }, 
                {
                 "name":"require",
                 "type":"string",
                 "value":"0"
                }, 
                {
                 "name":"startI",
                 "type":"int",
                 "value":0
                }, 
                {
                 "name":"startJ",
                 "type":"int",
                 "value":0
                }, 
                {
                 "name":"tier",
                 "type":"int",
                 "value":0
                }],
         "type":"tilelayer",
         "visible":false,
         "width":20,
         "x":0,
         "y":0
        }, 
        {
         "data":[0, 0, 37, 36, 0, 0, 0, 0, 0, 0, 0, 0, 0, 0, 0, 0, 0, 0, 0, 0, 0, 0, 0, 0, 48, 0, 0, 0, 0, 0, 0, 0, 0, 0, 0, 0, 0, 0, 0, 0, 0, 0, 0, 38, 0, 0, 0, 0, 0, 0, 0, 0, 0, 0, 0, 0, 0, 0, 0, 0, 0, 39, 0, 0, 0, 0, 0, 0, 0, 0, 0, 0, 0, 0, 0, 0, 0, 0, 0, 0, 0, 0, 0, 0, 0, 0, 0, 0, 0, 0, 0, 0, 0, 0, 0, 0, 0, 0, 0, 0, 0, 0, 0, 0, 0, 0, 0, 0, 0, 0, 0, 0, 0, 0, 0, 0, 0, 0, 0, 0, 0, 0, 0, 0, 0, 0, 0, 0, 0, 0, 0, 0, 0, 0, 0, 0, 0, 0, 0, 0, 0, 0, 0, 0, 0, 0, 0, 0, 0, 0, 0, 0, 0, 0, 0, 0, 0, 0, 0, 0, 0, 0, 0, 0, 0, 0, 0, 0, 0, 0, 0, 0, 0, 0, 0, 0, 0, 0, 0, 0, 0, 0, 0, 0, 0, 0, 0, 0, 0, 0, 0, 0, 0, 0, 0, 0, 0, 0, 0, 0, 0, 0, 0, 0, 0, 0, 0, 0, 0, 0, 0, 0, 0, 0, 0, 0, 0, 0, 0, 0, 0, 0, 0, 0, 0, 0, 0, 0, 0, 0, 0, 0, 0, 0, 0, 0, 0, 0, 0, 0, 0, 0, 0, 0, 0, 0, 0, 0, 0, 0, 0, 0, 0, 0, 0, 0, 0, 0, 0, 0, 0, 0, 0, 0, 0, 0, 0, 0, 0, 0, 0, 0, 0, 0, 0, 0, 0, 0, 0, 0, 0, 0, 0, 0, 0, 0, 0, 0, 0, 0, 0, 0, 0, 0, 0, 0, 0, 0, 0, 0, 0, 0, 0, 0, 0, 0, 0, 0, 0, 0, 0, 0, 0, 0, 0, 0, 0, 0, 0, 0, 0, 0, 0, 0, 0, 0, 0, 0, 0, 0, 0, 0, 0, 0, 0, 0, 0, 0, 0, 0, 0, 0, 0, 0, 0, 0, 0, 0, 0, 0, 0, 0, 0, 0, 0, 0, 0, 0, 0, 0, 0, 0, 0, 0, 0, 0, 0, 0, 0, 0, 0, 0, 0, 0, 0, 0, 0, 0, 0, 0, 0, 0, 0, 0, 0, 0, 0, 0, 0, 0, 0, 0, 0, 0, 0, 0, 0, 0, 0, 0],
         "height":20,
         "id":114,
         "name":"_ADDON",
         "opacity":1,
         "properties":[
                {
                 "name":"autoPlaceBlockers",
                 "type":"int",
                 "value":2
                }, 
                {
                 "name":"i",
                 "type":"int",
                 "value":6
                }, 
                {
                 "name":"j",
                 "type":"int",
                 "value":9
                }, 
                {
                 "name":"padding-bottom",
                 "type":"int",
                 "value":3
                }, 
                {
                 "name":"padding-left",
                 "type":"int",
                 "value":0
                }, 
                {
                 "name":"padding-right",
                 "type":"int",
                 "value":0
                }, 
                {
                 "name":"padding-top",
                 "type":"int",
                 "value":0
                }, 
                {
                 "name":"startI",
                 "type":"int",
                 "value":0
                }, 
                {
                 "name":"startJ",
                 "type":"int",
                 "value":0
                }, 
                {
                 "name":"tier",
                 "type":"int",
                 "value":0
                }],
         "type":"tilelayer",
         "visible":false,
         "width":20,
         "x":0,
         "y":0
        }, 
        {
         "data":[5, 5, 5, 5, 5, 0, 0, 0, 0, 0, 0, 0, 0, 0, 0, 0, 0, 0, 0, 0, 0, 4, 5, 4, 0, 0, 0, 0, 0, 0, 0, 0, 0, 0, 0, 0, 0, 0, 0, 0, 6, 4, 0, 4, 6, 0, 0, 0, 0, 0, 0, 0, 0, 0, 0, 0, 0, 0, 0, 0, 0, 4, 0, 4, 0, 0, 0, 0, 0, 0, 0, 0, 0, 0, 0, 0, 0, 0, 0, 0, 0, 0, 0, 0, 0, 0, 0, 0, 0, 0, 0, 0, 0, 0, 0, 0, 0, 0, 0, 0, 0, 0, 0, 0, 0, 0, 0, 0, 0, 0, 0, 0, 0, 0, 0, 0, 0, 0, 0, 0, 0, 0, 0, 0, 0, 0, 0, 0, 0, 0, 0, 0, 0, 0, 0, 0, 0, 0, 0, 0, 0, 0, 0, 0, 0, 0, 0, 0, 0, 0, 0, 0, 0, 0, 0, 0, 0, 0, 0, 0, 0, 0, 0, 0, 0, 0, 0, 0, 0, 0, 0, 0, 0, 0, 0, 0, 0, 0, 0, 0, 0, 0, 0, 0, 0, 0, 0, 0, 0, 0, 0, 0, 0, 0, 0, 0, 0, 0, 0, 0, 0, 0, 0, 0, 0, 0, 0, 0, 0, 0, 0, 0, 0, 0, 0, 0, 0, 0, 0, 0, 0, 0, 0, 0, 0, 0, 0, 0, 0, 0, 0, 0, 0, 0, 0, 0, 0, 0, 0, 0, 0, 0, 0, 0, 0, 0, 0, 0, 0, 0, 0, 0, 0, 0, 0, 0, 0, 0, 0, 0, 0, 0, 0, 0, 0, 0, 0, 0, 0, 0, 0, 0, 0, 0, 0, 0, 0, 0, 0, 0, 0, 0, 0, 0, 0, 0, 0, 0, 0, 0, 0, 0, 0, 0, 0, 0, 0, 0, 0, 0, 0, 0, 0, 0, 0, 0, 0, 0, 0, 0, 0, 0, 0, 0, 0, 0, 0, 0, 0, 0, 0, 0, 0, 0, 0, 0, 0, 0, 0, 0, 0, 0, 0, 0, 0, 0, 0, 0, 0, 0, 0, 0, 0, 0, 0, 0, 0, 0, 0, 0, 0, 0, 0, 0, 0, 0, 0, 0, 0, 0, 0, 0, 0, 0, 0, 0, 0, 0, 0, 0, 0, 0, 0, 0, 0, 0, 0, 0, 0, 0, 0, 0, 0, 0, 0, 0, 0, 0, 0, 0, 0, 0, 0, 0, 0, 0, 0, 0, 0, 0],
         "height":20,
         "id":73,
         "name":"Shape3",
         "opacity":1,
         "properties":[
                {
                 "name":"autoPlaceBlockers",
                 "type":"int",
                 "value":2
                }, 
                {
                 "name":"i",
                 "type":"int",
                 "value":5
                }, 
                {
                 "name":"j",
                 "type":"int",
                 "value":6
                }, 
                {
                 "name":"padding-bottom",
                 "type":"int",
                 "value":2
                }, 
                {
                 "name":"padding-left",
                 "type":"int",
                 "value":1
                }, 
                {
                 "name":"padding-right",
                 "type":"int",
                 "value":1
                }, 
                {
                 "name":"padding-top",
                 "type":"int",
                 "value":0
                }, 
                {
                 "name":"require",
                 "type":"string",
                 "value":"1"
                }, 
                {
                 "name":"startI",
                 "type":"int",
                 "value":0
                }, 
                {
                 "name":"startJ",
                 "type":"int",
                 "value":0
                }, 
                {
                 "name":"tier",
                 "type":"int",
                 "value":0
                }],
         "type":"tilelayer",
         "visible":true,
         "width":20,
         "x":0,
         "y":0
        }, 
        {
         "data":[0, 0, 3, 0, 0, 0, 0, 0, 0, 0, 0, 0, 0, 0, 0, 0, 0, 0, 0, 0, 0, 4, 3, 4, 0, 0, 0, 0, 0, 0, 0, 0, 0, 0, 0, 0, 0, 0, 0, 0, 0, 4, 10, 4, 0, 0, 0, 0, 0, 0, 0, 0, 0, 0, 0, 0, 0, 0, 0, 0, 4, 4, 3, 4, 4, 0, 0, 0, 0, 0, 0, 0, 0, 0, 0, 0, 0, 0, 0, 0, 4, 0, 3, 0, 4, 0, 0, 0, 0, 0, 0, 0, 0, 0, 0, 0, 0, 0, 0, 0, 4, 0, 0, 0, 4, 0, 0, 0, 0, 0, 0, 0, 0, 0, 0, 0, 0, 0, 0, 0, 0, 0, 0, 0, 0, 0, 0, 0, 0, 0, 0, 0, 0, 0, 0, 0, 0, 0, 0, 0, 0, 0, 0, 0, 0, 0, 0, 0, 0, 0, 0, 0, 0, 0, 0, 0, 0, 0, 0, 0, 0, 0, 0, 0, 0, 0, 0, 0, 0, 0, 0, 0, 0, 0, 0, 0, 0, 0, 0, 0, 0, 0, 0, 0, 0, 0, 0, 0, 0, 0, 0, 0, 0, 0, 0, 0, 0, 0, 0, 0, 0, 0, 0, 0, 0, 0, 0, 0, 0, 0, 0, 0, 0, 0, 0, 0, 0, 0, 0, 0, 0, 0, 0, 0, 0, 0, 0, 0, 0, 0, 0, 0, 0, 0, 0, 0, 0, 0, 0, 0, 0, 0, 0, 0, 0, 0, 0, 0, 0, 0, 0, 0, 0, 0, 0, 0, 0, 0, 0, 0, 0, 0, 0, 0, 0, 0, 0, 0, 0, 0, 0, 0, 0, 0, 0, 0, 0, 0, 0, 0, 0, 0, 0, 0, 0, 0, 0, 0, 0, 0, 0, 0, 0, 0, 0, 0, 0, 0, 0, 0, 0, 0, 0, 0, 0, 0, 0, 0, 0, 0, 0, 0, 0, 0, 0, 0, 0, 0, 0, 0, 0, 0, 0, 0, 0, 0, 0, 0, 0, 0, 0, 0, 0, 0, 0, 0, 0, 0, 0, 0, 0, 0, 0, 0, 0, 0, 0, 0, 0, 0, 0, 0, 0, 0, 0, 0, 0, 0, 0, 0, 0, 0, 0, 0, 0, 0, 0, 0, 0, 0, 0, 0, 0, 0, 0, 0, 0, 0, 0, 0, 0, 0, 0, 0, 0, 0, 0, 0, 0, 0, 0, 0, 0, 0, 0, 0, 0, 0, 0, 0],
         "height":20,
         "id":74,
         "name":"Shape4",
         "opacity":1,
         "properties":[
                {
                 "name":"autoPlaceBlockers",
                 "type":"int",
                 "value":2
                }, 
                {
                 "name":"i",
                 "type":"int",
                 "value":5
                }, 
                {
                 "name":"j",
                 "type":"int",
                 "value":6
                }, 
                {
                 "name":"padding-bottom",
                 "type":"int",
                 "value":2
                }, 
                {
                 "name":"padding-left",
                 "type":"int",
                 "value":1
                }, 
                {
                 "name":"padding-right",
                 "type":"int",
                 "value":1
                }, 
                {
                 "name":"padding-top",
                 "type":"int",
                 "value":0
                }, 
                {
                 "name":"require",
                 "type":"string",
                 "value":"1"
                }, 
                {
                 "name":"startI",
                 "type":"int",
                 "value":0
                }, 
                {
                 "name":"startJ",
                 "type":"int",
                 "value":0
                }, 
                {
                 "name":"tier",
                 "type":"int",
                 "value":0
                }],
         "type":"tilelayer",
         "visible":true,
         "width":20,
         "x":0,
         "y":0
        }, 
        {
         "data":[6, 6, 6, 9, 6, 6, 6, 0, 0, 0, 0, 0, 0, 0, 0, 0, 0, 0, 0, 0, 0, 6, 6, 0, 6, 6, 0, 0, 0, 0, 0, 0, 0, 0, 0, 0, 0, 0, 0, 0, 0, 6, 10, 0, 10, 6, 0, 0, 0, 0, 0, 0, 0, 0, 0, 0, 0, 0, 0, 0, 0, 6, 2, 0, 2, 6, 0, 0, 0, 0, 0, 0, 0, 0, 0, 0, 0, 0, 0, 0, 0, 0, 2, 2, 2, 0, 0, 0, 0, 0, 0, 0, 0, 0, 0, 0, 0, 0, 0, 0, 0, 0, 0, 0, 0, 0, 0, 0, 0, 0, 0, 0, 0, 0, 0, 0, 0, 0, 0, 0, 0, 0, 0, 0, 0, 0, 0, 0, 0, 0, 0, 0, 0, 0, 0, 0, 0, 0, 0, 0, 0, 0, 0, 0, 0, 0, 0, 0, 0, 0, 0, 0, 0, 0, 0, 0, 0, 0, 0, 0, 0, 0, 0, 0, 0, 0, 0, 0, 0, 0, 0, 0, 0, 0, 0, 0, 0, 0, 0, 0, 0, 0, 0, 0, 0, 0, 0, 0, 0, 0, 0, 0, 0, 0, 0, 0, 0, 0, 0, 0, 0, 0, 0, 0, 0, 0, 0, 0, 0, 0, 0, 0, 0, 0, 0, 0, 0, 0, 0, 0, 0, 0, 0, 0, 0, 0, 0, 0, 0, 0, 0, 0, 0, 0, 0, 0, 0, 0, 0, 0, 0, 0, 0, 0, 0, 0, 0, 0, 0, 0, 0, 0, 0, 0, 0, 0, 0, 0, 0, 0, 0, 0, 0, 0, 0, 0, 0, 0, 0, 0, 0, 0, 0, 0, 0, 0, 0, 0, 0, 0, 0, 0, 0, 0, 0, 0, 0, 0, 0, 0, 0, 0, 0, 0, 0, 0, 0, 0, 0, 0, 0, 0, 0, 0, 0, 0, 0, 0, 0, 0, 0, 0, 0, 0, 0, 0, 0, 0, 0, 0, 0, 0, 0, 0, 0, 0, 0, 0, 0, 0, 0, 0, 0, 0, 0, 0, 0, 0, 0, 0, 0, 0, 0, 0, 0, 0, 0, 0, 0, 0, 0, 0, 0, 0, 0, 0, 0, 0, 0, 0, 0, 0, 0, 0, 0, 0, 0, 0, 0, 0, 0, 0, 0, 0, 0, 0, 0, 0, 0, 0, 0, 0, 0, 0, 0, 0, 0, 0, 0, 0, 0, 0, 0, 0, 0, 0, 0, 0, 0, 0],
         "height":20,
         "id":78,
         "name":"Shape5",
         "opacity":1,
         "properties":[
                {
                 "name":"autoPlaceBlockers",
                 "type":"int",
                 "value":2
                }, 
                {
                 "name":"i",
                 "type":"int",
                 "value":7
                }, 
                {
                 "name":"j",
                 "type":"int",
                 "value":6
                }, 
                {
                 "name":"padding-bottom",
                 "type":"int",
                 "value":2
                }, 
                {
                 "name":"padding-left",
                 "type":"int",
                 "value":1
                }, 
                {
                 "name":"padding-right",
                 "type":"int",
                 "value":1
                }, 
                {
                 "name":"padding-top",
                 "type":"int",
                 "value":0
                }, 
                {
                 "name":"require",
                 "type":"string",
                 "value":"3"
                }, 
                {
                 "name":"startI",
                 "type":"int",
                 "value":0
                }, 
                {
                 "name":"startJ",
                 "type":"int",
                 "value":0
                }, 
                {
                 "name":"tier",
                 "type":"int",
                 "value":0
                }],
         "type":"tilelayer",
         "visible":true,
         "width":20,
         "x":0,
         "y":0
        }, 
        {
         "data":[0, 0, 0, 0, 0, 0, 0, 0, 0, 0, 0, 0, 0, 0, 0, 0, 0, 0, 0, 0, 0, 10, 10, 10, 10, 0, 0, 0, 0, 0, 0, 0, 0, 0, 0, 0, 0, 0, 0, 0, 10, 10, 2, 2, 10, 10, 0, 0, 0, 0, 0, 0, 0, 0, 0, 0, 0, 0, 0, 0, 10, 2, 2, 9, 2, 10, 0, 0, 0, 0, 0, 0, 0, 0, 0, 0, 0, 0, 0, 0, 10, 2, 2, 2, 2, 10, 0, 0, 0, 0, 0, 0, 0, 0, 0, 0, 0, 0, 0, 0, 10, 10, 2, 2, 10, 10, 0, 0, 0, 0, 0, 0, 0, 0, 0, 0, 0, 0, 0, 0, 0, 10, 10, 10, 10, 0, 0, 0, 0, 0, 0, 0, 0, 0, 0, 0, 0, 0, 0, 0, 0, 0, 0, 0, 0, 0, 0, 0, 0, 0, 0, 0, 0, 0, 0, 0, 0, 0, 0, 0, 0, 0, 0, 0, 0, 0, 0, 0, 0, 0, 0, 0, 0, 0, 0, 0, 0, 0, 0, 0, 0, 0, 0, 0, 0, 0, 0, 0, 0, 0, 0, 0, 0, 0, 0, 0, 0, 0, 0, 0, 0, 0, 0, 0, 0, 0, 0, 0, 0, 0, 0, 0, 0, 0, 0, 0, 0, 0, 0, 0, 0, 0, 0, 0, 0, 0, 0, 0, 0, 0, 0, 0, 0, 0, 0, 0, 0, 0, 0, 0, 0, 0, 0, 0, 0, 0, 0, 0, 0, 0, 0, 0, 0, 0, 0, 0, 0, 0, 0, 0, 0, 0, 0, 0, 0, 0, 0, 0, 0, 0, 0, 0, 0, 0, 0, 0, 0, 0, 0, 0, 0, 0, 0, 0, 0, 0, 0, 0, 0, 0, 0, 0, 0, 0, 0, 0, 0, 0, 0, 0, 0, 0, 0, 0, 0, 0, 0, 0, 0, 0, 0, 0, 0, 0, 0, 0, 0, 0, 0, 0, 0, 0, 0, 0, 0, 0, 0, 0, 0, 0, 0, 0, 0, 0, 0, 0, 0, 0, 0, 0, 0, 0, 0, 0, 0, 0, 0, 0, 0, 0, 0, 0, 0, 0, 0, 0, 0, 0, 0, 0, 0, 0, 0, 0, 0, 0, 0, 0, 0, 0, 0, 0, 0, 0, 0, 0, 0, 0, 0, 0, 0, 0, 0, 0, 0, 0, 0, 0, 0, 0, 0, 0, 0, 0, 0, 0, 0, 0, 0, 0],
         "height":20,
         "id":77,
         "name":"Shape6",
         "opacity":1,
         "properties":[
                {
                 "name":"autoPlaceBlockers",
                 "type":"int",
                 "value":2
                }, 
                {
                 "name":"i",
                 "type":"int",
                 "value":6
                }, 
                {
                 "name":"j",
                 "type":"int",
                 "value":9
                }, 
                {
                 "name":"padding-bottom",
                 "type":"int",
                 "value":2
                }, 
                {
                 "name":"padding-left",
                 "type":"int",
                 "value":1
                }, 
                {
                 "name":"padding-right",
                 "type":"int",
                 "value":1
                }, 
                {
                 "name":"padding-top",
                 "type":"int",
                 "value":0
                }, 
                {
                 "name":"require",
                 "type":"string",
                 "value":"2"
                }, 
                {
                 "name":"startI",
                 "type":"int",
                 "value":0
                }, 
                {
                 "name":"startJ",
                 "type":"int",
                 "value":0
                }, 
                {
                 "name":"tier",
                 "type":"int",
                 "value":0
                }],
         "type":"tilelayer",
         "visible":true,
         "width":20,
         "x":0,
         "y":0
        }, 
        {
         "data":[8, 8, 3, 1, 1, 1, 1, 1, 1, 3, 8, 8, 0, 0, 0, 0, 0, 0, 0, 0, 3, 8, 8, 3, 1, 1, 1, 1, 3, 8, 8, 3, 0, 0, 0, 0, 0, 0, 0, 0, 0, 3, 8, 8, 3, 1, 1, 3, 8, 8, 3, 0, 0, 0, 0, 0, 0, 0, 0, 0, 0, 0, 3, 8, 8, 3, 3, 8, 8, 3, 0, 0, 0, 0, 0, 0, 0, 0, 0, 0, 0, 0, 0, 3, 8, 8, 8, 8, 3, 0, 0, 0, 0, 0, 0, 0, 0, 0, 0, 0, 0, 0, 3, 8, 8, 3, 3, 8, 8, 3, 0, 0, 0, 0, 0, 0, 0, 0, 0, 0, 0, 3, 8, 8, 3, 0, 0, 3, 8, 8, 3, 0, 0, 0, 0, 0, 0, 0, 0, 0, 3, 8, 8, 3, 0, 0, 0, 0, 3, 8, 8, 3, 0, 0, 0, 0, 0, 0, 0, 0, 8, 8, 3, 0, 0, 0, 0, 0, 0, 3, 8, 8, 0, 0, 0, 0, 0, 0, 0, 0, 8, 3, 0, 0, 0, 0, 0, 0, 0, 0, 3, 8, 0, 0, 0, 0, 0, 0, 0, 0, 3, 0, 0, 0, 0, 0, 0, 0, 0, 0, 0, 3, 0, 0, 0, 0, 0, 0, 0, 0, 0, 0, 0, 0, 0, 0, 0, 0, 0, 0, 0, 0, 0, 0, 0, 0, 0, 0, 0, 0, 0, 0, 0, 0, 0, 0, 0, 0, 0, 0, 0, 0, 0, 0, 0, 0, 0, 0, 0, 0, 0, 0, 0, 0, 0, 0, 0, 0, 0, 0, 0, 0, 0, 0, 0, 0, 0, 0, 0, 0, 0, 0, 0, 0, 0, 0, 0, 0, 0, 0, 0, 0, 0, 0, 0, 0, 0, 0, 0, 0, 0, 0, 0, 0, 0, 0, 0, 0, 0, 0, 0, 0, 0, 0, 0, 0, 0, 0, 0, 0, 0, 0, 0, 0, 0, 0, 0, 0, 0, 0, 0, 0, 0, 0, 0, 0, 0, 0, 0, 0, 0, 0, 0, 0, 0, 0, 0, 0, 0, 0, 0, 0, 0, 0, 0, 0, 0, 0, 0, 0, 0, 0, 0, 0, 0, 0, 0, 0, 0, 0, 0, 0, 0, 0, 0, 0, 0, 0, 0, 0, 0, 0, 0, 0, 0, 0, 0, 0, 0, 0, 0, 0, 0, 0, 0, 0, 0, 0, 0, 0],
         "height":20,
         "id":97,
         "name":"Shape7",
         "opacity":1,
         "properties":[
                {
                 "name":"autoPlaceBlockers",
                 "type":"int",
                 "value":2
                }, 
                {
                 "name":"i",
                 "type":"int",
                 "value":6
                }, 
                {
                 "name":"j",
                 "type":"int",
                 "value":9
                }, 
                {
                 "name":"padding-bottom",
                 "type":"int",
                 "value":2
                }, 
                {
                 "name":"padding-left",
                 "type":"int",
                 "value":0
                }, 
                {
                 "name":"padding-right",
                 "type":"int",
                 "value":0
                }, 
                {
                 "name":"padding-top",
                 "type":"int",
                 "value":0
                }, 
                {
                 "name":"require",
                 "type":"string",
                 "value":"5"
                }, 
                {
                 "name":"scale",
                 "type":"int",
                 "value":2
                }, 
                {
                 "name":"startI",
                 "type":"int",
                 "value":0
                }, 
                {
                 "name":"startJ",
                 "type":"int",
                 "value":0
                }, 
                {
                 "name":"tier",
                 "type":"int",
                 "value":0
                }],
         "type":"tilelayer",
         "visible":true,
         "width":20,
         "x":0,
         "y":0
        }, 
        {
         "data":[3, 4, 3, 8, 3, 8, 3, 4, 3, 0, 0, 0, 0, 0, 0, 0, 0, 0, 0, 0, 4, 3, 8, 3, 7, 3, 8, 3, 4, 0, 0, 0, 0, 0, 0, 0, 0, 0, 0, 0, 3, 8, 3, 7, 3, 7, 3, 8, 3, 0, 0, 0, 0, 0, 0, 0, 0, 0, 0, 0, 8, 3, 7, 3, 0, 3, 7, 3, 8, 0, 0, 0, 0, 0, 0, 0, 0, 0, 0, 0, 3, 7, 3, 0, 0, 0, 3, 7, 3, 0, 0, 0, 0, 0, 0, 0, 0, 0, 0, 0, 7, 3, 0, 0, 0, 0, 0, 3, 7, 0, 0, 0, 0, 0, 0, 0, 0, 0, 0, 0, 3, 0, 0, 0, 0, 0, 0, 0, 3, 0, 0, 0, 0, 0, 0, 0, 0, 0, 0, 0, 0, 0, 0, 0, 0, 0, 0, 0, 0, 0, 0, 0, 0, 0, 0, 0, 0, 0, 0, 0, 0, 0, 0, 0, 0, 0, 0, 0, 0, 0, 0, 0, 0, 0, 0, 0, 0, 0, 0, 0, 0, 0, 0, 0, 0, 0, 0, 0, 0, 0, 0, 0, 0, 0, 0, 0, 0, 0, 0, 0, 0, 0, 0, 0, 0, 0, 0, 0, 0, 0, 0, 0, 0, 0, 0, 0, 0, 0, 0, 0, 0, 0, 0, 0, 0, 0, 0, 0, 0, 0, 0, 0, 0, 0, 0, 0, 0, 0, 0, 0, 0, 0, 0, 0, 0, 0, 0, 0, 0, 0, 0, 0, 0, 0, 0, 0, 0, 0, 0, 0, 0, 0, 0, 0, 0, 0, 0, 0, 0, 0, 0, 0, 0, 0, 0, 0, 0, 0, 0, 0, 0, 0, 0, 0, 0, 0, 0, 0, 0, 0, 0, 0, 0, 0, 0, 0, 0, 0, 0, 0, 0, 0, 0, 0, 0, 0, 0, 0, 0, 0, 0, 0, 0, 0, 0, 0, 0, 0, 0, 0, 0, 0, 0, 0, 0, 0, 0, 0, 0, 0, 0, 0, 0, 0, 0, 0, 0, 0, 0, 0, 0, 0, 0, 0, 0, 0, 0, 0, 0, 0, 0, 0, 0, 0, 0, 0, 0, 0, 0, 0, 0, 0, 0, 0, 0, 0, 0, 0, 0, 0, 0, 0, 0, 0, 0, 0, 0, 0, 0, 0, 0, 0, 0, 0, 0, 0, 0, 0, 0, 0, 0, 0, 0, 0, 0, 0, 0, 0, 0, 0],
         "height":20,
         "id":90,
         "name":"Shape8",
         "opacity":1,
         "properties":[
                {
                 "name":"autoPlaceBlockers",
                 "type":"int",
                 "value":2
                }, 
                {
                 "name":"i",
                 "type":"int",
                 "value":6
                }, 
                {
                 "name":"j",
                 "type":"int",
                 "value":9
                }, 
                {
                 "name":"padding-bottom",
                 "type":"int",
                 "value":2
                }, 
                {
                 "name":"padding-left",
                 "type":"int",
                 "value":0
                }, 
                {
                 "name":"padding-right",
                 "type":"int",
                 "value":0
                }, 
                {
                 "name":"padding-top",
                 "type":"int",
                 "value":0
                }, 
                {
                 "name":"require",
                 "type":"string",
                 "value":"4"
                }, 
                {
                 "name":"startI",
                 "type":"int",
                 "value":0
                }, 
                {
                 "name":"startJ",
                 "type":"int",
                 "value":0
                }, 
                {
                 "name":"tier",
                 "type":"int",
                 "value":0
                }],
         "type":"tilelayer",
         "visible":true,
         "width":20,
         "x":0,
         "y":0
        }, 
        {
         "data":[9, 9, 9, 1, 1, 1, 9, 9, 9, 0, 0, 0, 0, 0, 0, 0, 0, 0, 0, 0, 9, 0, 9, 1, 1, 1, 9, 0, 9, 0, 0, 0, 0, 0, 0, 0, 0, 0, 0, 0, 9, 0, 9, 1, 1, 1, 9, 0, 9, 0, 0, 0, 0, 0, 0, 0, 0, 0, 0, 0, 9, 0, 9, 9, 9, 9, 9, 0, 9, 0, 0, 0, 0, 0, 0, 0, 0, 0, 0, 0, 0, 0, 0, 0, 0, 0, 0, 0, 0, 0, 0, 0, 0, 0, 0, 0, 0, 0, 0, 0, 0, 0, 0, 0, 0, 0, 0, 0, 0, 0, 0, 0, 0, 0, 0, 0, 0, 0, 0, 0, 0, 0, 0, 0, 0, 0, 0, 0, 0, 0, 0, 0, 0, 0, 0, 0, 0, 0, 0, 0, 0, 0, 0, 0, 0, 0, 0, 0, 0, 0, 0, 0, 0, 0, 0, 0, 0, 0, 0, 0, 0, 0, 0, 0, 0, 0, 0, 0, 0, 0, 0, 0, 0, 0, 0, 0, 0, 0, 0, 0, 0, 0, 0, 0, 0, 0, 0, 0, 0, 0, 0, 0, 0, 0, 0, 0, 0, 0, 0, 0, 0, 0, 0, 0, 0, 0, 0, 0, 0, 0, 0, 0, 0, 0, 0, 0, 0, 0, 0, 0, 0, 0, 0, 0, 0, 0, 0, 0, 0, 0, 0, 0, 0, 0, 0, 0, 0, 0, 0, 0, 0, 0, 0, 0, 0, 0, 0, 0, 0, 0, 0, 0, 0, 0, 0, 0, 0, 0, 0, 0, 0, 0, 0, 0, 0, 0, 0, 0, 0, 0, 0, 0, 0, 0, 0, 0, 0, 0, 0, 0, 0, 0, 0, 0, 0, 0, 0, 0, 0, 0, 0, 0, 0, 0, 0, 0, 0, 0, 0, 0, 0, 0, 0, 0, 0, 0, 0, 0, 0, 0, 0, 0, 0, 0, 0, 0, 0, 0, 0, 0, 0, 0, 0, 0, 0, 0, 0, 0, 0, 0, 0, 0, 0, 0, 0, 0, 0, 0, 0, 0, 0, 0, 0, 0, 0, 0, 0, 0, 0, 0, 0, 0, 0, 0, 0, 0, 0, 0, 0, 0, 0, 0, 0, 0, 0, 0, 0, 0, 0, 0, 0, 0, 0, 0, 0, 0, 0, 0, 0, 0, 0, 0, 0, 0, 0, 0, 0, 0, 0, 0, 0, 0, 0, 0, 0, 0, 0, 0, 0, 0],
         "height":20,
         "id":91,
         "name":"Shape9",
         "opacity":1,
         "properties":[
                {
                 "name":"autoPlaceBlockers",
                 "type":"int",
                 "value":2
                }, 
                {
                 "name":"i",
                 "type":"int",
                 "value":6
                }, 
                {
                 "name":"isFinal",
                 "type":"bool",
                 "value":true
                }, 
                {
                 "name":"j",
                 "type":"int",
                 "value":9
                }, 
                {
                 "name":"padding-bottom",
                 "type":"int",
                 "value":2
                }, 
                {
                 "name":"padding-left",
                 "type":"int",
                 "value":0
                }, 
                {
                 "name":"padding-right",
                 "type":"int",
                 "value":0
                }, 
                {
                 "name":"padding-top",
                 "type":"int",
                 "value":0
                }, 
                {
                 "name":"require",
                 "type":"string",
                 "value":"6,7"
                }, 
                {
                 "name":"startI",
                 "type":"int",
                 "value":0
                }, 
                {
                 "name":"startJ",
                 "type":"int",
                 "value":0
                }, 
                {
                 "name":"tier",
                 "type":"int",
                 "value":0
                }],
         "type":"tilelayer",
         "visible":true,
         "width":20,
         "x":0,
         "y":0
        }, 
        {
         "data":[0, 0, 0, 33, 33, 33, 0, 0, 0, 0, 0, 0, 0, 0, 0, 0, 0, 0, 0, 0, 0, 0, 0, 33, 33, 33, 0, 0, 0, 0, 0, 0, 0, 0, 0, 0, 0, 0, 0, 0, 0, 0, 0, 33, 33, 33, 0, 0, 0, 0, 0, 0, 0, 0, 0, 0, 0, 0, 0, 0, 0, 0, 0, 0, 0, 0, 0, 0, 0, 0, 0, 0, 0, 0, 0, 0, 0, 0, 0, 0, 0, 0, 0, 0, 0, 0, 0, 0, 0, 0, 0, 0, 0, 0, 0, 0, 0, 0, 0, 0, 0, 0, 0, 0, 0, 0, 0, 0, 0, 0, 0, 0, 0, 0, 0, 0, 0, 0, 0, 0, 0, 0, 0, 0, 0, 0, 0, 0, 0, 0, 0, 0, 0, 0, 0, 0, 0, 0, 0, 0, 0, 0, 0, 0, 0, 0, 0, 0, 0, 0, 0, 0, 0, 0, 0, 0, 0, 0, 0, 0, 0, 0, 0, 0, 0, 0, 0, 0, 0, 0, 0, 0, 0, 0, 0, 0, 0, 0, 0, 0, 0, 0, 0, 0, 0, 0, 0, 0, 0, 0, 0, 0, 0, 0, 0, 0, 0, 0, 0, 0, 0, 0, 0, 0, 0, 0, 0, 0, 0, 0, 0, 0, 0, 0, 0, 0, 0, 0, 0, 0, 0, 0, 0, 0, 0, 0, 0, 0, 0, 0, 0, 0, 0, 0, 0, 0, 0, 0, 0, 0, 0, 0, 0, 0, 0, 0, 0, 0, 0, 0, 0, 0, 0, 0, 0, 0, 0, 0, 0, 0, 0, 0, 0, 0, 0, 0, 0, 0, 0, 0, 0, 0, 0, 0, 0, 0, 0, 0, 0, 0, 0, 0, 0, 0, 0, 0, 0, 0, 0, 0, 0, 0, 0, 0, 0, 0, 0, 0, 0, 0, 0, 0, 0, 0, 0, 0, 0, 0, 0, 0, 0, 0, 0, 0, 0, 0, 0, 0, 0, 0, 0, 0, 0, 0, 0, 0, 0, 0, 0, 0, 0, 0, 0, 0, 0, 0, 0, 0, 0, 0, 0, 0, 0, 0, 0, 0, 0, 0, 0, 0, 0, 0, 0, 0, 0, 0, 0, 0, 0, 0, 0, 0, 0, 0, 0, 0, 0, 0, 0, 0, 0, 0, 0, 0, 0, 0, 0, 0, 0, 0, 0, 0, 0, 0, 0, 0, 0, 0, 0, 0, 0, 0, 0, 0, 0, 0, 0, 0, 0, 0],
         "height":20,
         "id":96,
         "name":"_ADDON",
         "opacity":1,
         "properties":[
                {
                 "name":"autoPlaceBlockers",
                 "type":"int",
                 "value":2
                }, 
                {
                 "name":"i",
                 "type":"int",
                 "value":6
                }, 
                {
                 "name":"j",
                 "type":"int",
                 "value":9
                }, 
                {
                 "name":"padding-bottom",
                 "type":"int",
                 "value":2
                }, 
                {
                 "name":"padding-left",
                 "type":"int",
                 "value":0
                }, 
                {
                 "name":"padding-right",
                 "type":"int",
                 "value":0
                }, 
                {
                 "name":"padding-top",
                 "type":"int",
                 "value":0
                }, 
                {
                 "name":"startI",
                 "type":"int",
                 "value":0
                }, 
                {
                 "name":"startJ",
                 "type":"int",
                 "value":0
                }, 
                {
                 "name":"tier",
                 "type":"int",
                 "value":0
                }],
         "type":"tilelayer",
         "visible":true,
         "width":20,
         "x":0,
         "y":0
        }],
 "nextlayerid":116,
 "nextobjectid":1,
 "orientation":"orthogonal",
 "properties":[
        {
         "name":"coverID",
         "type":"int",
         "value":14
        }, 
        {
         "name":"iconURL",
         "type":"string",
         "value":""
        }, 
        {
         "name":"sectionName",
         "type":"string",
         "value":"Shapes"
        }],
 "renderorder":"right-down",
 "tiledversion":"1.8.1",
 "tileheight":64,
 "tilesets":[
        {
         "firstgid":1,
         "source":"..\/..\/..\/src\/map\/tilesets\/spadersTileset.tsx"
        }, 
        {
         "firstgid":65,
         "source":"..\/..\/..\/src\/map\/tilesets\/poke.tsx"
        }],
 "tilewidth":64,
 "type":"map",
 "version":"1.8",
 "width":20
}