{ "compressionlevel":-1,
 "height":12,
 "infinite":false,
 "layers":[
        {
         "data":[0, 0, 0, 0, 0, 0, 0, 0, 0, 0, 0, 0, 0, 4, 4, 4, 0, 0, 0, 0, 0, 0, 0, 0, 4, 2, 4, 4, 0, 0, 0, 0, 0, 0, 9, 4, 4, 2, 4, 0, 0, 0, 0, 0, 0, 0, 0, 4, 4, 4, 4, 0, 0, 0, 0, 0, 4, 0, 9, 0, 4, 4, 0, 0, 0, 0, 0, 0, 4, 4, 4, 4, 0, 0, 0, 0, 0, 0, 0, 0, 0, 0, 0, 0, 0, 0, 0, 0, 0, 0, 0, 0, 0, 0, 0, 0, 0, 0, 0, 0, 0, 0, 0, 0, 0, 0, 0, 0, 0, 0, 0, 0, 0, 0, 0, 0, 0, 0, 0, 0, 0, 0, 0, 0, 0, 0, 0, 0, 0, 0, 0, 0],
         "height":12,
         "id":40,
         "name":"Swampy",
         "opacity":1,
         "properties":[
                {
                 "name":"autoPlaceBlockers",
                 "type":"int",
                 "value":2
                }, 
                {
                 "name":"i",
                 "type":"int",
                 "value":8
                }, 
                {
                 "name":"j",
                 "type":"int",
                 "value":9
                }, 
                {
                 "name":"padding-bottom",
                 "type":"int",
                 "value":2
                }, 
                {
                 "name":"padding-left",
                 "type":"int",
                 "value":1
                }, 
                {
                 "name":"padding-right",
                 "type":"int",
                 "value":1
                }, 
                {
                 "name":"padding-top",
                 "type":"int",
                 "value":0
                }, 
                {
                 "name":"startI",
                 "type":"int",
                 "value":0
                }, 
                {
                 "name":"startJ",
                 "type":"int",
                 "value":0
                }, 
                {
                 "name":"tier",
                 "type":"int",
                 "value":0
                }],
         "type":"tilelayer",
         "visible":true,
         "width":11,
         "x":0,
         "y":0
        }, 
        {
         "data":[0, 0, 1, 0, 0, 0, 0, 0, 0, 0, 0, 0, 1, 0, 0, 0, 0, 1, 0, 0, 0, 0, 0, 1, 0, 0, 0, 0, 1, 9, 1, 0, 0, 0, 0, 1, 1, 1, 1, 1, 1, 1, 0, 0, 0, 0, 0, 1, 1, 1, 1, 0, 0, 0, 0, 0, 0, 0, 1, 0, 0, 1, 0, 0, 0, 0, 0, 0, 0, 1, 0, 0, 1, 0, 0, 0, 0, 0, 0, 0, 0, 0, 0, 0, 0, 0, 0, 0, 0, 0, 0, 0, 0, 0, 0, 0, 0, 0, 0, 0, 0, 0, 0, 0, 0, 0, 0, 0, 0, 0, 0, 0, 0, 0, 0, 0, 0, 0, 0, 0, 0, 0, 0, 0, 0, 0, 0, 0, 0, 0, 0, 0],
         "height":12,
         "id":62,
         "name":"Dog",
         "opacity":1,
         "properties":[
                {
                 "name":"autoPlaceBlockers",
                 "type":"int",
                 "value":2
                }, 
                {
                 "name":"i",
                 "type":"int",
                 "value":10
                }, 
                {
                 "name":"j",
                 "type":"int",
                 "value":8
                }, 
                {
                 "name":"padding-bottom",
                 "type":"int",
                 "value":2
                }, 
                {
                 "name":"padding-left",
                 "type":"int",
                 "value":1
                }, 
                {
                 "name":"padding-right",
                 "type":"int",
                 "value":1
                }, 
                {
                 "name":"padding-top",
                 "type":"int",
                 "value":0
                }, 
                {
                 "name":"startI",
                 "type":"int",
                 "value":0
                }, 
                {
                 "name":"startJ",
                 "type":"int",
                 "value":0
                }, 
                {
                 "name":"tier",
                 "type":"int",
                 "value":0
                }],
         "type":"tilelayer",
         "visible":true,
         "width":11,
         "x":0,
         "y":0
        }, 
        {
         "data":[0, 0, 1, 1, 1, 0, 0, 0, 0, 0, 0, 0, 1, 10, 1, 10, 1, 0, 0, 0, 0, 0, 0, 1, 10, 1, 10, 1, 0, 0, 0, 0, 0, 0, 1, 1, 1, 1, 1, 0, 0, 0, 0, 0, 0, 1, 1, 1, 1, 1, 0, 0, 0, 0, 0, 0, 1, 0, 1, 0, 1, 0, 0, 0, 0, 0, 0, 0, 0, 0, 0, 0, 0, 0, 0, 0, 0, 0, 0, 0, 0, 0, 0, 0, 0, 0, 0, 0, 0, 0, 0, 0, 0, 0, 0, 0, 0, 0, 0, 0, 0, 0, 0, 0, 0, 0, 0, 0, 0, 0, 0, 0, 0, 0, 0, 0, 0, 0, 0, 0, 0, 0, 0, 0, 0, 0, 0, 0, 0, 0, 0, 0],
         "height":12,
         "id":54,
         "name":"Ghost",
         "opacity":1,
         "properties":[
                {
                 "name":"autoPlaceBlockers",
                 "type":"int",
                 "value":2
                }, 
                {
                 "name":"i",
                 "type":"int",
                 "value":7
                }, 
                {
                 "name":"j",
                 "type":"int",
                 "value":7
                }, 
                {
                 "name":"padding-bottom",
                 "type":"int",
                 "value":2
                }, 
                {
                 "name":"padding-left",
                 "type":"int",
                 "value":1
                }, 
                {
                 "name":"padding-right",
                 "type":"int",
                 "value":1
                }, 
                {
                 "name":"padding-top",
                 "type":"int",
                 "value":0
                }, 
                {
                 "name":"startI",
                 "type":"int",
                 "value":0
                }, 
                {
                 "name":"startJ",
                 "type":"int",
                 "value":0
                }, 
                {
                 "name":"tier",
                 "type":"int",
                 "value":0
                }],
         "type":"tilelayer",
         "visible":true,
         "width":11,
         "x":0,
         "y":0
        }, 
        {
         "data":[0, 0, 2, 0, 2, 0, 0, 0, 0, 0, 0, 0, 2, 0, 0, 0, 2, 0, 0, 0, 0, 0, 0, 0, 2, 2, 2, 0, 0, 0, 0, 0, 0, 0, 2, 3, 2, 3, 2, 0, 0, 0, 0, 0, 0, 0, 2, 2, 2, 0, 0, 0, 0, 0, 0, 0, 2, 2, 2, 2, 2, 0, 0, 0, 0, 0, 2, 0, 2, 2, 2, 0, 2, 0, 0, 0, 0, 0, 0, 2, 0, 2, 0, 0, 0, 0, 0, 0, 0, 0, 0, 0, 0, 0, 0, 0, 0, 0, 0, 0, 0, 0, 0, 0, 0, 0, 0, 0, 0, 0, 0, 0, 0, 0, 0, 0, 0, 0, 0, 0, 0, 0, 0, 0, 0, 0, 0, 0, 0, 0, 0, 0],
         "height":12,
         "id":69,
         "name":"Devil",
         "opacity":1,
         "properties":[
                {
                 "name":"autoPlaceBlockers",
                 "type":"int",
                 "value":2
                }, 
                {
                 "name":"i",
                 "type":"int",
                 "value":7
                }, 
                {
                 "name":"j",
                 "type":"int",
                 "value":9
                }, 
                {
                 "name":"padding-bottom",
                 "type":"int",
                 "value":2
                }, 
                {
                 "name":"padding-left",
                 "type":"int",
                 "value":1
                }, 
                {
                 "name":"padding-right",
                 "type":"int",
                 "value":1
                }, 
                {
                 "name":"padding-top",
                 "type":"int",
                 "value":0
                }, 
                {
                 "name":"startI",
                 "type":"int",
                 "value":0
                }, 
                {
                 "name":"startJ",
                 "type":"int",
                 "value":0
                }, 
                {
                 "name":"tier",
                 "type":"int",
                 "value":0
                }],
         "type":"tilelayer",
         "visible":true,
         "width":11,
         "x":0,
         "y":0
        }, 
        {
         "data":[0, 0, 0, 4, 4, 4, 0, 0, 0, 0, 0, 0, 0, 4, 3, 4, 3, 0, 0, 0, 0, 0, 0, 0, 0, 4, 4, 4, 0, 0, 0, 0, 0, 0, 0, 4, 4, 4, 0, 0, 0, 0, 0, 0, 0, 4, 4, 4, 4, 4, 0, 0, 0, 0, 0, 4, 0, 4, 4, 4, 0, 4, 0, 0, 0, 0, 0, 0, 4, 4, 4, 0, 0, 0, 0, 0, 0, 0, 0, 4, 0, 4, 0, 0, 0, 0, 0, 0, 0, 0, 0, 0, 0, 0, 0, 0, 0, 0, 0, 0, 0, 0, 0, 0, 0, 0, 0, 0, 0, 0, 0, 0, 0, 0, 0, 0, 0, 0, 0, 0, 0, 0, 0, 0, 0, 0, 0, 0, 0, 0, 0, 0],
         "height":12,
         "id":59,
         "name":"Alien",
         "opacity":1,
         "properties":[
                {
                 "name":"autoPlaceBlockers",
                 "type":"int",
                 "value":2
                }, 
                {
                 "name":"i",
                 "type":"int",
                 "value":7
                }, 
                {
                 "name":"j",
                 "type":"int",
                 "value":9
                }, 
                {
                 "name":"padding-bottom",
                 "type":"int",
                 "value":2
                }, 
                {
                 "name":"padding-left",
                 "type":"int",
                 "value":1
                }, 
                {
                 "name":"padding-right",
                 "type":"int",
                 "value":1
                }, 
                {
                 "name":"padding-top",
                 "type":"int",
                 "value":0
                }, 
                {
                 "name":"startI",
                 "type":"int",
                 "value":0
                }, 
                {
                 "name":"startJ",
                 "type":"int",
                 "value":0
                }, 
                {
                 "name":"tier",
                 "type":"int",
                 "value":0
                }],
         "type":"tilelayer",
         "visible":true,
         "width":11,
         "x":0,
         "y":0
        }, 
        {
         "data":[0, 0, 0, 0, 0, 0, 0, 0, 0, 0, 0, 0, 0, 0, 0, 0, 0, 0, 0, 0, 0, 0, 0, 0, 0, 0, 0, 0, 0, 0, 0, 0, 0, 0, 0, 0, 10, 10, 0, 0, 0, 0, 0, 0, 0, 0, 10, 9, 10, 9, 0, 0, 0, 0, 0, 0, 0, 10, 10, 10, 10, 0, 0, 0, 0, 0, 0, 10, 10, 10, 10, 10, 10, 0, 0, 0, 0, 0, 0, 0, 0, 0, 0, 0, 0, 0, 0, 0, 0, 0, 0, 0, 0, 0, 0, 0, 0, 0, 0, 0, 0, 0, 0, 0, 0, 0, 0, 0, 0, 0, 0, 0, 0, 0, 0, 0, 0, 0, 0, 0, 0, 0, 0, 0, 0, 0, 0, 0, 0, 0, 0, 0],
         "height":12,
         "id":57,
         "name":"Oil Blob Jr.",
         "opacity":1,
         "properties":[
                {
                 "name":"autoPlaceBlockers",
                 "type":"int",
                 "value":2
                }, 
                {
                 "name":"i",
                 "type":"int",
                 "value":8
                }, 
                {
                 "name":"j",
                 "type":"int",
                 "value":8
                }, 
                {
                 "name":"padding-bottom",
                 "type":"int",
                 "value":2
                }, 
                {
                 "name":"padding-left",
                 "type":"int",
                 "value":1
                }, 
                {
                 "name":"padding-right",
                 "type":"int",
                 "value":1
                }, 
                {
                 "name":"padding-top",
                 "type":"int",
                 "value":0
                }, 
                {
                 "name":"startI",
                 "type":"int",
                 "value":0
                }, 
                {
                 "name":"startJ",
                 "type":"int",
                 "value":0
                }, 
                {
                 "name":"tier",
                 "type":"int",
                 "value":0
                }],
         "type":"tilelayer",
         "visible":true,
         "width":11,
         "x":0,
         "y":0
        }, 
        {
         "data":[0, 0, 0, 0, 0, 0, 0, 0, 0, 0, 0, 0, 0, 0, 10, 10, 10, 0, 0, 0, 0, 0, 0, 0, 10, 9, 10, 9, 0, 0, 0, 0, 0, 0, 0, 10, 10, 10, 10, 0, 0, 0, 0, 0, 0, 10, 10, 10, 10, 10, 10, 0, 0, 0, 0, 0, 10, 10, 10, 10, 10, 10, 0, 0, 0, 0, 10, 10, 10, 10, 10, 10, 10, 10, 0, 0, 0, 0, 0, 0, 0, 0, 0, 0, 0, 0, 0, 0, 0, 0, 0, 0, 0, 0, 0, 0, 0, 0, 0, 0, 0, 0, 0, 0, 0, 0, 0, 0, 0, 0, 0, 0, 0, 0, 0, 0, 0, 0, 0, 0, 0, 0, 0, 0, 0, 0, 0, 0, 0, 0, 0, 0],
         "height":12,
         "id":56,
         "name":"Oil Blob Sr.",
         "opacity":1,
         "properties":[
                {
                 "name":"autoPlaceBlockers",
                 "type":"int",
                 "value":2
                }, 
                {
                 "name":"i",
                 "type":"int",
                 "value":8
                }, 
                {
                 "name":"j",
                 "type":"int",
                 "value":8
                }, 
                {
                 "name":"padding-bottom",
                 "type":"int",
                 "value":2
                }, 
                {
                 "name":"padding-left",
                 "type":"int",
                 "value":1
                }, 
                {
                 "name":"padding-right",
                 "type":"int",
                 "value":1
                }, 
                {
                 "name":"padding-top",
                 "type":"int",
                 "value":0
                }, 
                {
                 "name":"startI",
                 "type":"int",
                 "value":0
                }, 
                {
                 "name":"startJ",
                 "type":"int",
                 "value":0
                }, 
                {
                 "name":"tier",
                 "type":"int",
                 "value":0
                }],
         "type":"tilelayer",
         "visible":true,
         "width":11,
         "x":0,
         "y":0
        }, 
        {
         "data":[13, 0, 0, 0, 0, 7, 0, 0, 0, 0, 0, 0, 13, 0, 7, 7, 7, 10, 7, 0, 0, 0, 0, 0, 13, 7, 7, 7, 7, 0, 0, 0, 0, 0, 0, 0, 7, 0, 7, 0, 0, 0, 0, 0, 0, 0, 0, 0, 0, 0, 0, 0, 0, 0, 0, 0, 0, 0, 0, 0, 0, 0, 0, 0, 0, 0, 0, 0, 0, 0, 0, 0, 0, 0, 0, 0, 0, 0, 0, 0, 0, 0, 0, 0, 0, 0, 0, 0, 0, 0, 0, 0, 0, 0, 0, 0, 0, 0, 0, 0, 0, 0, 0, 0, 0, 0, 0, 0, 0, 0, 0, 0, 0, 0, 0, 0, 0, 0, 0, 0, 0, 0, 0, 0, 0, 0, 0, 0, 0, 0, 0, 0],
         "height":12,
         "id":70,
         "name":"Rat",
         "opacity":1,
         "properties":[
                {
                 "name":"autoPlaceBlockers",
                 "type":"int",
                 "value":2
                }, 
                {
                 "name":"i",
                 "type":"int",
                 "value":8
                }, 
                {
                 "name":"j",
                 "type":"int",
                 "value":6
                }, 
                {
                 "name":"padding-bottom",
                 "type":"int",
                 "value":2
                }, 
                {
                 "name":"padding-left",
                 "type":"int",
                 "value":1
                }, 
                {
                 "name":"padding-right",
                 "type":"int",
                 "value":1
                }, 
                {
                 "name":"padding-top",
                 "type":"int",
                 "value":0
                }, 
                {
                 "name":"startI",
                 "type":"int",
                 "value":0
                }, 
                {
                 "name":"startJ",
                 "type":"int",
                 "value":0
                }, 
                {
                 "name":"tier",
                 "type":"int",
                 "value":0
                }],
         "type":"tilelayer",
         "visible":true,
         "width":11,
         "x":0,
         "y":0
        }, 
        {
         "data":[0, 0, 0, 0, 0, 0, 0, 0, 0, 0, 0, 0, 0, 0, 0, 0, 0, 0, 0, 0, 0, 0, 0, 0, 0, 0, 0, 0, 0, 0, 0, 0, 0, 0, 0, 0, 0, 0, 0, 0, 0, 0, 0, 0, 0, 0, 0, 0, 0, 0, 0, 0, 0, 0, 0, 0, 0, 0, 0, 0, 0, 0, 0, 0, 0, 0, 0, 0, 0, 0, 0, 0, 0, 0, 0, 0, 0, 0, 0, 0, 0, 0, 0, 0, 0, 0, 0, 0, 0, 0, 0, 0, 0, 0, 0, 0, 0, 0, 0, 0, 0, 0, 0, 0, 0, 0, 0, 0, 0, 0, 0, 0, 0, 0, 0, 0, 0, 0, 0, 0, 0, 0, 0, 0, 0, 0, 0, 0, 0, 0, 0, 0],
         "height":12,
         "id":71,
         "name":"Copy of Spider",
         "opacity":1,
         "properties":[
                {
                 "name":"autoPlaceBlockers",
                 "type":"int",
                 "value":2
                }, 
                {
                 "name":"i",
                 "type":"int",
                 "value":7
                }, 
                {
                 "name":"j",
                 "type":"int",
                 "value":9
                }, 
                {
                 "name":"padding-bottom",
                 "type":"int",
                 "value":2
                }, 
                {
                 "name":"padding-left",
                 "type":"int",
                 "value":1
                }, 
                {
                 "name":"padding-right",
                 "type":"int",
                 "value":1
                }, 
                {
                 "name":"padding-top",
                 "type":"int",
                 "value":0
                }, 
                {
                 "name":"startI",
                 "type":"int",
                 "value":0
                }, 
                {
                 "name":"startJ",
                 "type":"int",
                 "value":0
                }, 
                {
                 "name":"tier",
                 "type":"int",
                 "value":0
                }],
         "type":"tilelayer",
         "visible":false,
         "width":11,
         "x":0,
         "y":0
        }, 
        {
         "data":[0, 7, 7, 0, 0, 0, 0, 0, 0, 0, 0, 0, 0, 0, 0, 0, 0, 0, 0, 0, 0, 0, 0, 0, 0, 0, 0, 0, 0, 0, 0, 0, 0, 0, 0, 0, 0, 0, 0, 0, 0, 0, 0, 0, 0, 0, 0, 0, 0, 0, 0, 0, 0, 0, 0, 0, 0, 0, 0, 0, 0, 0, 0, 0, 0, 0, 0, 0, 0, 0, 0, 0, 0, 0, 0, 0, 0, 0, 0, 0, 0, 0, 0, 0, 0, 0, 0, 0, 0, 0, 0, 0, 0, 0, 0, 0, 0, 0, 0, 0, 0, 0, 0, 0, 0, 0, 0, 0, 0, 0, 0, 0, 0, 0, 0, 0, 0, 0, 0, 0, 0, 0, 0, 0, 0, 0, 0, 0, 0, 0, 0, 0],
         "height":12,
         "id":72,
         "name":"Copy of Copy of Spider",
         "opacity":1,
         "properties":[
                {
                 "name":"autoPlaceBlockers",
                 "type":"int",
                 "value":2
                }, 
                {
                 "name":"i",
                 "type":"int",
                 "value":7
                }, 
                {
                 "name":"j",
                 "type":"int",
                 "value":9
                }, 
                {
                 "name":"padding-bottom",
                 "type":"int",
                 "value":2
                }, 
                {
                 "name":"padding-left",
                 "type":"int",
                 "value":1
                }, 
                {
                 "name":"padding-right",
                 "type":"int",
                 "value":1
                }, 
                {
                 "name":"padding-top",
                 "type":"int",
                 "value":0
                }, 
                {
                 "name":"startI",
                 "type":"int",
                 "value":0
                }, 
                {
                 "name":"startJ",
                 "type":"int",
                 "value":0
                }, 
                {
                 "name":"tier",
                 "type":"int",
                 "value":0
                }],
         "type":"tilelayer",
         "visible":false,
         "width":11,
         "x":0,
         "y":0
        }, 
        {
         "data":[0, 10, 0, 0, 0, 10, 0, 0, 0, 0, 0, 0, 10, 0, 10, 0, 10, 0, 0, 0, 0, 0, 10, 0, 9, 10, 9, 0, 10, 0, 0, 0, 0, 0, 10, 10, 10, 10, 10, 0, 0, 0, 0, 0, 0, 0, 10, 10, 10, 0, 0, 0, 0, 0, 0, 10, 10, 10, 2, 10, 10, 10, 0, 0, 0, 0, 0, 0, 10, 10, 10, 0, 0, 0, 0, 0, 0, 0, 10, 0, 0, 0, 10, 0, 0, 0, 0, 0, 0, 0, 0, 0, 0, 0, 0, 0, 0, 0, 0, 0, 0, 0, 0, 0, 0, 0, 0, 0, 0, 0, 0, 0, 0, 0, 0, 0, 0, 0, 0, 0, 0, 0, 0, 0, 0, 0, 0, 0, 0, 0, 0, 0],
         "height":12,
         "id":61,
         "name":"Spider",
         "opacity":1,
         "properties":[
                {
                 "name":"autoPlaceBlockers",
                 "type":"int",
                 "value":2
                }, 
                {
                 "name":"i",
                 "type":"int",
                 "value":7
                }, 
                {
                 "name":"j",
                 "type":"int",
                 "value":9
                }, 
                {
                 "name":"padding-bottom",
                 "type":"int",
                 "value":2
                }, 
                {
                 "name":"padding-left",
                 "type":"int",
                 "value":1
                }, 
                {
                 "name":"padding-right",
                 "type":"int",
                 "value":1
                }, 
                {
                 "name":"padding-top",
                 "type":"int",
                 "value":0
                }, 
                {
                 "name":"startI",
                 "type":"int",
                 "value":0
                }, 
                {
                 "name":"startJ",
                 "type":"int",
                 "value":0
                }, 
                {
                 "name":"tier",
                 "type":"int",
                 "value":0
                }],
         "type":"tilelayer",
         "visible":true,
         "width":11,
         "x":0,
         "y":0
        }, 
        {
         "data":[0, 0, 0, 0, 0, 0, 0, 0, 0, 0, 0, 0, 0, 0, 0, 0, 0, 0, 0, 0, 0, 0, 0, 0, 0, 4, 0, 4, 4, 0, 4, 0, 0, 0, 0, 0, 0, 10, 4, 4, 10, 0, 0, 0, 0, 0, 0, 0, 4, 4, 4, 4, 0, 0, 0, 0, 0, 0, 4, 13, 4, 4, 4, 4, 0, 0, 0, 0, 4, 0, 13, 13, 4, 4, 0, 4, 0, 0, 0, 4, 0, 13, 13, 13, 4, 0, 4, 0, 0, 0, 4, 0, 13, 13, 13, 13, 0, 4, 0, 0, 0, 0, 0, 10, 0, 0, 10, 0, 0, 0, 0, 0, 0, 0, 0, 0, 0, 0, 0, 0, 0, 0, 0, 0, 0, 0, 0, 0, 0, 0, 0, 0],
         "height":12,
         "id":76,
         "name":"Ogresson",
         "opacity":1,
         "properties":[
                {
                 "name":"autoPlaceBlockers",
                 "type":"int",
                 "value":2
                }, 
                {
                 "name":"i",
                 "type":"int",
                 "value":7
                }, 
                {
                 "name":"j",
                 "type":"int",
                 "value":9
                }, 
                {
                 "name":"padding-bottom",
                 "type":"int",
                 "value":2
                }, 
                {
                 "name":"padding-left",
                 "type":"int",
                 "value":1
                }, 
                {
                 "name":"padding-right",
                 "type":"int",
                 "value":1
                }, 
                {
                 "name":"padding-top",
                 "type":"int",
                 "value":0
                }, 
                {
                 "name":"startI",
                 "type":"int",
                 "value":0
                }, 
                {
                 "name":"startJ",
                 "type":"int",
                 "value":0
                }, 
                {
                 "name":"tier",
                 "type":"int",
                 "value":0
                }],
         "type":"tilelayer",
         "visible":true,
         "width":11,
         "x":0,
         "y":0
        }, 
        {
         "data":[0, 0, 0, 11, 11, 11, 0, 0, 0, 0, 0, 0, 0, 11, 10, 11, 10, 0, 0, 0, 0, 0, 0, 0, 0, 11, 11, 11, 0, 0, 0, 0, 0, 0, 0, 9, 11, 9, 0, 0, 0, 0, 0, 0, 0, 11, 11, 11, 11, 11, 0, 0, 0, 0, 0, 11, 0, 9, 11, 9, 0, 11, 0, 0, 0, 0, 0, 0, 11, 11, 11, 0, 0, 0, 0, 0, 0, 0, 0, 11, 0, 11, 0, 0, 0, 0, 0, 0, 0, 0, 0, 0, 0, 0, 0, 0, 0, 0, 0, 0, 0, 0, 0, 0, 0, 0, 0, 0, 0, 0, 0, 0, 0, 0, 0, 0, 0, 0, 0, 0, 0, 0, 0, 0, 0, 0, 0, 0, 0, 0, 0, 0],
         "height":12,
         "id":58,
         "name":"Skelleton",
         "opacity":1,
         "properties":[
                {
                 "name":"autoPlaceBlockers",
                 "type":"int",
                 "value":2
                }, 
                {
                 "name":"i",
                 "type":"int",
                 "value":7
                }, 
                {
                 "name":"j",
                 "type":"int",
                 "value":9
                }, 
                {
                 "name":"padding-bottom",
                 "type":"int",
                 "value":2
                }, 
                {
                 "name":"padding-left",
                 "type":"int",
                 "value":1
                }, 
                {
                 "name":"padding-right",
                 "type":"int",
                 "value":1
                }, 
                {
                 "name":"padding-top",
                 "type":"int",
                 "value":0
                }, 
                {
                 "name":"startI",
                 "type":"int",
                 "value":0
                }, 
                {
                 "name":"startJ",
                 "type":"int",
                 "value":0
                }, 
                {
                 "name":"tier",
                 "type":"int",
                 "value":0
                }],
         "type":"tilelayer",
         "visible":true,
         "width":11,
         "x":0,
         "y":0
        }, 
        {
         "data":[0, 0, 3, 0, 0, 0, 7, 0, 0, 7, 0, 0, 3, 0, 0, 0, 0, 7, 7, 7, 7, 0, 3, 0, 0, 3, 10, 3, 7, 10, 7, 10, 0, 3, 3, 10, 3, 10, 3, 7, 7, 7, 7, 0, 0, 3, 10, 3, 3, 3, 3, 7, 7, 0, 0, 0, 3, 3, 3, 3, 3, 3, 3, 0, 0, 0, 0, 3, 0, 3, 0, 3, 0, 0, 3, 0, 0, 0, 0, 0, 0, 0, 0, 0, 0, 0, 0, 0, 0, 0, 0, 0, 0, 0, 0, 0, 0, 0, 0, 0, 0, 0, 0, 0, 0, 0, 0, 0, 0, 0, 0, 0, 0, 0, 0, 0, 0, 0, 0, 0, 0, 0, 0, 0, 0, 0, 0, 0, 0, 0, 0, 0],
         "height":12,
         "id":60,
         "name":"Tiger",
         "opacity":1,
         "properties":[
                {
                 "name":"autoPlaceBlockers",
                 "type":"int",
                 "value":2
                }, 
                {
                 "name":"i",
                 "type":"int",
                 "value":10
                }, 
                {
                 "name":"j",
                 "type":"int",
                 "value":8
                }, 
                {
                 "name":"padding-bottom",
                 "type":"int",
                 "value":2
                }, 
                {
                 "name":"padding-left",
                 "type":"int",
                 "value":0
                }, 
                {
                 "name":"padding-right",
                 "type":"int",
                 "value":0
                }, 
                {
                 "name":"padding-top",
                 "type":"int",
                 "value":0
                }, 
                {
                 "name":"startI",
                 "type":"int",
                 "value":0
                }, 
                {
                 "name":"startJ",
                 "type":"int",
                 "value":0
                }, 
                {
                 "name":"tier",
                 "type":"int",
                 "value":0
                }],
         "type":"tilelayer",
         "visible":true,
         "width":11,
         "x":0,
         "y":0
        }, 
        {
         "data":[0, 7, 7, 7, 0, 0, 0, 0, 0, 0, 0, 0, 3, 7, 7, 7, 0, 0, 0, 0, 0, 0, 3, 10, 3, 7, 7, 3, 3, 3, 0, 0, 0, 3, 3, 3, 7, 7, 3, 3, 3, 3, 0, 0, 0, 7, 7, 7, 3, 3, 3, 3, 3, 0, 0, 0, 0, 3, 3, 3, 3, 0, 3, 3, 0, 0, 3, 3, 3, 3, 3, 0, 3, 3, 0, 0, 0, 0, 0, 0, 0, 0, 0, 0, 0, 0, 0, 0, 0, 0, 0, 0, 0, 0, 0, 0, 0, 0, 0, 0, 0, 0, 0, 0, 0, 0, 0, 0, 0, 0, 0, 0, 0, 0, 0, 0, 0, 0, 0, 0, 0, 0, 0, 0, 0, 0, 0, 0, 0, 0, 0, 0],
         "height":12,
         "id":73,
         "name":"Lion",
         "opacity":1,
         "properties":[
                {
                 "name":"autoPlaceBlockers",
                 "type":"int",
                 "value":2
                }, 
                {
                 "name":"i",
                 "type":"int",
                 "value":7
                }, 
                {
                 "name":"j",
                 "type":"int",
                 "value":9
                }, 
                {
                 "name":"padding-bottom",
                 "type":"int",
                 "value":2
                }, 
                {
                 "name":"padding-left",
                 "type":"int",
                 "value":0
                }, 
                {
                 "name":"padding-right",
                 "type":"int",
                 "value":0
                }, 
                {
                 "name":"padding-top",
                 "type":"int",
                 "value":0
                }, 
                {
                 "name":"startI",
                 "type":"int",
                 "value":0
                }, 
                {
                 "name":"startJ",
                 "type":"int",
                 "value":0
                }, 
                {
                 "name":"tier",
                 "type":"int",
                 "value":0
                }],
         "type":"tilelayer",
         "visible":true,
         "width":11,
         "x":0,
         "y":0
        }, 
        {
         "data":[0, 0, 0, 6, 6, 6, 0, 0, 0, 0, 0, 0, 0, 2, 10, 6, 10, 2, 0, 0, 0, 0, 0, 6, 2, 6, 6, 6, 2, 6, 0, 0, 0, 0, 6, 2, 2, 2, 2, 2, 6, 0, 0, 0, 0, 6, 6, 6, 6, 6, 6, 6, 0, 0, 0, 0, 6, 6, 6, 6, 6, 6, 6, 0, 0, 0, 0, 0, 6, 2, 0, 2, 6, 0, 0, 0, 0, 0, 0, 6, 2, 0, 2, 6, 0, 0, 0, 0, 0, 0, 0, 0, 0, 0, 0, 0, 0, 0, 0, 0, 0, 0, 0, 0, 0, 0, 0, 0, 0, 0, 0, 0, 0, 0, 0, 0, 0, 0, 0, 0, 0, 0, 0, 0, 0, 0, 0, 0, 0, 0, 0, 0],
         "height":12,
         "id":75,
         "name":"Flesh Golen",
         "opacity":1,
         "properties":[
                {
                 "name":"autoPlaceBlockers",
                 "type":"int",
                 "value":2
                }, 
                {
                 "name":"i",
                 "type":"int",
                 "value":7
                }, 
                {
                 "name":"j",
                 "type":"int",
                 "value":9
                }, 
                {
                 "name":"padding-bottom",
                 "type":"int",
                 "value":2
                }, 
                {
                 "name":"padding-left",
                 "type":"int",
                 "value":1
                }, 
                {
                 "name":"padding-right",
                 "type":"int",
                 "value":1
                }, 
                {
                 "name":"padding-top",
                 "type":"int",
                 "value":0
                }, 
                {
                 "name":"startI",
                 "type":"int",
                 "value":0
                }, 
                {
                 "name":"startJ",
                 "type":"int",
                 "value":0
                }, 
                {
                 "name":"tier",
                 "type":"int",
                 "value":0
                }],
         "type":"tilelayer",
         "visible":true,
         "width":11,
         "x":0,
         "y":0
        }, 
        {
         "data":[0, 0, 0, 0, 11, 9, 0, 0, 0, 0, 0, 0, 0, 0, 11, 9, 9, 9, 0, 0, 0, 0, 0, 0, 11, 10, 9, 10, 9, 9, 0, 0, 0, 0, 0, 11, 10, 9, 10, 9, 9, 0, 0, 0, 0, 0, 11, 9, 9, 9, 9, 9, 0, 0, 0, 0, 0, 0, 11, 9, 9, 9, 0, 0, 0, 0, 0, 0, 0, 11, 9, 9, 9, 0, 9, 9, 0, 0, 0, 0, 0, 9, 9, 9, 9, 9, 0, 0, 0, 0, 0, 0, 0, 0, 9, 9, 0, 0, 0, 0, 0, 0, 0, 0, 0, 0, 0, 0, 0, 0, 0, 0, 0, 0, 0, 0, 0, 0, 0, 0, 0, 0, 0, 0, 0, 0, 0, 0, 0, 0, 0, 0],
         "height":12,
         "id":74,
         "name":"Ghastly",
         "opacity":1,
         "properties":[
                {
                 "name":"autoPlaceBlockers",
                 "type":"int",
                 "value":2
                }, 
                {
                 "name":"i",
                 "type":"int",
                 "value":7
                }, 
                {
                 "name":"j",
                 "type":"int",
                 "value":9
                }, 
                {
                 "name":"padding-bottom",
                 "type":"int",
                 "value":2
                }, 
                {
                 "name":"padding-left",
                 "type":"int",
                 "value":1
                }, 
                {
                 "name":"padding-right",
                 "type":"int",
                 "value":1
                }, 
                {
                 "name":"padding-top",
                 "type":"int",
                 "value":0
                }, 
                {
                 "name":"startI",
                 "type":"int",
                 "value":0
                }, 
                {
                 "name":"startJ",
                 "type":"int",
                 "value":0
                }, 
                {
                 "name":"tier",
                 "type":"int",
                 "value":0
                }],
         "type":"tilelayer",
         "visible":true,
         "width":11,
         "x":0,
         "y":0
        }],
 "nextlayerid":77,
 "nextobjectid":1,
 "orientation":"orthogonal",
 "properties":[
        {
         "name":"coverID",
         "type":"int",
         "value":14
        }, 
        {
         "name":"sectionName",
         "type":"string",
         "value":"Creatures"
        }],
 "renderorder":"right-down",
 "tiledversion":"1.8.1",
 "tileheight":64,
 "tilesets":[
        {
         "firstgid":1,
         "source":"..\/..\/..\/src\/map\/tilesets\/spadersTileset.tsx"
        }],
 "tilewidth":64,
 "type":"map",
 "version":"1.8",
 "width":11
}