{ "compressionlevel":-1,
 "height":16,
 "infinite":false,
 "layers":[
        {
         "data":[0, 74, 74, 74, 74, 74, 74, 74, 74, 0, 0, 0, 0, 0, 0, 0, 74, 73, 73, 73, 73, 73, 73, 73, 73, 74, 0, 0, 0, 0, 0, 0, 74, 73, 66, 66, 66, 66, 66, 66, 73, 74, 0, 0, 0, 0, 0, 0, 74, 73, 66, 66, 66, 66, 66, 66, 73, 74, 0, 0, 0, 0, 0, 0, 74, 73, 66, 66, 66, 66, 66, 66, 73, 74, 0, 0, 0, 0, 0, 0, 74, 73, 66, 66, 66, 66, 66, 66, 73, 74, 0, 0, 0, 0, 0, 0, 74, 73, 73, 73, 73, 73, 73, 73, 73, 74, 0, 0, 0, 0, 0, 0, 74, 73, 73, 74, 73, 73, 73, 69, 73, 74, 0, 0, 0, 0, 0, 0, 74, 73, 74, 74, 74, 73, 69, 73, 73, 74, 0, 0, 0, 0, 0, 0, 0, 0, 0, 0, 0, 0, 0, 0, 0, 0, 0, 0, 0, 0, 0, 0, 0, 0, 0, 0, 0, 0, 0, 0, 0, 0, 0, 0, 0, 0, 0, 0, 0, 0, 0, 0, 0, 0, 0, 0, 0, 0, 0, 0, 0, 0, 0, 0, 0, 0, 0, 0, 0, 0, 0, 0, 0, 0, 0, 0, 0, 0, 0, 0, 0, 0, 0, 0, 0, 0, 0, 0, 0, 0, 0, 0, 0, 0, 0, 0, 0, 0, 0, 0, 0, 0, 0, 0, 0, 0, 0, 0, 0, 0, 0, 0, 0, 0, 0, 0, 0, 0, 0, 0, 0, 0, 0, 0, 0, 0, 0, 0],
         "height":16,
         "id":43,
         "name":"Game Boy",
         "opacity":1,
         "properties":[
                {
                 "name":"autoPlaceBlockers",
                 "type":"int",
                 "value":2
                }, 
                {
                 "name":"i",
                 "type":"int",
                 "value":10
                }, 
                {
                 "name":"j",
                 "type":"int",
                 "value":11
                }, 
                {
                 "name":"padding-bottom",
                 "type":"int",
                 "value":2
                }, 
                {
                 "name":"padding-left",
                 "type":"int",
                 "value":1
                }, 
                {
                 "name":"padding-right",
                 "type":"int",
                 "value":1
                }, 
                {
                 "name":"padding-top",
                 "type":"int",
                 "value":0
                }, 
                {
                 "name":"startI",
                 "type":"int",
                 "value":0
                }, 
                {
                 "name":"startJ",
                 "type":"int",
                 "value":0
                }, 
                {
                 "name":"tier",
                 "type":"int",
                 "value":0
                }],
         "type":"tilelayer",
         "visible":false,
         "width":16,
         "x":0,
         "y":0
        }, 
        {
         "data":[0, 0, 0, 0, 0, 0, 0, 26, 26, 0, 0, 0, 0, 0, 0, 0, 0, 0, 0, 0, 0, 0, 26, 25, 1, 26, 0, 0, 0, 0, 0, 0, 0, 0, 0, 0, 0, 26, 9, 25, 1, 1, 26, 0, 0, 0, 0, 0, 0, 0, 0, 0, 26, 9, 9, 25, 1, 1, 9, 26, 0, 0, 0, 0, 0, 0, 0, 0, 26, 1, 9, 25, 9, 9, 1, 26, 0, 0, 0, 0, 0, 0, 0, 0, 26, 1, 1, 25, 1, 1, 1, 26, 0, 0, 0, 0, 26, 26, 26, 0, 26, 17, 1, 25, 1, 1, 17, 26, 0, 0, 0, 0, 26, 25, 9, 26, 26, 17, 17, 25, 1, 17, 17, 26, 26, 26, 26, 26, 26, 9, 25, 9, 26, 17, 17, 25, 17, 17, 17, 26, 25, 25, 25, 26, 26, 9, 1, 25, 9, 26, 17, 25, 17, 17, 26, 25, 1, 25, 1, 26, 0, 26, 1, 1, 25, 9, 26, 25, 17, 26, 9, 1, 25, 1, 1, 26, 0, 0, 26, 17, 17, 25, 9, 26, 26, 9, 1, 25, 17, 1, 26, 0, 26, 26, 26, 26, 17, 17, 25, 26, 9, 17, 25, 17, 1, 26, 0, 0, 26, 25, 25, 17, 26, 17, 26, 9, 17, 25, 17, 17, 26, 25, 26, 0, 26, 1, 1, 25, 17, 26, 9, 17, 25, 17, 17, 26, 17, 1, 26, 0, 0, 26, 26, 26, 26, 26, 26, 26, 26, 26, 26, 26, 26, 26, 0, 0],
         "height":16,
         "id":74,
         "name":"Cristal",
         "opacity":1,
         "properties":[
                {
                 "name":"autoPlaceBlockers",
                 "type":"int",
                 "value":2
                }, 
                {
                 "name":"i",
                 "type":"int",
                 "value":24
                }, 
                {
                 "name":"j",
                 "type":"int",
                 "value":24
                }, 
                {
                 "name":"padding-bottom",
                 "type":"int",
                 "value":2
                }, 
                {
                 "name":"padding-left",
                 "type":"int",
                 "value":1
                }, 
                {
                 "name":"padding-right",
                 "type":"int",
                 "value":1
                }, 
                {
                 "name":"padding-top",
                 "type":"int",
                 "value":0
                }, 
                {
                 "name":"scale",
                 "type":"int",
                 "value":2
                }, 
                {
                 "name":"startI",
                 "type":"int",
                 "value":0
                }, 
                {
                 "name":"startJ",
                 "type":"int",
                 "value":0
                }, 
                {
                 "name":"tier",
                 "type":"int",
                 "value":0
                }],
         "type":"tilelayer",
         "visible":true,
         "width":16,
         "x":0,
         "y":0
        }, 
        {
         "data":[0, 0, 0, 0, 0, 0, 0, 0, 0, 0, 0, 0, 0, 0, 0, 0, 0, 0, 0, 0, 0, 0, 0, 0, 0, 0, 0, 0, 0, 0, 0, 0, 0, 0, 0, 0, 0, 0, 0, 0, 0, 0, 0, 0, 0, 0, 0, 0, 0, 0, 0, 0, 0, 0, 0, 0, 0, 0, 0, 0, 0, 0, 0, 0, 0, 0, 0, 0, 0, 0, 0, 0, 0, 0, 0, 0, 0, 0, 0, 0, 0, 0, 0, 0, 0, 0, 0, 0, 0, 0, 0, 0, 0, 0, 0, 0, 0, 0, 0, 0, 0, 0, 0, 0, 0, 0, 0, 0, 0, 0, 0, 0, 0, 0, 0, 0, 0, 0, 0, 0, 0, 0, 0, 0, 0, 0, 0, 0, 0, 0, 0, 0, 0, 0, 0, 0, 0, 0, 0, 0, 0, 0, 0, 0, 0, 0, 0, 0, 0, 0, 0, 0, 0, 0, 0, 0, 0, 0, 0, 0, 0, 0, 0, 0, 0, 0, 0, 0, 0, 0, 0, 0, 0, 0, 0, 0, 0, 0, 0, 0, 0, 0, 0, 0, 0, 0, 0, 0, 0, 0, 0, 0, 0, 0, 0, 0, 0, 0, 0, 0, 0, 0, 0, 0, 0, 0, 0, 0, 0, 0, 0, 0, 0, 0, 0, 0, 0, 0, 0, 0, 0, 0, 0, 0, 0, 0, 0, 0, 0, 0, 0, 0, 0, 0, 0, 0, 0, 0, 0, 0, 0, 0, 0, 0, 0, 0, 0, 0, 0, 0, 0, 0, 0, 0, 0, 0],
         "height":16,
         "id":106,
         "name":"_ADDON",
         "opacity":1,
         "properties":[
                {
                 "name":"autoPlaceBlockers",
                 "type":"int",
                 "value":2
                }, 
                {
                 "name":"i",
                 "type":"int",
                 "value":11
                }, 
                {
                 "name":"j",
                 "type":"int",
                 "value":11
                }, 
                {
                 "name":"padding-bottom",
                 "type":"int",
                 "value":2
                }, 
                {
                 "name":"padding-left",
                 "type":"int",
                 "value":1
                }, 
                {
                 "name":"padding-right",
                 "type":"int",
                 "value":1
                }, 
                {
                 "name":"padding-top",
                 "type":"int",
                 "value":0
                }, 
                {
                 "name":"startI",
                 "type":"int",
                 "value":0
                }, 
                {
                 "name":"startJ",
                 "type":"int",
                 "value":0
                }, 
                {
                 "name":"tier",
                 "type":"int",
                 "value":0
                }],
         "type":"tilelayer",
         "visible":true,
         "width":16,
         "x":0,
         "y":0
        }, 
        {
         "data":[26, 26, 26, 26, 26, 26, 26, 26, 26, 26, 26, 26, 26, 26, 26, 26, 26, 26, 26, 26, 17, 17, 17, 17, 17, 17, 17, 17, 26, 26, 26, 26, 26, 26, 26, 17, 17, 17, 17, 17, 17, 17, 17, 17, 17, 26, 26, 26, 26, 26, 17, 17, 17, 1, 1, 1, 13, 1, 1, 17, 17, 17, 26, 26, 26, 17, 17, 17, 1, 1, 21, 21, 13, 21, 1, 1, 17, 17, 17, 26, 26, 17, 17, 1, 1, 21, 21, 21, 13, 21, 21, 1, 1, 17, 17, 26, 26, 17, 17, 1, 25, 21, 21, 25, 9, 21, 21, 25, 1, 17, 17, 26, 26, 17, 17, 1, 9, 21, 21, 9, 9, 21, 21, 9, 1, 17, 17, 26, 26, 17, 17, 1, 21, 21, 21, 21, 21, 21, 21, 21, 1, 17, 17, 26, 26, 17, 17, 1, 25, 27, 25, 27, 25, 27, 25, 27, 1, 17, 17, 26, 26, 17, 17, 1, 21, 27, 25, 27, 25, 27, 25, 21, 1, 17, 17, 26, 26, 17, 17, 1, 1, 21, 21, 21, 21, 21, 21, 1, 1, 17, 17, 26, 26, 26, 17, 17, 1, 1, 1, 1, 1, 1, 1, 1, 17, 17, 26, 26, 26, 26, 26, 17, 17, 17, 17, 17, 17, 17, 17, 17, 17, 26, 26, 26, 26, 26, 26, 26, 17, 17, 17, 17, 17, 17, 17, 17, 26, 26, 26, 26, 26, 26, 26, 26, 26, 26, 26, 26, 26, 26, 26, 26, 26, 26, 26, 26],
         "height":16,
         "id":74,
         "name":"CaveFish",
         "opacity":1,
         "properties":[
                {
                 "name":"autoPlaceBlockers",
                 "type":"int",
                 "value":2
                }, 
                {
                 "name":"i",
                 "type":"int",
                 "value":11
                }, 
                {
                 "name":"j",
                 "type":"int",
                 "value":11
                }, 
                {
                 "name":"padding-bottom",
                 "type":"int",
                 "value":2
                }, 
                {
                 "name":"padding-left",
                 "type":"int",
                 "value":1
                }, 
                {
                 "name":"padding-right",
                 "type":"int",
                 "value":1
                }, 
                {
                 "name":"padding-top",
                 "type":"int",
                 "value":0
                }, 
                {
                 "name":"scale",
                 "type":"int",
                 "value":2
                }, 
                {
                 "name":"startI",
                 "type":"int",
                 "value":0
                }, 
                {
                 "name":"startJ",
                 "type":"int",
                 "value":0
                }, 
                {
                 "name":"tier",
                 "type":"int",
                 "value":0
                }],
         "type":"tilelayer",
         "visible":true,
         "width":16,
         "x":0,
         "y":0
        }, 
        {
         "data":[0, 0, 0, 0, 0, 0, 0, 0, 0, 0, 0, 0, 0, 0, 0, 0, 0, 0, 0, 0, 0, 0, 0, 0, 0, 0, 0, 0, 0, 0, 0, 0, 0, 0, 0, 0, 0, 0, 0, 0, 0, 0, 0, 0, 0, 0, 0, 0, 0, 0, 0, 0, 0, 0, 0, 0, 0, 0, 0, 0, 0, 0, 0, 0, 0, 0, 0, 0, 0, 0, 0, 0, 0, 0, 0, 0, 0, 0, 0, 0, 0, 0, 0, 0, 0, 0, 0, 0, 0, 0, 0, 0, 0, 0, 0, 0, 0, 0, 0, 0, 0, 0, 0, 0, 0, 0, 0, 0, 0, 0, 0, 0, 0, 0, 0, 0, 0, 0, 0, 0, 0, 0, 0, 0, 0, 0, 0, 0, 0, 0, 0, 0, 0, 0, 0, 0, 0, 0, 0, 0, 0, 0, 0, 0, 0, 0, 0, 0, 0, 0, 0, 0, 0, 0, 0, 0, 0, 0, 0, 0, 0, 0, 0, 0, 0, 0, 0, 0, 0, 0, 0, 0, 0, 0, 0, 0, 0, 0, 0, 0, 0, 0, 0, 0, 0, 0, 0, 0, 0, 0, 0, 0, 0, 0, 0, 0, 0, 0, 0, 0, 0, 0, 0, 0, 0, 0, 0, 0, 0, 0, 0, 0, 0, 0, 0, 0, 0, 0, 0, 0, 0, 0, 0, 0, 0, 0, 0, 0, 0, 0, 0, 0, 0, 0, 0, 0, 0, 0, 0, 0, 0, 0, 0, 0, 0, 0, 0, 0, 0, 0, 0, 0, 0, 0, 0, 0],
         "height":16,
         "id":106,
         "name":"_ADDON",
         "opacity":1,
         "properties":[
                {
                 "name":"autoPlaceBlockers",
                 "type":"int",
                 "value":2
                }, 
                {
                 "name":"i",
                 "type":"int",
                 "value":11
                }, 
                {
                 "name":"j",
                 "type":"int",
                 "value":11
                }, 
                {
                 "name":"padding-bottom",
                 "type":"int",
                 "value":2
                }, 
                {
                 "name":"padding-left",
                 "type":"int",
                 "value":1
                }, 
                {
                 "name":"padding-right",
                 "type":"int",
                 "value":1
                }, 
                {
                 "name":"padding-top",
                 "type":"int",
                 "value":0
                }, 
                {
                 "name":"startI",
                 "type":"int",
                 "value":0
                }, 
                {
                 "name":"startJ",
                 "type":"int",
                 "value":0
                }, 
                {
                 "name":"tier",
                 "type":"int",
                 "value":0
                }],
         "type":"tilelayer",
         "visible":true,
         "width":16,
         "x":0,
         "y":0
        }, 
        {
         "data":[0, 0, 0, 23, 23, 29, 29, 29, 7, 7, 15, 0, 0, 0, 0, 0, 0, 0, 0, 0, 23, 29, 29, 29, 7, 15, 0, 0, 0, 0, 0, 0, 0, 0, 0, 0, 23, 23, 29, 29, 7, 15, 0, 0, 0, 0, 0, 0, 0, 0, 0, 0, 0, 23, 29, 7, 7, 15, 0, 0, 0, 0, 0, 0, 0, 0, 0, 0, 0, 23, 29, 7, 15, 0, 0, 0, 0, 0, 0, 0, 0, 0, 0, 0, 0, 23, 7, 7, 15, 0, 0, 0, 0, 0, 0, 0, 0, 0, 0, 0, 0, 23, 7, 7, 15, 0, 0, 0, 0, 0, 0, 0, 0, 0, 0, 0, 0, 23, 7, 7, 15, 0, 0, 0, 0, 0, 0, 0, 0, 0, 0, 0, 0, 0, 23, 7, 15, 0, 0, 0, 0, 0, 0, 0, 0, 0, 0, 0, 0, 0, 23, 15, 15, 0, 0, 0, 0, 0, 0, 0, 0, 0, 0, 0, 0, 0, 23, 15, 0, 0, 0, 0, 0, 0, 0, 0, 0, 0, 0, 0, 0, 0, 0, 23, 0, 0, 0, 0, 0, 0, 0, 0, 0, 0, 0, 0, 0, 0, 0, 23, 0, 0, 0, 0, 0, 0, 0, 0, 0, 0, 0, 0, 0, 0, 0, 0, 0, 0, 0, 0, 0, 0, 0, 0, 0, 0, 0, 0, 0, 0, 0, 9, 0, 0, 0, 0, 0, 0, 0, 0, 0, 0, 0, 0, 0, 0, 0, 0, 0, 0, 0, 0, 0, 0, 0, 0],
         "height":16,
         "id":74,
         "name":"Stalactite",
         "opacity":1,
         "properties":[
                {
                 "name":"autoPlaceBlockers",
                 "type":"int",
                 "value":2
                }, 
                {
                 "name":"i",
                 "type":"int",
                 "value":11
                }, 
                {
                 "name":"j",
                 "type":"int",
                 "value":11
                }, 
                {
                 "name":"padding-bottom",
                 "type":"int",
                 "value":2
                }, 
                {
                 "name":"padding-left",
                 "type":"int",
                 "value":1
                }, 
                {
                 "name":"padding-right",
                 "type":"int",
                 "value":1
                }, 
                {
                 "name":"padding-top",
                 "type":"int",
                 "value":0
                }, 
                {
                 "name":"scale",
                 "type":"int",
                 "value":2
                }, 
                {
                 "name":"startI",
                 "type":"int",
                 "value":0
                }, 
                {
                 "name":"startJ",
                 "type":"int",
                 "value":0
                }, 
                {
                 "name":"tier",
                 "type":"int",
                 "value":0
                }],
         "type":"tilelayer",
         "visible":true,
         "width":16,
         "x":0,
         "y":0
        }, 
        {
         "data":[0, 0, 0, 0, 0, 0, 0, 0, 0, 0, 0, 0, 0, 0, 0, 0, 0, 0, 0, 0, 0, 0, 0, 0, 0, 0, 0, 0, 0, 0, 0, 0, 0, 0, 0, 0, 0, 0, 0, 0, 0, 0, 0, 0, 0, 0, 0, 0, 0, 0, 0, 0, 0, 0, 0, 0, 0, 0, 0, 0, 0, 0, 0, 0, 0, 0, 0, 0, 0, 0, 0, 0, 0, 0, 0, 0, 0, 0, 0, 0, 0, 0, 0, 0, 0, 0, 0, 0, 0, 0, 0, 0, 0, 0, 0, 0, 0, 0, 0, 0, 0, 0, 0, 0, 0, 0, 0, 0, 0, 0, 0, 0, 0, 0, 0, 0, 0, 0, 0, 0, 0, 0, 0, 0, 0, 0, 0, 0, 0, 0, 0, 0, 0, 0, 0, 0, 0, 0, 0, 0, 0, 0, 0, 0, 0, 0, 0, 0, 0, 0, 0, 0, 0, 0, 0, 0, 0, 0, 0, 0, 0, 0, 0, 0, 0, 0, 0, 0, 0, 0, 0, 0, 0, 0, 0, 0, 0, 0, 0, 0, 0, 0, 0, 0, 0, 0, 0, 0, 0, 0, 0, 0, 0, 0, 0, 0, 0, 0, 0, 0, 0, 0, 0, 0, 0, 0, 0, 0, 0, 0, 0, 0, 0, 0, 0, 0, 0, 0, 0, 0, 0, 0, 0, 0, 0, 0, 0, 0, 0, 0, 0, 0, 0, 0, 0, 0, 0, 0, 0, 0, 0, 0, 0, 0, 0, 0, 0, 0, 0, 0, 0, 0, 0, 0, 0, 0],
         "height":16,
         "id":106,
         "name":"_ADDON",
         "opacity":1,
         "properties":[
                {
                 "name":"autoPlaceBlockers",
                 "type":"int",
                 "value":2
                }, 
                {
                 "name":"i",
                 "type":"int",
                 "value":11
                }, 
                {
                 "name":"j",
                 "type":"int",
                 "value":11
                }, 
                {
                 "name":"padding-bottom",
                 "type":"int",
                 "value":2
                }, 
                {
                 "name":"padding-left",
                 "type":"int",
                 "value":1
                }, 
                {
                 "name":"padding-right",
                 "type":"int",
                 "value":1
                }, 
                {
                 "name":"padding-top",
                 "type":"int",
                 "value":0
                }, 
                {
                 "name":"startI",
                 "type":"int",
                 "value":0
                }, 
                {
                 "name":"startJ",
                 "type":"int",
                 "value":0
                }, 
                {
                 "name":"tier",
                 "type":"int",
                 "value":0
                }],
         "type":"tilelayer",
         "visible":true,
         "width":16,
         "x":0,
         "y":0
        }, 
        {
         "data":[0, 0, 0, 0, 0, 0, 0, 0, 18, 18, 18, 0, 0, 0, 0, 0, 0, 0, 18, 0, 0, 0, 18, 18, 15, 18, 0, 0, 0, 0, 0, 0, 0, 0, 0, 0, 0, 18, 15, 11, 3, 18, 0, 0, 0, 0, 0, 0, 0, 0, 0, 0, 0, 18, 11, 11, 18, 0, 0, 0, 0, 0, 0, 0, 0, 0, 0, 0, 18, 18, 11, 11, 18, 0, 0, 18, 0, 0, 0, 0, 0, 0, 0, 0, 18, 15, 3, 11, 15, 18, 0, 0, 0, 0, 0, 0, 0, 0, 0, 0, 18, 15, 18, 26, 15, 18, 0, 0, 0, 0, 0, 0, 0, 0, 0, 0, 0, 18, 26, 26, 18, 0, 0, 0, 0, 0, 0, 0, 0, 0, 0, 0, 0, 0, 26, 29, 0, 0, 0, 0, 0, 0, 0, 0, 0, 0, 0, 0, 0, 0, 29, 29, 0, 0, 0, 0, 0, 0, 0, 0, 0, 0, 0, 0, 0, 0, 26, 23, 0, 0, 0, 0, 0, 0, 0, 0, 0, 0, 0, 0, 0, 0, 26, 29, 0, 0, 0, 0, 0, 0, 0, 0, 0, 0, 0, 0, 0, 0, 29, 29, 0, 0, 0, 0, 0, 0, 0, 0, 0, 0, 0, 0, 0, 0, 23, 29, 30, 0, 0, 0, 0, 0, 0, 0, 0, 0, 0, 0, 0, 0, 29, 29, 30, 0, 0, 0, 0, 0, 0, 0, 0, 0, 0, 0, 0, 0, 0, 29, 0, 0, 0, 0, 0, 0, 0, 0],
         "height":16,
         "id":74,
         "name":"Torch",
         "opacity":1,
         "properties":[
                {
                 "name":"autoPlaceBlockers",
                 "type":"int",
                 "value":2
                }, 
                {
                 "name":"i",
                 "type":"int",
                 "value":11
                }, 
                {
                 "name":"j",
                 "type":"int",
                 "value":11
                }, 
                {
                 "name":"padding-bottom",
                 "type":"int",
                 "value":2
                }, 
                {
                 "name":"padding-left",
                 "type":"int",
                 "value":1
                }, 
                {
                 "name":"padding-right",
                 "type":"int",
                 "value":1
                }, 
                {
                 "name":"padding-top",
                 "type":"int",
                 "value":0
                }, 
                {
                 "name":"scale",
                 "type":"int",
                 "value":2
                }, 
                {
                 "name":"startI",
                 "type":"int",
                 "value":0
                }, 
                {
                 "name":"startJ",
                 "type":"int",
                 "value":0
                }, 
                {
                 "name":"tier",
                 "type":"int",
                 "value":0
                }],
         "type":"tilelayer",
         "visible":true,
         "width":16,
         "x":0,
         "y":0
        }, 
        {
         "data":[0, 0, 0, 0, 0, 0, 0, 0, 0, 0, 0, 0, 0, 0, 0, 0, 0, 0, 0, 0, 0, 0, 0, 0, 0, 0, 0, 0, 0, 0, 0, 0, 0, 0, 0, 0, 0, 0, 0, 0, 0, 0, 0, 0, 0, 0, 0, 0, 0, 0, 0, 0, 0, 0, 0, 0, 0, 0, 0, 0, 0, 0, 0, 0, 0, 0, 0, 0, 0, 0, 0, 0, 0, 0, 0, 0, 0, 0, 0, 0, 0, 0, 0, 0, 0, 0, 0, 0, 0, 0, 0, 0, 0, 0, 0, 0, 0, 0, 0, 0, 0, 0, 0, 0, 0, 0, 0, 0, 0, 0, 0, 0, 0, 0, 0, 0, 0, 0, 0, 0, 0, 0, 0, 0, 0, 0, 0, 0, 0, 0, 0, 0, 0, 0, 0, 0, 0, 0, 0, 0, 0, 0, 0, 0, 0, 0, 0, 0, 0, 0, 0, 0, 0, 0, 0, 0, 0, 0, 0, 0, 0, 0, 0, 0, 0, 0, 0, 0, 0, 0, 0, 0, 0, 0, 0, 0, 0, 0, 0, 0, 0, 0, 0, 0, 0, 0, 0, 0, 0, 0, 0, 0, 0, 0, 0, 0, 0, 0, 0, 0, 0, 0, 0, 0, 0, 0, 0, 0, 0, 0, 0, 0, 0, 0, 0, 0, 0, 0, 0, 0, 0, 0, 0, 0, 0, 0, 0, 0, 0, 0, 0, 0, 0, 0, 0, 0, 0, 0, 0, 0, 0, 0, 0, 0, 0, 0, 0, 0, 0, 0, 0, 0, 0, 0, 0, 0],
         "height":16,
         "id":106,
         "name":"_ADDON",
         "opacity":1,
         "properties":[
                {
                 "name":"autoPlaceBlockers",
                 "type":"int",
                 "value":2
                }, 
                {
                 "name":"i",
                 "type":"int",
                 "value":11
                }, 
                {
                 "name":"j",
                 "type":"int",
                 "value":11
                }, 
                {
                 "name":"padding-bottom",
                 "type":"int",
                 "value":2
                }, 
                {
                 "name":"padding-left",
                 "type":"int",
                 "value":1
                }, 
                {
                 "name":"padding-right",
                 "type":"int",
                 "value":1
                }, 
                {
                 "name":"padding-top",
                 "type":"int",
                 "value":0
                }, 
                {
                 "name":"startI",
                 "type":"int",
                 "value":0
                }, 
                {
                 "name":"startJ",
                 "type":"int",
                 "value":0
                }, 
                {
                 "name":"tier",
                 "type":"int",
                 "value":0
                }],
         "type":"tilelayer",
         "visible":true,
         "width":16,
         "x":0,
         "y":0
        }, 
        {
         "data":[0, 15, 15, 7, 7, 15, 15, 7, 7, 23, 7, 23, 15, 7, 7, 0, 0, 7, 15, 7, 15, 15, 7, 18, 15, 7, 7, 7, 7, 7, 15, 0, 0, 7, 7, 15, 15, 7, 18, 18, 15, 15, 15, 15, 15, 15, 15, 0, 0, 15, 7, 15, 23, 18, 15, 18, 15, 18, 18, 15, 23, 7, 15, 0, 0, 23, 7, 15, 18, 15, 15, 18, 15, 18, 18, 23, 7, 7, 15, 0, 0, 23, 7, 15, 18, 15, 15, 18, 15, 23, 18, 7, 7, 15, 15, 0, 0, 15, 15, 7, 18, 18, 18, 18, 18, 18, 18, 7, 15, 15, 15, 0, 0, 7, 7, 23, 18, 15, 15, 18, 18, 18, 18, 15, 15, 15, 15, 0, 0, 7, 23, 7, 18, 7, 7, 18, 7, 15, 18, 15, 7, 7, 23, 0, 0, 15, 15, 7, 18, 15, 7, 18, 7, 15, 18, 7, 7, 23, 15, 0, 0, 7, 7, 7, 15, 18, 15, 18, 18, 18, 18, 7, 23, 15, 15, 0, 0, 7, 15, 23, 7, 7, 18, 18, 15, 23, 18, 15, 15, 15, 15, 0, 0, 15, 23, 7, 7, 15, 15, 18, 23, 7, 18, 7, 7, 7, 7, 0, 0, 15, 7, 7, 15, 15, 18, 18, 7, 7, 18, 18, 18, 18, 15, 0, 0, 7, 7, 15, 15, 15, 15, 7, 7, 23, 23, 15, 7, 7, 7, 0, 0, 0, 0, 0, 0, 0, 0, 0, 0, 0, 0, 0, 0, 0, 0, 0],
         "height":16,
         "id":74,
         "name":"CavePaintings",
         "opacity":1,
         "properties":[
                {
                 "name":"autoPlaceBlockers",
                 "type":"int",
                 "value":2
                }, 
                {
                 "name":"i",
                 "type":"int",
                 "value":11
                }, 
                {
                 "name":"j",
                 "type":"int",
                 "value":11
                }, 
                {
                 "name":"padding-bottom",
                 "type":"int",
                 "value":2
                }, 
                {
                 "name":"padding-left",
                 "type":"int",
                 "value":1
                }, 
                {
                 "name":"padding-right",
                 "type":"int",
                 "value":1
                }, 
                {
                 "name":"padding-top",
                 "type":"int",
                 "value":0
                }, 
                {
                 "name":"scale",
                 "type":"int",
                 "value":2
                }, 
                {
                 "name":"startI",
                 "type":"int",
                 "value":0
                }, 
                {
                 "name":"startJ",
                 "type":"int",
                 "value":0
                }, 
                {
                 "name":"tier",
                 "type":"int",
                 "value":0
                }],
         "type":"tilelayer",
         "visible":true,
         "width":16,
         "x":0,
         "y":0
        }, 
        {
         "data":[0, 0, 0, 0, 0, 0, 0, 0, 0, 0, 0, 0, 0, 0, 0, 0, 0, 0, 0, 0, 0, 0, 0, 0, 0, 0, 0, 0, 0, 0, 0, 0, 0, 0, 0, 0, 0, 0, 0, 0, 0, 0, 0, 0, 0, 0, 0, 0, 0, 0, 0, 0, 0, 0, 0, 0, 0, 0, 0, 0, 0, 0, 0, 0, 0, 0, 0, 0, 0, 0, 0, 0, 0, 0, 0, 0, 0, 0, 0, 0, 0, 0, 0, 0, 0, 0, 0, 0, 0, 0, 0, 0, 0, 0, 0, 0, 0, 0, 0, 0, 0, 0, 0, 0, 0, 0, 0, 0, 0, 0, 0, 0, 0, 0, 0, 0, 0, 0, 0, 0, 0, 0, 0, 0, 0, 0, 0, 0, 0, 0, 0, 0, 0, 0, 0, 0, 0, 0, 0, 0, 0, 0, 0, 0, 0, 0, 0, 0, 0, 0, 0, 0, 0, 0, 0, 0, 0, 0, 0, 0, 0, 0, 0, 0, 0, 0, 0, 0, 0, 0, 0, 0, 0, 0, 0, 0, 0, 0, 0, 0, 0, 0, 0, 0, 0, 0, 0, 0, 0, 0, 0, 0, 0, 0, 0, 0, 0, 0, 0, 0, 0, 0, 0, 0, 0, 0, 0, 0, 0, 0, 0, 0, 0, 0, 0, 0, 0, 0, 0, 0, 0, 0, 0, 0, 0, 0, 0, 0, 0, 0, 0, 0, 0, 0, 0, 0, 0, 0, 0, 0, 0, 0, 0, 0, 0, 0, 0, 0, 0, 0, 0, 0, 0, 0, 0, 0],
         "height":16,
         "id":106,
         "name":"_ADDON",
         "opacity":1,
         "properties":[
                {
                 "name":"autoPlaceBlockers",
                 "type":"int",
                 "value":2
                }, 
                {
                 "name":"i",
                 "type":"int",
                 "value":11
                }, 
                {
                 "name":"j",
                 "type":"int",
                 "value":11
                }, 
                {
                 "name":"padding-bottom",
                 "type":"int",
                 "value":2
                }, 
                {
                 "name":"padding-left",
                 "type":"int",
                 "value":1
                }, 
                {
                 "name":"padding-right",
                 "type":"int",
                 "value":1
                }, 
                {
                 "name":"padding-top",
                 "type":"int",
                 "value":0
                }, 
                {
                 "name":"startI",
                 "type":"int",
                 "value":0
                }, 
                {
                 "name":"startJ",
                 "type":"int",
                 "value":0
                }, 
                {
                 "name":"tier",
                 "type":"int",
                 "value":0
                }],
         "type":"tilelayer",
         "visible":true,
         "width":16,
         "x":0,
         "y":0
        }, 
        {
         "data":[0, 29, 29, 7, 7, 0, 0, 0, 29, 29, 7, 0, 0, 0, 0, 0, 0, 29, 28, 28, 7, 0, 0, 0, 29, 28, 7, 0, 0, 0, 0, 0, 0, 29, 29, 29, 23, 23, 7, 7, 7, 7, 7, 7, 0, 0, 0, 0, 29, 29, 29, 26, 26, 26, 23, 23, 7, 7, 7, 7, 0, 0, 0, 0, 29, 29, 23, 23, 23, 23, 23, 23, 26, 26, 26, 7, 7, 0, 0, 0, 29, 29, 23, 23, 26, 23, 23, 23, 23, 26, 23, 7, 7, 0, 0, 0, 29, 29, 23, 23, 26, 23, 23, 23, 23, 26, 23, 28, 28, 28, 26, 27, 29, 29, 23, 23, 23, 23, 23, 23, 23, 23, 29, 28, 28, 28, 26, 26, 29, 29, 23, 23, 23, 23, 23, 23, 23, 23, 29, 28, 28, 28, 28, 28, 29, 29, 29, 23, 23, 23, 23, 23, 23, 23, 29, 29, 25, 29, 0, 0, 29, 29, 29, 29, 29, 29, 29, 29, 23, 23, 23, 23, 23, 7, 0, 0, 0, 29, 29, 29, 29, 29, 29, 29, 29, 29, 23, 23, 7, 0, 0, 0, 0, 0, 0, 0, 0, 0, 0, 0, 0, 0, 0, 0, 0, 0, 0, 0, 0, 0, 0, 0, 0, 0, 0, 0, 0, 0, 0, 0, 0, 0, 0, 0, 0, 0, 0, 0, 0, 0, 0, 0, 0, 0, 0, 0, 0, 0, 0, 0, 0, 0, 0, 0, 0, 0, 0, 0, 0, 0, 0, 0, 0, 0, 0, 0],
         "height":16,
         "id":74,
         "name":"Bear",
         "opacity":1,
         "properties":[
                {
                 "name":"autoPlaceBlockers",
                 "type":"int",
                 "value":2
                }, 
                {
                 "name":"i",
                 "type":"int",
                 "value":11
                }, 
                {
                 "name":"j",
                 "type":"int",
                 "value":11
                }, 
                {
                 "name":"padding-bottom",
                 "type":"int",
                 "value":2
                }, 
                {
                 "name":"padding-left",
                 "type":"int",
                 "value":1
                }, 
                {
                 "name":"padding-right",
                 "type":"int",
                 "value":1
                }, 
                {
                 "name":"padding-top",
                 "type":"int",
                 "value":0
                }, 
                {
                 "name":"scale",
                 "type":"int",
                 "value":2
                }, 
                {
                 "name":"startI",
                 "type":"int",
                 "value":0
                }, 
                {
                 "name":"startJ",
                 "type":"int",
                 "value":0
                }, 
                {
                 "name":"tier",
                 "type":"int",
                 "value":0
                }],
         "type":"tilelayer",
         "visible":true,
         "width":16,
         "x":0,
         "y":0
        }, 
        {
         "data":[0, 0, 0, 0, 0, 0, 0, 0, 0, 0, 0, 0, 0, 0, 0, 0, 0, 0, 0, 0, 0, 0, 0, 0, 0, 0, 0, 0, 0, 0, 0, 0, 0, 0, 0, 0, 0, 0, 0, 0, 0, 0, 0, 0, 0, 0, 0, 0, 0, 0, 0, 0, 0, 0, 0, 0, 0, 0, 0, 0, 0, 0, 0, 0, 0, 0, 0, 0, 0, 0, 0, 0, 0, 0, 0, 0, 0, 0, 0, 0, 0, 0, 0, 0, 0, 0, 0, 0, 0, 0, 0, 0, 0, 0, 0, 0, 0, 0, 0, 0, 0, 0, 0, 0, 0, 0, 0, 0, 0, 0, 0, 0, 0, 0, 0, 0, 0, 0, 0, 0, 0, 0, 0, 0, 0, 0, 0, 0, 0, 0, 0, 0, 0, 0, 0, 0, 0, 0, 0, 0, 0, 0, 0, 0, 0, 0, 0, 0, 0, 0, 0, 0, 0, 0, 0, 0, 0, 0, 0, 0, 0, 0, 0, 0, 0, 0, 0, 0, 0, 0, 0, 0, 0, 0, 0, 0, 0, 0, 0, 0, 0, 0, 0, 0, 0, 0, 0, 0, 0, 0, 0, 0, 0, 0, 0, 0, 0, 0, 0, 0, 0, 0, 0, 0, 0, 0, 0, 0, 0, 0, 0, 0, 0, 0, 0, 0, 0, 0, 0, 0, 0, 0, 0, 0, 0, 0, 0, 0, 0, 0, 0, 0, 0, 0, 0, 0, 0, 0, 0, 0, 0, 0, 0, 0, 0, 0, 0, 0, 0, 0, 0, 0, 0, 0, 0, 0],
         "height":16,
         "id":106,
         "name":"_ADDON",
         "opacity":1,
         "properties":[
                {
                 "name":"autoPlaceBlockers",
                 "type":"int",
                 "value":2
                }, 
                {
                 "name":"i",
                 "type":"int",
                 "value":11
                }, 
                {
                 "name":"j",
                 "type":"int",
                 "value":11
                }, 
                {
                 "name":"padding-bottom",
                 "type":"int",
                 "value":2
                }, 
                {
                 "name":"padding-left",
                 "type":"int",
                 "value":1
                }, 
                {
                 "name":"padding-right",
                 "type":"int",
                 "value":1
                }, 
                {
                 "name":"padding-top",
                 "type":"int",
                 "value":0
                }, 
                {
                 "name":"startI",
                 "type":"int",
                 "value":0
                }, 
                {
                 "name":"startJ",
                 "type":"int",
                 "value":0
                }, 
                {
                 "name":"tier",
                 "type":"int",
                 "value":0
                }],
         "type":"tilelayer",
         "visible":true,
         "width":16,
         "x":0,
         "y":0
        }, 
        {
         "data":[0, 0, 25, 25, 25, 0, 0, 0, 0, 0, 0, 23, 29, 0, 27, 0, 25, 25, 25, 25, 26, 25, 0, 0, 0, 0, 23, 23, 29, 27, 27, 0, 25, 25, 25, 25, 25, 25, 0, 0, 0, 0, 23, 29, 29, 0, 0, 0, 24, 0, 0, 0, 27, 25, 0, 0, 0, 25, 25, 25, 25, 27, 0, 0, 24, 0, 0, 25, 25, 27, 0, 0, 25, 25, 25, 25, 25, 27, 27, 0, 0, 0, 25, 25, 25, 26, 0, 0, 25, 26, 27, 26, 27, 26, 0, 0, 0, 25, 25, 25, 27, 27, 0, 0, 27, 23, 29, 29, 29, 29, 0, 0, 25, 25, 25, 27, 26, 0, 0, 0, 23, 25, 25, 25, 25, 25, 25, 0, 25, 25, 25, 27, 0, 0, 0, 25, 25, 25, 25, 26, 27, 27, 25, 25, 25, 25, 25, 25, 25, 25, 25, 25, 26, 27, 27, 29, 29, 29, 26, 25, 0, 25, 25, 27, 26, 27, 26, 27, 27, 29, 29, 29, 29, 29, 29, 27, 0, 0, 0, 0, 0, 0, 0, 0, 0, 0, 0, 0, 0, 0, 0, 0, 0, 0, 0, 0, 0, 0, 0, 0, 0, 0, 0, 0, 0, 0, 0, 0, 0, 0, 0, 0, 0, 0, 0, 0, 0, 0, 0, 0, 0, 0, 0, 0, 0, 0, 0, 0, 0, 0, 0, 0, 0, 0, 0, 0, 0, 0, 0, 0, 0, 0, 0, 0, 0, 0, 0, 0, 0, 0, 0, 0, 0, 0, 0, 0],
         "height":16,
         "id":74,
         "name":"CaveSnake",
         "opacity":1,
         "properties":[
                {
                 "name":"autoPlaceBlockers",
                 "type":"int",
                 "value":2
                }, 
                {
                 "name":"i",
                 "type":"int",
                 "value":11
                }, 
                {
                 "name":"j",
                 "type":"int",
                 "value":11
                }, 
                {
                 "name":"padding-bottom",
                 "type":"int",
                 "value":2
                }, 
                {
                 "name":"padding-left",
                 "type":"int",
                 "value":1
                }, 
                {
                 "name":"padding-right",
                 "type":"int",
                 "value":1
                }, 
                {
                 "name":"padding-top",
                 "type":"int",
                 "value":0
                }, 
                {
                 "name":"scale",
                 "type":"int",
                 "value":2
                }, 
                {
                 "name":"startI",
                 "type":"int",
                 "value":0
                }, 
                {
                 "name":"startJ",
                 "type":"int",
                 "value":0
                }, 
                {
                 "name":"tier",
                 "type":"int",
                 "value":0
                }],
         "type":"tilelayer",
         "visible":true,
         "width":16,
         "x":0,
         "y":0
        }, 
        {
         "data":[0, 0, 0, 0, 0, 0, 0, 0, 0, 0, 0, 0, 0, 0, 0, 0, 0, 0, 0, 0, 0, 0, 0, 0, 0, 0, 0, 0, 0, 0, 0, 0, 0, 0, 0, 0, 0, 0, 0, 0, 0, 0, 0, 0, 0, 0, 0, 0, 0, 0, 0, 0, 0, 0, 0, 0, 0, 0, 0, 0, 0, 0, 0, 0, 0, 0, 0, 0, 0, 0, 0, 0, 0, 0, 0, 0, 0, 0, 0, 0, 0, 0, 0, 0, 0, 0, 0, 0, 0, 0, 0, 0, 0, 0, 0, 0, 0, 0, 0, 0, 0, 0, 0, 0, 0, 0, 0, 0, 0, 0, 0, 0, 0, 0, 0, 0, 0, 0, 0, 0, 0, 0, 0, 0, 0, 0, 0, 0, 0, 0, 0, 0, 0, 0, 0, 0, 0, 0, 0, 0, 0, 0, 0, 0, 0, 0, 0, 0, 0, 0, 0, 0, 0, 0, 0, 0, 0, 0, 0, 0, 0, 0, 0, 0, 0, 0, 0, 0, 0, 0, 0, 0, 0, 0, 0, 0, 0, 0, 0, 0, 0, 0, 0, 0, 0, 0, 0, 0, 0, 0, 0, 0, 0, 0, 0, 0, 0, 0, 0, 0, 0, 0, 0, 0, 0, 0, 0, 0, 0, 0, 0, 0, 0, 0, 0, 0, 0, 0, 0, 0, 0, 0, 0, 0, 0, 0, 0, 0, 0, 0, 0, 0, 0, 0, 0, 0, 0, 0, 0, 0, 0, 0, 0, 0, 0, 0, 0, 0, 0, 0, 0, 0, 0, 0, 0, 0],
         "height":16,
         "id":106,
         "name":"_ADDON",
         "opacity":1,
         "properties":[
                {
                 "name":"autoPlaceBlockers",
                 "type":"int",
                 "value":2
                }, 
                {
                 "name":"i",
                 "type":"int",
                 "value":11
                }, 
                {
                 "name":"j",
                 "type":"int",
                 "value":11
                }, 
                {
                 "name":"padding-bottom",
                 "type":"int",
                 "value":2
                }, 
                {
                 "name":"padding-left",
                 "type":"int",
                 "value":1
                }, 
                {
                 "name":"padding-right",
                 "type":"int",
                 "value":1
                }, 
                {
                 "name":"padding-top",
                 "type":"int",
                 "value":0
                }, 
                {
                 "name":"startI",
                 "type":"int",
                 "value":0
                }, 
                {
                 "name":"startJ",
                 "type":"int",
                 "value":0
                }, 
                {
                 "name":"tier",
                 "type":"int",
                 "value":0
                }],
         "type":"tilelayer",
         "visible":true,
         "width":16,
         "x":0,
         "y":0
        }, 
        {
         "data":[27, 27, 27, 27, 27, 26, 27, 27, 27, 26, 27, 27, 27, 27, 27, 27, 0, 0, 0, 0, 0, 26, 26, 0, 26, 26, 0, 0, 0, 0, 0, 0, 0, 0, 0, 0, 0, 26, 16, 26, 26, 26, 0, 0, 0, 0, 0, 0, 0, 0, 0, 0, 0, 26, 8, 8, 26, 26, 0, 0, 0, 0, 0, 0, 0, 0, 0, 0, 26, 26, 24, 24, 24, 26, 0, 0, 0, 0, 0, 0, 0, 0, 0, 0, 26, 24, 16, 16, 16, 8, 26, 0, 0, 0, 0, 0, 0, 0, 0, 0, 26, 8, 8, 8, 8, 8, 26, 0, 0, 0, 0, 0, 0, 0, 0, 26, 8, 24, 24, 24, 24, 24, 8, 26, 0, 0, 0, 0, 0, 0, 0, 26, 24, 16, 16, 16, 16, 8, 8, 26, 0, 0, 0, 0, 0, 0, 0, 26, 24, 8, 26, 26, 26, 8, 8, 26, 0, 0, 0, 0, 0, 0, 0, 26, 26, 26, 27, 18, 27, 26, 26, 26, 0, 0, 0, 0, 0, 0, 0, 0, 26, 25, 24, 24, 24, 25, 26, 0, 0, 0, 0, 0, 0, 0, 0, 0, 26, 25, 8, 24, 8, 25, 26, 0, 0, 0, 0, 0, 0, 0, 0, 26, 24, 26, 8, 8, 8, 26, 24, 26, 0, 0, 0, 0, 0, 0, 0, 26, 26, 0, 26, 26, 26, 0, 26, 26, 0, 0, 0, 0, 0, 0, 0, 26, 0, 0, 0, 0, 0, 0, 0, 26, 0, 0, 0, 0],
         "height":16,
         "id":74,
         "name":"Bat",
         "opacity":1,
         "properties":[
                {
                 "name":"autoPlaceBlockers",
                 "type":"int",
                 "value":2
                }, 
                {
                 "name":"i",
                 "type":"int",
                 "value":11
                }, 
                {
                 "name":"j",
                 "type":"int",
                 "value":11
                }, 
                {
                 "name":"padding-bottom",
                 "type":"int",
                 "value":2
                }, 
                {
                 "name":"padding-left",
                 "type":"int",
                 "value":1
                }, 
                {
                 "name":"padding-right",
                 "type":"int",
                 "value":1
                }, 
                {
                 "name":"padding-top",
                 "type":"int",
                 "value":0
                }, 
                {
                 "name":"scale",
                 "type":"int",
                 "value":2
                }, 
                {
                 "name":"startI",
                 "type":"int",
                 "value":0
                }, 
                {
                 "name":"startJ",
                 "type":"int",
                 "value":0
                }, 
                {
                 "name":"tier",
                 "type":"int",
                 "value":0
                }],
         "type":"tilelayer",
         "visible":true,
         "width":16,
         "x":0,
         "y":0
        }, 
        {
         "data":[0, 0, 33, 0, 0, 33, 0, 0, 33, 0, 0, 33, 0, 0, 33, 0, 0, 0, 0, 0, 0, 0, 0, 0, 0, 0, 0, 0, 0, 0, 0, 0, 0, 0, 0, 0, 0, 0, 0, 33, 0, 0, 0, 0, 0, 0, 0, 0, 0, 0, 0, 0, 0, 33, 0, 0, 0, 0, 0, 0, 0, 0, 0, 0, 0, 0, 0, 0, 0, 0, 0, 0, 0, 33, 0, 0, 0, 0, 0, 0, 0, 0, 0, 0, 33, 0, 0, 33, 0, 0, 0, 0, 0, 0, 0, 0, 0, 0, 0, 0, 0, 0, 0, 0, 0, 0, 33, 0, 0, 0, 0, 0, 0, 0, 0, 0, 0, 0, 33, 0, 0, 0, 0, 0, 0, 0, 0, 0, 0, 0, 0, 33, 0, 0, 0, 0, 0, 33, 0, 0, 0, 0, 0, 0, 0, 0, 0, 0, 0, 33, 0, 0, 0, 0, 0, 33, 0, 0, 0, 0, 0, 0, 0, 0, 0, 0, 0, 0, 33, 0, 0, 0, 0, 0, 0, 0, 0, 0, 0, 0, 33, 0, 0, 0, 0, 0, 0, 0, 0, 0, 0, 0, 0, 0, 0, 0, 0, 0, 33, 0, 0, 0, 33, 0, 0, 0, 0, 0, 0, 0, 0, 33, 0, 0, 0, 0, 33, 0, 0, 0, 0, 0, 0, 0, 0, 0, 0, 0, 0, 0, 33, 0, 0, 0, 0, 0, 0, 0, 0, 0, 0, 0, 0, 0, 0, 0, 0, 0, 0, 0, 0, 33, 0, 0, 0, 0],
         "height":16,
         "id":106,
         "name":"_ADDON",
         "opacity":1,
         "properties":[
                {
                 "name":"autoPlaceBlockers",
                 "type":"int",
                 "value":2
                }, 
                {
                 "name":"i",
                 "type":"int",
                 "value":11
                }, 
                {
                 "name":"j",
                 "type":"int",
                 "value":11
                }, 
                {
                 "name":"padding-bottom",
                 "type":"int",
                 "value":2
                }, 
                {
                 "name":"padding-left",
                 "type":"int",
                 "value":1
                }, 
                {
                 "name":"padding-right",
                 "type":"int",
                 "value":1
                }, 
                {
                 "name":"padding-top",
                 "type":"int",
                 "value":0
                }, 
                {
                 "name":"startI",
                 "type":"int",
                 "value":0
                }, 
                {
                 "name":"startJ",
                 "type":"int",
                 "value":0
                }, 
                {
                 "name":"tier",
                 "type":"int",
                 "value":0
                }],
         "type":"tilelayer",
         "visible":true,
         "width":16,
         "x":0,
         "y":0
        }, 
        {
         "data":[3, 3, 11, 11, 19, 19, 3, 3, 11, 11, 19, 19, 3, 3, 11, 11, 0, 19, 19, 3, 3, 11, 11, 19, 19, 3, 3, 11, 11, 19, 19, 0, 0, 0, 11, 11, 19, 19, 3, 3, 11, 11, 19, 19, 3, 3, 0, 0, 19, 0, 0, 19, 19, 11, 11, 3, 3, 19, 19, 11, 11, 0, 0, 3, 0, 0, 0, 29, 3, 3, 19, 19, 11, 11, 3, 3, 0, 0, 0, 0, 0, 0, 3, 0, 29, 11, 11, 3, 3, 19, 19, 0, 0, 11, 0, 0, 0, 0, 0, 0, 29, 29, 29, 29, 11, 29, 29, 0, 0, 0, 0, 0, 0, 11, 0, 0, 29, 29, 26, 23, 23, 26, 29, 0, 0, 0, 19, 0, 0, 0, 0, 0, 29, 29, 23, 23, 23, 23, 29, 0, 0, 0, 0, 0, 0, 0, 0, 0, 0, 0, 0, 0, 0, 0, 0, 0, 0, 0, 0, 0, 0, 0, 0, 0, 0, 0, 0, 0, 0, 0, 0, 0, 0, 0, 0, 0, 0, 0, 0, 0, 0, 0, 0, 0, 0, 0, 0, 0, 0, 0, 0, 0, 0, 0, 0, 0, 0, 0, 0, 0, 0, 0, 0, 0, 0, 0, 0, 0, 0, 0, 0, 0, 0, 0, 0, 0, 0, 0, 0, 0, 0, 0, 0, 0, 0, 0, 0, 0, 0, 0, 0, 0, 0, 0, 0, 0, 0, 0, 0, 0, 0, 0, 0, 0, 0, 0, 0, 0, 0, 0, 0, 0, 0, 0, 0, 0],
         "height":16,
         "id":74,
         "name":"Treasure",
         "opacity":1,
         "properties":[
                {
                 "name":"autoPlaceBlockers",
                 "type":"int",
                 "value":2
                }, 
                {
                 "name":"i",
                 "type":"int",
                 "value":11
                }, 
                {
                 "name":"j",
                 "type":"int",
                 "value":11
                }, 
                {
                 "name":"padding-bottom",
                 "type":"int",
                 "value":2
                }, 
                {
                 "name":"padding-left",
                 "type":"int",
                 "value":1
                }, 
                {
                 "name":"padding-right",
                 "type":"int",
                 "value":1
                }, 
                {
                 "name":"padding-top",
                 "type":"int",
                 "value":0
                }, 
                {
                 "name":"scale",
                 "type":"int",
                 "value":2
                }, 
                {
                 "name":"startI",
                 "type":"int",
                 "value":0
                }, 
                {
                 "name":"startJ",
                 "type":"int",
                 "value":0
                }, 
                {
                 "name":"tier",
                 "type":"int",
                 "value":0
                }],
         "type":"tilelayer",
         "visible":true,
         "width":16,
         "x":0,
         "y":0
        }, 
        {
         "data":[0, 33, 0, 0, 0, 33, 0, 0, 0, 33, 0, 0, 0, 33, 0, 0, 0, 0, 0, 0, 0, 0, 0, 0, 0, 0, 0, 0, 0, 0, 0, 0, 0, 0, 0, 33, 0, 0, 0, 33, 0, 0, 0, 33, 0, 0, 0, 0, 0, 0, 0, 0, 0, 0, 0, 0, 0, 0, 0, 0, 0, 0, 0, 0, 0, 0, 0, 0, 0, 33, 0, 0, 0, 33, 0, 0, 0, 0, 0, 0, 0, 0, 0, 0, 0, 0, 0, 0, 0, 0, 0, 0, 0, 0, 0, 0, 0, 0, 0, 0, 33, 0, 0, 33, 0, 0, 33, 0, 0, 0, 0, 0, 0, 0, 0, 0, 0, 0, 0, 0, 0, 0, 0, 0, 0, 0, 0, 0, 0, 0, 0, 0, 0, 33, 0, 0, 0, 33, 0, 0, 0, 0, 0, 0, 0, 0, 0, 0, 0, 0, 0, 0, 0, 0, 0, 0, 0, 0, 0, 0, 0, 0, 0, 0, 0, 0, 0, 0, 0, 0, 0, 0, 0, 0, 0, 0, 0, 0, 0, 0, 0, 0, 0, 0, 0, 0, 0, 0, 0, 0, 0, 0, 0, 0, 0, 0, 0, 0, 0, 0, 0, 0, 0, 0, 0, 0, 0, 0, 0, 0, 0, 0, 0, 0, 0, 0, 0, 0, 0, 0, 0, 0, 0, 0, 0, 0, 0, 0, 0, 0, 0, 0, 0, 0, 0, 0, 0, 0, 0, 0, 0, 0, 0, 0, 0, 0, 0, 0, 0, 0, 0, 0, 0, 0, 0, 0],
         "height":16,
         "id":106,
         "name":"_ADDON",
         "opacity":1,
         "properties":[
                {
                 "name":"autoPlaceBlockers",
                 "type":"int",
                 "value":2
                }, 
                {
                 "name":"i",
                 "type":"int",
                 "value":11
                }, 
                {
                 "name":"j",
                 "type":"int",
                 "value":11
                }, 
                {
                 "name":"padding-bottom",
                 "type":"int",
                 "value":2
                }, 
                {
                 "name":"padding-left",
                 "type":"int",
                 "value":1
                }, 
                {
                 "name":"padding-right",
                 "type":"int",
                 "value":1
                }, 
                {
                 "name":"padding-top",
                 "type":"int",
                 "value":0
                }, 
                {
                 "name":"startI",
                 "type":"int",
                 "value":0
                }, 
                {
                 "name":"startJ",
                 "type":"int",
                 "value":0
                }, 
                {
                 "name":"tier",
                 "type":"int",
                 "value":0
                }],
         "type":"tilelayer",
         "visible":true,
         "width":16,
         "x":0,
         "y":0
        }, 
        {
         "data":[29, 29, 29, 29, 29, 29, 29, 29, 29, 29, 29, 29, 29, 29, 29, 29, 29, 29, 29, 29, 29, 23, 23, 23, 23, 23, 23, 29, 29, 29, 29, 29, 29, 29, 29, 29, 23, 23, 7, 7, 7, 7, 23, 23, 29, 29, 29, 29, 29, 29, 29, 23, 23, 7, 7, 7, 7, 7, 7, 23, 23, 29, 29, 29, 29, 29, 29, 23, 23, 7, 7, 9, 9, 7, 7, 23, 23, 29, 29, 29, 29, 29, 29, 23, 23, 7, 7, 9, 9, 7, 7, 23, 23, 29, 29, 29, 29, 29, 29, 23, 23, 7, 7, 9, 9, 7, 7, 23, 23, 29, 29, 29, 29, 29, 29, 23, 23, 7, 27, 27, 27, 27, 7, 23, 23, 29, 29, 29, 29, 29, 29, 23, 27, 27, 26, 25, 25, 26, 27, 27, 23, 29, 29, 29, 29, 29, 29, 27, 27, 27, 26, 27, 27, 26, 27, 27, 27, 29, 29, 29, 29, 26, 26, 27, 27, 26, 25, 25, 26, 27, 27, 27, 27, 26, 26, 26, 26, 26, 26, 27, 27, 26, 27, 27, 26, 27, 27, 27, 27, 26, 26, 26, 26, 26, 26, 26, 27, 27, 26, 25, 25, 26, 27, 27, 26, 26, 26, 26, 26, 26, 26, 26, 26, 27, 26, 27, 27, 26, 27, 26, 26, 26, 26, 26, 26, 26, 26, 26, 26, 26, 25, 25, 26, 26, 26, 26, 26, 26, 26, 26, 26, 26, 26, 26, 26, 26, 27, 27, 26, 26, 26, 26, 26, 26, 26, 26],
         "height":16,
         "id":74,
         "name":"End",
         "opacity":1,
         "properties":[
                {
                 "name":"autoPlaceBlockers",
                 "type":"int",
                 "value":2
                }, 
                {
                 "name":"i",
                 "type":"int",
                 "value":11
                }, 
                {
                 "name":"j",
                 "type":"int",
                 "value":11
                }, 
                {
                 "name":"padding-bottom",
                 "type":"int",
                 "value":2
                }, 
                {
                 "name":"padding-left",
                 "type":"int",
                 "value":1
                }, 
                {
                 "name":"padding-right",
                 "type":"int",
                 "value":1
                }, 
                {
                 "name":"padding-top",
                 "type":"int",
                 "value":0
                }, 
                {
                 "name":"scale",
                 "type":"int",
                 "value":2
                }, 
                {
                 "name":"startI",
                 "type":"int",
                 "value":0
                }, 
                {
                 "name":"startJ",
                 "type":"int",
                 "value":0
                }, 
                {
                 "name":"tier",
                 "type":"int",
                 "value":0
                }],
         "type":"tilelayer",
         "visible":true,
         "width":16,
         "x":0,
         "y":0
        }, 
        {
         "data":[0, 0, 0, 0, 33, 0, 0, 33, 0, 0, 0, 0, 0, 33, 0, 0, 33, 0, 0, 0, 0, 0, 0, 0, 0, 0, 0, 0, 0, 0, 0, 0, 0, 0, 0, 0, 0, 33, 0, 0, 33, 0, 0, 0, 0, 0, 0, 0, 0, 33, 0, 0, 0, 0, 0, 0, 0, 0, 33, 0, 0, 33, 0, 0, 0, 0, 0, 0, 0, 0, 0, 0, 0, 0, 0, 0, 0, 0, 0, 33, 0, 0, 33, 0, 0, 33, 0, 0, 0, 0, 0, 0, 0, 0, 0, 0, 0, 0, 0, 0, 0, 0, 0, 33, 0, 0, 33, 0, 0, 0, 0, 0, 0, 0, 0, 0, 0, 0, 0, 0, 0, 0, 0, 0, 33, 0, 0, 0, 0, 0, 33, 0, 0, 0, 0, 0, 0, 0, 0, 0, 0, 0, 0, 0, 0, 0, 0, 0, 33, 0, 0, 33, 0, 0, 0, 0, 0, 33, 0, 0, 0, 0, 0, 0, 0, 0, 0, 0, 0, 33, 0, 0, 0, 0, 0, 0, 0, 0, 0, 0, 0, 0, 0, 0, 0, 0, 0, 0, 0, 0, 0, 0, 0, 33, 0, 0, 33, 0, 0, 0, 0, 0, 33, 0, 0, 33, 0, 0, 0, 0, 0, 0, 0, 0, 33, 0, 0, 0, 0, 0, 0, 0, 0, 0, 0, 0, 0, 0, 0, 0, 0, 0, 0, 0, 0, 0, 0, 0, 0, 0, 0, 33, 0, 0, 0, 0, 0, 33, 0, 0, 33, 0, 0, 33, 0, 0],
         "height":16,
         "id":106,
         "name":"_ADDON",
         "opacity":1,
         "properties":[
                {
                 "name":"autoPlaceBlockers",
                 "type":"int",
                 "value":2
                }, 
                {
                 "name":"i",
                 "type":"int",
                 "value":11
                }, 
                {
                 "name":"j",
                 "type":"int",
                 "value":11
                }, 
                {
                 "name":"padding-bottom",
                 "type":"int",
                 "value":2
                }, 
                {
                 "name":"padding-left",
                 "type":"int",
                 "value":1
                }, 
                {
                 "name":"padding-right",
                 "type":"int",
                 "value":1
                }, 
                {
                 "name":"padding-top",
                 "type":"int",
                 "value":0
                }, 
                {
                 "name":"startI",
                 "type":"int",
                 "value":0
                }, 
                {
                 "name":"startJ",
                 "type":"int",
                 "value":0
                }, 
                {
                 "name":"tier",
                 "type":"int",
                 "value":0
                }],
         "type":"tilelayer",
         "visible":true,
         "width":16,
         "x":0,
         "y":0
        }],
 "nextlayerid":116,
 "nextobjectid":1,
 "orientation":"orthogonal",
 "properties":[
        {
         "name":"coverID",
         "type":"int",
         "value":0
        }, 
        {
         "name":"iconURL",
         "type":"string",
         "value":""
        }, 
        {
         "name":"sectionName",
         "type":"string",
         "value":"Caves"
        }],
 "renderorder":"right-down",
 "tiledversion":"1.7.2",
 "tileheight":64,
 "tilesets":[
        {
         "firstgid":1,
         "source":"..\/..\/..\/src\/map\/tilesets\/spadersTileset.tsx"
        }, 
        {
         "firstgid":65,
         "source":"..\/..\/..\/src\/map\/tilesets\/gb.tsx"
        }],
 "tilewidth":64,
 "type":"map",
 "version":"1.6",
 "width":16
}