{"frames": {

"counter.png":
{
	"frame": {"x":1,"y":1,"w":389,"h":85},
	"rotated": false,
	"trimmed": false,
	"spriteSourceSize": {"x":0,"y":0,"w":389,"h":85},
	"sourceSize": {"w":389,"h":85}
},
"finish-them-all.png":
{
	"frame": {"x":391,"y":1,"w":700,"h":200},
	"rotated": false,
	"trimmed": false,
	"spriteSourceSize": {"x":0,"y":0,"w":700,"h":200},
	"sourceSize": {"w":700,"h":200}
},
"l0_planet_0_1.png":
{
	"frame": {"x":1,"y":218,"w":256,"h":256},
	"rotated": false,
	"trimmed": false,
	"spriteSourceSize": {"x":0,"y":0,"w":256,"h":256},
	"sourceSize": {"w":256,"h":256}
},
"l0_planet_1_1.png":
{
	"frame": {"x":258,"y":218,"w":256,"h":256},
	"rotated": false,
	"trimmed": false,
	"spriteSourceSize": {"x":0,"y":0,"w":256,"h":256},
	"sourceSize": {"w":256,"h":256}
},
"l0_planet_2_1.png":
{
	"frame": {"x":515,"y":218,"w":256,"h":256},
	"rotated": false,
	"trimmed": false,
	"spriteSourceSize": {"x":0,"y":0,"w":256,"h":256},
	"sourceSize": {"w":256,"h":256}
},
"l1_heart_0_3.png":
{
	"frame": {"x":1092,"y":1,"w":216,"h":216},
	"rotated": false,
	"trimmed": false,
	"spriteSourceSize": {"x":0,"y":0,"w":216,"h":216},
	"sourceSize": {"w":216,"h":216}
},
"l1_heart_0_4.png":
{
	"frame": {"x":1309,"y":1,"w":216,"h":216},
	"rotated": false,
	"trimmed": false,
	"spriteSourceSize": {"x":0,"y":0,"w":216,"h":216},
	"sourceSize": {"w":216,"h":216}
},
"l1_heart_0_5.png":
{
	"frame": {"x":1526,"y":1,"w":216,"h":216},
	"rotated": false,
	"trimmed": false,
	"spriteSourceSize": {"x":0,"y":0,"w":216,"h":216},
	"sourceSize": {"w":216,"h":216}
},
"l1_planet_0_1.png":
{
	"frame": {"x":772,"y":218,"w":256,"h":256},
	"rotated": false,
	"trimmed": false,
	"spriteSourceSize": {"x":0,"y":0,"w":256,"h":256},
	"sourceSize": {"w":256,"h":256}
},
"l1_planet_1_1.png":
{
	"frame": {"x":1029,"y":218,"w":256,"h":256},
	"rotated": false,
	"trimmed": false,
	"spriteSourceSize": {"x":0,"y":0,"w":256,"h":256},
	"sourceSize": {"w":256,"h":256}
},
"l1_planet_2_1.png":
{
	"frame": {"x":1286,"y":218,"w":256,"h":256},
	"rotated": false,
	"trimmed": false,
	"spriteSourceSize": {"x":0,"y":0,"w":256,"h":256},
	"sourceSize": {"w":256,"h":256}
},
"l2_planet_0_1.png":
{
	"frame": {"x":1543,"y":218,"w":256,"h":256},
	"rotated": false,
	"trimmed": false,
	"spriteSourceSize": {"x":0,"y":0,"w":256,"h":256},
	"sourceSize": {"w":256,"h":256}
},
"l2_planet_1_1.png":
{
	"frame": {"x":1,"y":475,"w":256,"h":256},
	"rotated": false,
	"trimmed": false,
	"spriteSourceSize": {"x":0,"y":0,"w":256,"h":256},
	"sourceSize": {"w":256,"h":256}
},
"l2_planet_2_1.png":
{
	"frame": {"x":258,"y":475,"w":256,"h":256},
	"rotated": false,
	"trimmed": false,
	"spriteSourceSize": {"x":0,"y":0,"w":256,"h":256},
	"sourceSize": {"w":256,"h":256}
},
"l3_planet_0_1.png":
{
	"frame": {"x":515,"y":475,"w":256,"h":256},
	"rotated": false,
	"trimmed": false,
	"spriteSourceSize": {"x":0,"y":0,"w":256,"h":256},
	"sourceSize": {"w":256,"h":256}
},
"l3_planet_1_1.png":
{
	"frame": {"x":772,"y":475,"w":256,"h":256},
	"rotated": false,
	"trimmed": false,
	"spriteSourceSize": {"x":0,"y":0,"w":256,"h":256},
	"sourceSize": {"w":256,"h":256}
},
"l3_planet_2_1.png":
{
	"frame": {"x":1029,"y":475,"w":256,"h":256},
	"rotated": false,
	"trimmed": false,
	"spriteSourceSize": {"x":0,"y":0,"w":256,"h":256},
	"sourceSize": {"w":256,"h":256}
},
"l4_planet_0_1.png":
{
	"frame": {"x":1286,"y":475,"w":256,"h":256},
	"rotated": false,
	"trimmed": false,
	"spriteSourceSize": {"x":0,"y":0,"w":256,"h":256},
	"sourceSize": {"w":256,"h":256}
},
"l4_planet_1_1.png":
{
	"frame": {"x":1543,"y":475,"w":256,"h":256},
	"rotated": false,
	"trimmed": false,
	"spriteSourceSize": {"x":0,"y":0,"w":256,"h":256},
	"sourceSize": {"w":256,"h":256}
},
"l4_planet_2_1.png":
{
	"frame": {"x":1,"y":732,"w":256,"h":256},
	"rotated": false,
	"trimmed": false,
	"spriteSourceSize": {"x":0,"y":0,"w":256,"h":256},
	"sourceSize": {"w":256,"h":256}
},
"l5_planet_0_1.png":
{
	"frame": {"x":258,"y":732,"w":256,"h":256},
	"rotated": false,
	"trimmed": false,
	"spriteSourceSize": {"x":0,"y":0,"w":256,"h":256},
	"sourceSize": {"w":256,"h":256}
},
"l5_planet_1_1.png":
{
	"frame": {"x":515,"y":732,"w":256,"h":256},
	"rotated": false,
	"trimmed": false,
	"spriteSourceSize": {"x":0,"y":0,"w":256,"h":256},
	"sourceSize": {"w":256,"h":256}
},
"l5_planet_2_1.png":
{
	"frame": {"x":772,"y":732,"w":256,"h":256},
	"rotated": false,
	"trimmed": false,
	"spriteSourceSize": {"x":0,"y":0,"w":256,"h":256},
	"sourceSize": {"w":256,"h":256}
},
"l6_planet_0_1.png":
{
	"frame": {"x":1029,"y":732,"w":256,"h":256},
	"rotated": false,
	"trimmed": false,
	"spriteSourceSize": {"x":0,"y":0,"w":256,"h":256},
	"sourceSize": {"w":256,"h":256}
},
"l6_planet_1_1.png":
{
	"frame": {"x":1286,"y":732,"w":256,"h":256},
	"rotated": false,
	"trimmed": false,
	"spriteSourceSize": {"x":0,"y":0,"w":256,"h":256},
	"sourceSize": {"w":256,"h":256}
},
"l6_planet_2_1.png":
{
	"frame": {"x":1543,"y":732,"w":256,"h":256},
	"rotated": false,
	"trimmed": false,
	"spriteSourceSize": {"x":0,"y":0,"w":256,"h":256},
	"sourceSize": {"w":256,"h":256}
}},
"meta": {
	"app": "https://www.codeandweb.com/texturepacker",
	"version": "1.0",
	"image": "game-1.png",
	"format": "RGBA8888",
	"size": {"w":1800,"h":989},
	"scale": "1",
	"related_multi_packs": [ "game-0.json" ],
	"smartupdate": "$TexturePacker:SmartUpdate:40a8e76ecb0608aa865446ec341bdbdf:c44249b424dff180248bdd6e2f70eb25:f7031ad0edba38445f3f7cafed277efa$"
}
}
