{ "compressionlevel":-1,
 "height":24,
 "infinite":false,
 "layers":[
        {
         "data":[0, 0, 0, 2, 1, 2, 0, 0, 0, 0, 0, 0, 0, 0, 0, 0, 0, 0, 0, 0, 0, 0, 0, 0, 0, 0, 2, 1, 2, 1, 2, 0, 0, 0, 0, 0, 0, 0, 0, 0, 0, 0, 0, 0, 0, 0, 0, 0, 0, 15, 15, 2, 15, 2, 15, 15, 0, 0, 0, 0, 0, 0, 0, 0, 0, 0, 0, 0, 0, 0, 0, 0, 0, 10, 10, 10, 10, 10, 10, 10, 0, 0, 0, 0, 0, 0, 0, 0, 0, 0, 0, 0, 0, 0, 0, 0, 0, 0, 19, 3, 3, 3, 19, 0, 0, 0, 0, 0, 0, 0, 0, 0, 0, 0, 0, 0, 0, 0, 0, 0, 0, 0, 0, 20, 3, 20, 0, 0, 0, 0, 0, 0, 0, 0, 0, 0, 0, 0, 0, 0, 0, 0, 0, 0, 0, 0, 0, 0, 0, 0, 0, 0, 0, 0, 0, 0, 0, 0, 0, 0, 0, 0, 0, 0, 0, 0, 0, 0, 0, 0, 0, 0, 0, 0, 0, 0, 0, 0, 0, 0, 0, 0, 0, 0, 0, 0, 0, 0, 0, 0, 0, 0, 0, 0, 0, 0, 0, 0, 0, 0, 0, 0, 0, 0, 0, 0, 0, 0, 0, 0, 0, 0, 0, 0, 0, 0, 0, 0, 0, 0, 0, 0, 0, 0, 0, 0, 0, 0, 0, 0, 0, 0, 0, 0, 0, 0, 0, 0, 0, 0, 0, 0, 0, 0, 0, 0, 0, 0, 0, 0, 0, 0, 0, 0, 0, 0, 0, 0, 0, 0, 0, 0, 0, 0, 0, 0, 0, 0, 0, 0, 0, 0, 0, 0, 0, 0, 0, 0, 0, 0, 0, 0, 0, 0, 0, 0, 0, 0, 0, 0, 0, 0, 0, 0, 0, 0, 0, 0, 0, 0, 0, 0, 0, 0, 0, 0, 0, 0, 0, 0, 0, 0, 0, 0, 0, 0, 0, 0, 0, 0, 0, 0, 0, 0, 0, 0, 0, 0, 0, 0, 0, 0, 0, 0, 0, 0, 0, 0, 0, 0, 0, 0, 0, 0, 0, 0, 0, 0, 0, 0, 0, 0, 0, 0, 0, 0, 0, 0, 0, 0, 0, 0, 0, 0, 0, 0, 0, 0, 0, 0, 0, 0, 0, 0, 0, 0, 0, 0, 0, 0, 0, 0, 0, 0, 0, 0, 0, 0, 0, 0, 0, 0, 0, 0, 0, 0, 0, 0, 0, 0, 0, 0, 0, 0, 0, 0, 0, 0, 0, 0, 0, 0, 0, 0, 0, 0, 0, 0, 0, 0, 0, 0, 0, 0, 0, 0, 0, 0, 0, 0, 0, 0, 0, 0, 0, 0, 0, 0, 0, 0, 0, 0, 0, 0, 0, 0, 0, 0, 0, 0, 0, 0, 0, 0, 0, 0, 0, 0, 0, 0, 0, 0, 0, 0, 0, 0, 0, 0, 0, 0, 0, 0, 0, 0, 0, 0, 0, 0, 0, 0, 0, 0, 0, 0, 0, 0, 0, 0, 0, 0, 0, 0, 0, 0, 0, 0, 0, 0, 0, 0, 0, 0, 0, 0, 0, 0, 0, 0, 0, 0, 0, 0, 0, 0, 0, 0, 0, 0, 0, 0, 0, 0, 0, 0, 0, 0, 0, 0, 0, 0, 0, 0, 0, 0, 0, 0, 0, 0, 0, 0, 0, 0, 0, 0, 0, 0, 0, 0, 0, 0, 0, 0, 0, 0, 0, 0, 0, 0, 0, 0, 0, 0, 0, 0, 0, 0, 0, 0, 0, 0, 0, 0, 0, 0, 0, 0],
         "height":24,
         "id":71,
         "name":"Sun",
         "opacity":1,
         "properties":[
                {
                 "name":"autoPlaceBlockers",
                 "type":"int",
                 "value":2
                }, 
                {
                 "name":"gameMode",
                 "type":"int",
                 "value":0
                }, 
                {
                 "name":"i",
                 "type":"int",
                 "value":9
                }, 
                {
                 "name":"j",
                 "type":"int",
                 "value":9
                }, 
                {
                 "name":"padding-bottom",
                 "type":"int",
                 "value":2
                }, 
                {
                 "name":"padding-left",
                 "type":"int",
                 "value":1
                }, 
                {
                 "name":"padding-right",
                 "type":"int",
                 "value":1
                }, 
                {
                 "name":"padding-top",
                 "type":"int",
                 "value":0
                }, 
                {
                 "name":"startI",
                 "type":"int",
                 "value":0
                }, 
                {
                 "name":"startJ",
                 "type":"int",
                 "value":0
                }, 
                {
                 "name":"tier",
                 "type":"int",
                 "value":0
                }],
         "type":"tilelayer",
         "visible":true,
         "width":24,
         "x":0,
         "y":0
        }, 
        {
         "data":[0, 0, 0, 1, 1, 1, 0, 0, 0, 0, 0, 0, 0, 0, 0, 0, 0, 0, 0, 0, 0, 0, 0, 0, 0, 7, 1, 1, 1, 1, 1, 1, 0, 0, 0, 0, 0, 0, 0, 0, 0, 0, 0, 0, 0, 0, 0, 0, 1, 1, 7, 8, 1, 1, 1, 8, 1, 0, 0, 0, 0, 0, 0, 0, 0, 0, 0, 0, 0, 0, 0, 0, 2, 2, 2, 7, 7, 2, 7, 7, 2, 0, 0, 0, 0, 0, 0, 0, 0, 0, 0, 0, 0, 0, 0, 0, 2, 2, 8, 8, 7, 7, 8, 2, 2, 0, 0, 0, 0, 0, 0, 0, 0, 0, 0, 0, 0, 0, 0, 0, 3, 3, 7, 3, 7, 7, 7, 3, 3, 0, 0, 0, 0, 0, 0, 0, 0, 0, 0, 0, 0, 0, 0, 0, 0, 7, 3, 3, 7, 3, 8, 7, 0, 0, 0, 0, 0, 0, 0, 0, 0, 0, 0, 0, 0, 0, 0, 0, 0, 0, 2, 7, 7, 2, 2, 0, 0, 0, 0, 0, 0, 0, 0, 0, 0, 0, 0, 0, 0, 0, 0, 0, 0, 0, 0, 7, 0, 0, 0, 0, 0, 0, 0, 0, 0, 0, 0, 0, 0, 0, 0, 0, 0, 0, 0, 0, 0, 0, 0, 7, 0, 0, 0, 0, 0, 0, 0, 0, 0, 0, 0, 0, 0, 0, 0, 0, 0, 0, 0, 0, 0, 0, 0, 0, 0, 0, 0, 0, 0, 0, 0, 0, 0, 0, 0, 0, 0, 0, 0, 0, 0, 0, 0, 0, 0, 0, 0, 0, 0, 0, 0, 0, 0, 0, 0, 0, 0, 0, 0, 0, 0, 0, 0, 0, 0, 0, 0, 0, 0, 0, 0, 0, 0, 0, 0, 0, 0, 0, 0, 0, 0, 0, 0, 0, 0, 0, 0, 0, 0, 0, 0, 0, 0, 0, 0, 0, 0, 0, 0, 0, 0, 0, 0, 0, 0, 0, 0, 0, 0, 0, 0, 0, 0, 0, 0, 0, 0, 0, 0, 0, 0, 0, 0, 0, 0, 0, 0, 0, 0, 0, 0, 0, 0, 0, 0, 0, 0, 0, 0, 0, 0, 0, 0, 0, 0, 0, 0, 0, 0, 0, 0, 0, 0, 0, 0, 0, 0, 0, 0, 0, 0, 0, 0, 0, 0, 0, 0, 0, 0, 0, 0, 0, 0, 0, 0, 0, 0, 0, 0, 0, 0, 0, 0, 0, 0, 0, 0, 0, 0, 0, 0, 0, 0, 0, 0, 0, 0, 0, 0, 0, 0, 0, 0, 0, 0, 0, 0, 0, 0, 0, 0, 0, 0, 0, 0, 0, 0, 0, 0, 0, 0, 0, 0, 0, 0, 0, 0, 0, 0, 0, 0, 0, 0, 0, 0, 0, 0, 0, 0, 0, 0, 0, 0, 0, 0, 0, 0, 0, 0, 0, 0, 0, 0, 0, 0, 0, 0, 0, 0, 0, 0, 0, 0, 0, 0, 0, 0, 0, 0, 0, 0, 0, 0, 0, 0, 0, 0, 0, 0, 0, 0, 0, 0, 0, 0, 0, 0, 0, 0, 0, 0, 0, 0, 0, 0, 0, 0, 0, 0, 0, 0, 0, 0, 0, 0, 0, 0, 0, 0, 0, 0, 0, 0, 0, 0, 0, 0, 0, 0, 0, 0, 0, 0, 0, 0, 0, 0, 0, 0, 0, 0, 0, 0, 0, 0, 0, 0, 0, 0, 0, 0, 0, 0, 0, 0, 0, 0, 0, 0, 0, 0, 0, 0, 0, 0, 0],
         "height":24,
         "id":81,
         "name":"Palm",
         "opacity":1,
         "properties":[
                {
                 "name":"autoPlaceBlockers",
                 "type":"int",
                 "value":2
                }, 
                {
                 "name":"i",
                 "type":"int",
                 "value":10
                }, 
                {
                 "name":"j",
                 "type":"int",
                 "value":11
                }, 
                {
                 "name":"padding-bottom",
                 "type":"int",
                 "value":2
                }, 
                {
                 "name":"padding-left",
                 "type":"int",
                 "value":0
                }, 
                {
                 "name":"padding-right",
                 "type":"int",
                 "value":0
                }, 
                {
                 "name":"padding-top",
                 "type":"int",
                 "value":0
                }, 
                {
                 "name":"scale",
                 "type":"int",
                 "value":0
                }, 
                {
                 "name":"startI",
                 "type":"int",
                 "value":0
                }, 
                {
                 "name":"startJ",
                 "type":"int",
                 "value":0
                }, 
                {
                 "name":"tier",
                 "type":"int",
                 "value":0
                }],
         "type":"tilelayer",
         "visible":true,
         "width":24,
         "x":0,
         "y":0
        }, 
        {
         "data":[0, 0, 7, 0, 0, 0, 7, 0, 0, 0, 7, 0, 0, 0, 7, 0, 0, 0, 7, 0, 0, 0, 7, 0, 0, 0, 7, 0, 0, 0, 7, 0, 0, 0, 7, 0, 0, 0, 7, 0, 0, 0, 7, 0, 0, 0, 7, 0, 0, 0, 7, 0, 0, 0, 8, 0, 0, 0, 7, 0, 0, 0, 8, 0, 0, 0, 7, 0, 0, 0, 8, 0, 8, 8, 8, 8, 8, 8, 8, 8, 8, 8, 8, 8, 8, 8, 8, 8, 8, 8, 8, 8, 8, 8, 8, 8, 0, 0, 12, 0, 0, 0, 8, 0, 0, 0, 8, 0, 0, 0, 8, 0, 0, 0, 8, 0, 0, 0, 12, 0, 0, 0, 8, 0, 0, 0, 12, 0, 0, 0, 12, 0, 0, 0, 12, 0, 0, 0, 12, 0, 0, 0, 8, 0, 0, 0, 12, 0, 0, 0, 8, 0, 0, 0, 8, 0, 0, 0, 8, 0, 0, 0, 8, 0, 0, 0, 12, 0, 12, 12, 12, 12, 12, 12, 12, 12, 12, 12, 12, 12, 12, 12, 12, 12, 12, 12, 12, 12, 12, 12, 12, 12, 0, 0, 6, 0, 0, 0, 12, 0, 0, 0, 6, 0, 0, 0, 12, 0, 0, 0, 6, 0, 0, 0, 12, 0, 0, 0, 12, 0, 0, 0, 6, 0, 0, 0, 12, 0, 0, 0, 6, 0, 0, 0, 12, 0, 0, 0, 6, 0, 0, 0, 6, 0, 0, 0, 12, 0, 0, 0, 6, 0, 0, 0, 12, 0, 0, 0, 6, 0, 0, 0, 12, 0, 6, 6, 12, 6, 6, 6, 6, 6, 6, 6, 12, 6, 6, 6, 6, 6, 6, 6, 12, 6, 6, 6, 6, 6, 0, 0, 6, 0, 0, 0, 12, 0, 0, 0, 6, 0, 0, 0, 12, 0, 0, 0, 6, 0, 0, 0, 12, 0, 0, 0, 6, 0, 0, 0, 6, 0, 0, 0, 6, 0, 0, 0, 6, 0, 0, 0, 6, 0, 0, 0, 6, 0, 0, 0, 6, 0, 0, 0, 6, 0, 0, 0, 6, 0, 0, 0, 6, 0, 0, 0, 6, 0, 0, 0, 6, 0, 6, 6, 6, 6, 6, 6, 6, 6, 6, 6, 6, 6, 6, 6, 6, 6, 6, 6, 6, 6, 6, 6, 6, 6, 0, 0, 6, 0, 0, 0, 6, 0, 0, 0, 6, 0, 0, 0, 6, 0, 0, 0, 6, 0, 0, 0, 6, 0, 0, 0, 6, 0, 0, 0, 6, 0, 0, 0, 6, 0, 0, 0, 6, 0, 0, 0, 6, 0, 0, 0, 6, 0, 0, 0, 6, 0, 0, 0, 6, 0, 0, 0, 6, 0, 0, 0, 6, 0, 0, 0, 6, 0, 0, 0, 6, 0, 6, 6, 6, 6, 6, 6, 6, 6, 6, 6, 6, 6, 6, 6, 6, 6, 6, 6, 6, 6, 6, 6, 6, 6, 0, 0, 6, 0, 0, 0, 6, 0, 0, 0, 6, 0, 0, 0, 6, 0, 0, 0, 6, 0, 0, 0, 6, 0, 0, 0, 6, 0, 0, 0, 6, 0, 0, 0, 6, 0, 0, 0, 6, 0, 0, 0, 6, 0, 0, 0, 6, 0, 0, 0, 6, 0, 0, 0, 6, 0, 0, 0, 6, 0, 0, 0, 6, 0, 0, 0, 6, 0, 0, 0, 6, 0, 6, 6, 6, 6, 6, 6, 6, 6, 6, 6, 6, 6, 6, 6, 6, 6, 6, 6, 6, 6, 6, 6, 6, 6],
         "height":24,
         "id":82,
         "name":"Grid",
         "opacity":1,
         "properties":[
                {
                 "name":"autoPlaceBlockers",
                 "type":"int",
                 "value":2
                }, 
                {
                 "name":"i",
                 "type":"int",
                 "value":10
                }, 
                {
                 "name":"j",
                 "type":"int",
                 "value":9
                }, 
                {
                 "name":"padding-bottom",
                 "type":"int",
                 "value":2
                }, 
                {
                 "name":"padding-left",
                 "type":"int",
                 "value":1
                }, 
                {
                 "name":"padding-right",
                 "type":"int",
                 "value":1
                }, 
                {
                 "name":"padding-top",
                 "type":"int",
                 "value":0
                }, 
                {
                 "name":"scale",
                 "type":"int",
                 "value":3
                }, 
                {
                 "name":"startI",
                 "type":"int",
                 "value":0
                }, 
                {
                 "name":"startJ",
                 "type":"int",
                 "value":0
                }, 
                {
                 "name":"tier",
                 "type":"int",
                 "value":0
                }],
         "type":"tilelayer",
         "visible":true,
         "width":24,
         "x":0,
         "y":0
        }, 
        {
         "data":[26, 26, 26, 26, 26, 26, 26, 26, 26, 26, 26, 26, 26, 26, 26, 26, 26, 26, 26, 26, 26, 26, 26, 26, 26, 26, 26, 26, 26, 26, 26, 26, 26, 26, 26, 26, 26, 26, 26, 26, 26, 26, 26, 26, 26, 26, 26, 26, 26, 26, 26, 26, 26, 26, 26, 26, 26, 9, 9, 26, 26, 26, 26, 26, 26, 26, 26, 26, 26, 26, 26, 26, 26, 26, 26, 26, 26, 26, 26, 26, 9, 9, 9, 9, 9, 26, 26, 28, 12, 26, 26, 26, 28, 26, 26, 26, 26, 26, 26, 26, 26, 26, 26, 9, 9, 9, 9, 9, 9, 26, 26, 26, 26, 28, 28, 12, 26, 26, 26, 26, 26, 26, 9, 9, 9, 26, 9, 9, 9, 9, 9, 9, 9, 9, 9, 9, 26, 28, 12, 28, 26, 26, 26, 26, 26, 9, 12, 12, 9, 9, 28, 28, 9, 9, 9, 9, 9, 9, 9, 9, 28, 26, 17, 26, 26, 26, 26, 26, 25, 9, 9, 28, 28, 12, 9, 9, 9, 9, 9, 9, 9, 9, 9, 28, 9, 25, 17, 25, 28, 25, 25, 28, 25, 25, 9, 28, 12, 28, 9, 9, 9, 9, 9, 9, 9, 9, 9, 9, 25, 25, 17, 17, 12, 28, 12, 25, 27, 27, 27, 17, 17, 28, 28, 27, 27, 27, 9, 11, 11, 9, 27, 27, 27, 27, 27, 17, 27, 27, 12, 28, 27, 27, 17, 17, 27, 27, 27, 27, 27, 9, 11, 11, 11, 11, 9, 27, 27, 27, 17, 17, 27, 28, 17, 27, 27, 27, 17, 27, 27, 27, 27, 27, 27, 9, 11, 11, 11, 11, 9, 27, 27, 27, 17, 27, 28, 27, 17, 27, 27, 27, 17, 27, 27, 27, 27, 27, 9, 11, 11, 11, 11, 11, 11, 9, 27, 27, 27, 27, 27, 27, 17, 27, 27, 27, 17, 27, 28, 12, 27, 27, 9, 11, 11, 11, 11, 11, 11, 9, 27, 27, 27, 27, 27, 27, 17, 27, 27, 27, 27, 28, 12, 27, 27, 9, 11, 11, 11, 11, 11, 11, 11, 11, 9, 27, 27, 27, 27, 27, 17, 27, 27, 28, 28, 12, 28, 28, 28, 9, 11, 11, 11, 11, 11, 11, 11, 11, 9, 27, 27, 27, 27, 17, 17, 27, 27, 27, 17, 28, 27, 27, 12, 11, 11, 11, 11, 11, 11, 11, 11, 11, 11, 9, 27, 27, 27, 27, 27, 27, 27, 17, 17, 27, 28, 27, 9, 11, 11, 11, 11, 11, 11, 11, 11, 11, 11, 9, 27, 27, 27, 27, 27, 27, 27, 17, 27, 27, 27, 9, 11, 11, 11, 11, 11, 11, 11, 11, 11, 11, 11, 11, 9, 27, 27, 27, 27, 27, 27, 17, 27, 27, 27, 9, 11, 11, 11, 11, 11, 11, 11, 11, 11, 11, 11, 11, 9, 27, 27, 27, 27, 27, 27, 17, 27, 27, 9, 11, 11, 11, 11, 11, 11, 11, 11, 11, 11, 11, 11, 11, 11, 9, 27, 27, 27, 27, 27, 17, 27, 27, 9, 11, 11, 11, 11, 11, 11, 11, 11, 11, 11, 11, 11, 11, 11, 9, 27, 27, 27, 27, 27, 27, 27, 9, 11, 11, 11, 11, 11, 11, 11, 11, 11, 11, 11, 11, 11, 11, 11, 11, 9, 27, 27, 27, 27, 27, 27, 9, 11, 11, 11, 11, 11, 11, 11, 11, 11, 11, 11, 11, 11, 11, 11, 11, 9, 27, 27, 27],
         "height":24,
         "id":72,
         "name":"Beach 1",
         "opacity":1,
         "properties":[
                {
                 "name":"autoPlaceBlockers",
                 "type":"int",
                 "value":2
                }, 
                {
                 "name":"i",
                 "type":"int",
                 "value":5
                }, 
                {
                 "name":"j",
                 "type":"int",
                 "value":6
                }, 
                {
                 "name":"padding-bottom",
                 "type":"int",
                 "value":2
                }, 
                {
                 "name":"padding-left",
                 "type":"int",
                 "value":1
                }, 
                {
                 "name":"padding-right",
                 "type":"int",
                 "value":1
                }, 
                {
                 "name":"padding-top",
                 "type":"int",
                 "value":0
                }, 
                {
                 "name":"scale",
                 "type":"int",
                 "value":3
                }, 
                {
                 "name":"startI",
                 "type":"int",
                 "value":0
                }, 
                {
                 "name":"startJ",
                 "type":"int",
                 "value":0
                }, 
                {
                 "name":"tier",
                 "type":"int",
                 "value":0
                }],
         "type":"tilelayer",
         "visible":true,
         "width":24,
         "x":0,
         "y":0
        }, 
        {
         "data":[20, 20, 20, 20, 20, 20, 20, 20, 20, 20, 20, 20, 20, 20, 20, 5, 5, 5, 5, 5, 5, 5, 5, 5, 20, 20, 20, 20, 20, 20, 20, 20, 20, 20, 20, 20, 20, 21, 21, 21, 21, 21, 21, 21, 21, 20, 20, 20, 5, 5, 5, 5, 20, 20, 7, 20, 21, 20, 21, 20, 21, 21, 21, 21, 21, 21, 21, 21, 21, 21, 20, 20, 20, 20, 20, 20, 20, 20, 7, 7, 20, 21, 21, 21, 21, 20, 21, 21, 21, 21, 21, 21, 21, 20, 20, 20, 22, 20, 20, 20, 20, 20, 7, 7, 7, 20, 20, 15, 15, 15, 15, 21, 21, 21, 21, 21, 20, 20, 20, 20, 22, 22, 5, 5, 20, 20, 7, 9, 7, 7, 15, 15, 15, 15, 15, 20, 7, 20, 5, 5, 5, 8, 5, 22, 22, 22, 8, 8, 20, 20, 7, 7, 9, 7, 2, 2, 2, 2, 2, 7, 9, 7, 20, 20, 8, 8, 22, 22, 22, 8, 8, 22, 22, 20, 7, 9, 7, 7, 2, 2, 2, 2, 8, 8, 7, 8, 8, 8, 8, 22, 22, 22, 8, 8, 22, 22, 22, 22, 7, 7, 9, 7, 7, 1, 1, 1, 9, 8, 9, 7, 20, 8, 8, 8, 8, 22, 8, 22, 8, 8, 22, 22, 22, 7, 7, 7, 7, 1, 1, 1, 8, 8, 7, 7, 8, 8, 22, 22, 8, 8, 24, 22, 24, 8, 24, 24, 24, 24, 16, 26, 26, 26, 26, 16, 8, 8, 24, 8, 8, 22, 24, 24, 24, 8, 24, 22, 24, 24, 24, 24, 24, 16, 26, 26, 26, 26, 26, 26, 16, 24, 24, 24, 24, 22, 24, 24, 24, 24, 24, 22, 22, 24, 24, 24, 16, 26, 26, 26, 26, 26, 26, 26, 26, 16, 24, 24, 24, 22, 22, 24, 24, 24, 24, 24, 22, 24, 24, 16, 26, 26, 26, 20, 20, 20, 20, 20, 20, 26, 16, 24, 24, 24, 22, 24, 24, 24, 24, 24, 24, 24, 16, 26, 26, 26, 19, 19, 19, 19, 19, 19, 19, 19, 26, 16, 24, 24, 24, 24, 24, 24, 24, 24, 24, 24, 16, 26, 26, 26, 2, 19, 19, 24, 24, 19, 19, 2, 26, 26, 16, 16, 24, 24, 24, 24, 24, 24, 24, 16, 26, 26, 26, 1, 1, 2, 19, 21, 21, 19, 2, 1, 1, 26, 26, 26, 16, 24, 24, 24, 24, 24, 16, 26, 26, 26, 26, 22, 1, 22, 22, 22, 22, 22, 22, 1, 22, 26, 26, 26, 26, 16, 24, 24, 24, 16, 26, 26, 26, 26, 26, 26, 22, 26, 16, 26, 26, 16, 26, 22, 26, 26, 26, 26, 26, 26, 16, 24, 16, 26, 26, 26, 26, 26, 26, 26, 26, 26, 16, 26, 26, 16, 26, 26, 26, 26, 26, 26, 26, 26, 26, 16, 25, 25, 25, 25, 25, 25, 25, 25, 25, 16, 25, 25, 25, 16, 16, 25, 25, 25, 25, 25, 25, 25, 25, 25, 25, 25, 25, 25, 25, 25, 25, 25, 25, 16, 25, 25, 25, 25, 16, 25, 25, 25, 25, 25, 25, 25, 25, 25, 25, 25, 25, 25, 25, 25, 25, 25, 16, 25, 25, 25, 25, 25, 16, 16, 25, 25, 25, 25, 25, 25, 25, 25, 25, 25, 25, 25, 25, 25, 25, 25, 16, 25, 25, 25, 25, 25, 25, 16, 25, 25, 25, 25, 25, 25, 25, 25],
         "height":24,
         "id":89,
         "name":"Sunset 1",
         "opacity":1,
         "properties":[
                {
                 "name":"autoPlaceBlockers",
                 "type":"int",
                 "value":2
                }, 
                {
                 "name":"i",
                 "type":"int",
                 "value":9
                }, 
                {
                 "name":"j",
                 "type":"int",
                 "value":7
                }, 
                {
                 "name":"padding-bottom",
                 "type":"int",
                 "value":2
                }, 
                {
                 "name":"padding-left",
                 "type":"int",
                 "value":1
                }, 
                {
                 "name":"padding-right",
                 "type":"int",
                 "value":1
                }, 
                {
                 "name":"padding-top",
                 "type":"int",
                 "value":0
                }, 
                {
                 "name":"scale",
                 "type":"int",
                 "value":3
                }, 
                {
                 "name":"startI",
                 "type":"int",
                 "value":0
                }, 
                {
                 "name":"startJ",
                 "type":"int",
                 "value":0
                }, 
                {
                 "name":"tier",
                 "type":"int",
                 "value":0
                }],
         "type":"tilelayer",
         "visible":true,
         "width":24,
         "x":0,
         "y":0
        }, 
        {
         "data":[13, 13, 8, 7, 13, 13, 13, 13, 13, 13, 13, 13, 4, 4, 4, 4, 4, 4, 4, 4, 4, 4, 4, 4, 13, 8, 7, 7, 13, 13, 13, 13, 13, 13, 13, 13, 13, 13, 4, 4, 4, 4, 4, 8, 7, 4, 4, 4, 8, 7, 7, 13, 13, 13, 13, 13, 13, 13, 13, 8, 8, 13, 13, 13, 13, 8, 8, 7, 13, 4, 4, 4, 8, 13, 13, 13, 13, 1, 1, 1, 1, 1, 8, 8, 8, 8, 13, 13, 8, 8, 8, 7, 13, 13, 4, 4, 8, 8, 8, 7, 1, 1, 1, 1, 1, 1, 1, 13, 13, 8, 8, 8, 8, 8, 13, 13, 13, 13, 13, 4, 8, 8, 7, 2, 2, 2, 2, 2, 2, 2, 2, 2, 13, 13, 8, 8, 13, 13, 13, 13, 13, 13, 13, 13, 8, 13, 2, 2, 2, 2, 2, 2, 2, 2, 2, 8, 8, 8, 8, 8, 7, 7, 13, 13, 13, 13, 13, 13, 8, 13, 2, 2, 2, 2, 2, 2, 2, 2, 7, 7, 7, 13, 7, 13, 7, 7, 13, 13, 13, 13, 13, 10, 10, 7, 4, 4, 4, 4, 4, 4, 4, 4, 4, 4, 4, 13, 7, 13, 10, 7, 10, 13, 13, 13, 10, 10, 10, 7, 13, 4, 4, 4, 4, 4, 4, 4, 4, 4, 13, 7, 7, 10, 10, 10, 10, 10, 13, 10, 10, 10, 10, 10, 7, 13, 13, 13, 13, 13, 13, 13, 13, 13, 7, 7, 15, 15, 15, 15, 15, 15, 15, 15, 15, 10, 10, 10, 7, 10, 10, 4, 4, 4, 4, 4, 3, 10, 15, 15, 10, 10, 14, 14, 14, 10, 15, 10, 10, 10, 10, 10, 7, 10, 10, 10, 3, 3, 3, 10, 10, 15, 14, 15, 15, 15, 15, 15, 14, 14, 15, 15, 10, 10, 12, 12, 12, 12, 12, 12, 12, 12, 12, 15, 15, 14, 14, 1, 1, 1, 1, 15, 14, 1, 1, 1, 12, 12, 7, 7, 12, 7, 7, 7, 12, 7, 7, 15, 10, 14, 14, 14, 14, 14, 14, 14, 14, 14, 14, 15, 7, 7, 8, 12, 8, 8, 8, 8, 12, 8, 8, 8, 10, 10, 14, 10, 14, 14, 14, 14, 14, 14, 14, 14, 8, 8, 12, 12, 12, 12, 12, 12, 12, 12, 12, 12, 12, 12, 12, 10, 10, 12, 12, 12, 12, 10, 10, 12, 12, 12, 8, 8, 8, 8, 8, 12, 8, 8, 8, 8, 8, 12, 8, 8, 8, 8, 8, 12, 8, 8, 8, 8, 12, 8, 8, 8, 8, 8, 8, 6, 8, 8, 8, 8, 8, 6, 8, 8, 8, 8, 8, 8, 6, 8, 8, 8, 8, 6, 8, 8, 8, 8, 6, 8, 8, 8, 8, 8, 8, 8, 6, 8, 8, 8, 8, 8, 8, 6, 8, 8, 8, 8, 8, 8, 8, 8, 6, 8, 8, 8, 8, 8, 8, 8, 6, 8, 8, 8, 8, 8, 8, 8, 6, 8, 8, 8, 6, 6, 6, 6, 6, 6, 6, 6, 6, 6, 6, 6, 6, 6, 6, 6, 6, 6, 6, 6, 6, 6, 6, 6, 8, 8, 8, 6, 8, 8, 8, 8, 8, 8, 8, 8, 8, 6, 8, 8, 8, 8, 8, 8, 8, 6, 8, 8, 8, 8, 8, 6, 8, 8, 8, 8, 8, 8, 8, 8, 8, 6, 8, 8, 8, 8, 8, 8, 8, 8, 6, 8],
         "height":24,
         "id":87,
         "name":"Sunset 2",
         "opacity":1,
         "properties":[
                {
                 "name":"autoPlaceBlockers",
                 "type":"int",
                 "value":2
                }, 
                {
                 "name":"i",
                 "type":"int",
                 "value":10
                }, 
                {
                 "name":"j",
                 "type":"int",
                 "value":11
                }, 
                {
                 "name":"padding-bottom",
                 "type":"int",
                 "value":2
                }, 
                {
                 "name":"padding-left",
                 "type":"int",
                 "value":1
                }, 
                {
                 "name":"padding-right",
                 "type":"int",
                 "value":1
                }, 
                {
                 "name":"padding-top",
                 "type":"int",
                 "value":0
                }, 
                {
                 "name":"scale",
                 "type":"int",
                 "value":3
                }, 
                {
                 "name":"startI",
                 "type":"int",
                 "value":0
                }, 
                {
                 "name":"startJ",
                 "type":"int",
                 "value":0
                }, 
                {
                 "name":"tier",
                 "type":"int",
                 "value":0
                }],
         "type":"tilelayer",
         "visible":true,
         "width":24,
         "x":0,
         "y":0
        }, 
        {
         "data":[5, 5, 5, 5, 5, 5, 5, 5, 5, 5, 5, 5, 5, 5, 5, 5, 5, 5, 5, 5, 5, 5, 5, 5, 5, 5, 5, 5, 5, 5, 5, 5, 5, 5, 5, 5, 5, 5, 5, 5, 5, 5, 5, 5, 5, 5, 5, 5, 8, 8, 8, 8, 8, 8, 8, 8, 8, 8, 8, 8, 8, 8, 8, 8, 8, 8, 8, 8, 8, 8, 8, 8, 8, 8, 8, 8, 8, 8, 8, 8, 7, 7, 7, 7, 7, 7, 7, 7, 8, 8, 8, 8, 8, 8, 8, 8, 8, 7, 8, 8, 8, 8, 7, 7, 17, 17, 17, 17, 17, 17, 17, 17, 7, 8, 8, 8, 8, 7, 8, 8, 8, 8, 8, 8, 8, 7, 17, 17, 17, 1, 1, 1, 1, 1, 1, 17, 17, 7, 7, 8, 8, 8, 8, 8, 8, 8, 8, 8, 7, 17, 17, 2, 2, 2, 2, 2, 2, 2, 2, 2, 2, 17, 17, 7, 8, 8, 8, 8, 7, 8, 8, 7, 17, 17, 2, 2, 2, 2, 2, 2, 2, 2, 2, 2, 2, 2, 17, 17, 7, 8, 8, 8, 8, 8, 8, 7, 17, 15, 15, 15, 15, 15, 15, 15, 15, 15, 15, 15, 8, 8, 15, 17, 7, 8, 8, 8, 8, 8, 7, 17, 15, 15, 15, 15, 15, 15, 15, 15, 15, 15, 15, 15, 8, 8, 15, 15, 17, 7, 8, 8, 8, 8, 16, 17, 15, 15, 15, 15, 15, 15, 15, 15, 15, 15, 15, 15, 8, 8, 15, 15, 17, 16, 8, 8, 5, 5, 5, 16, 16, 16, 16, 16, 16, 16, 16, 16, 16, 16, 16, 16, 8, 8, 16, 16, 16, 5, 5, 5, 13, 13, 13, 16, 7, 7, 16, 16, 16, 7, 8, 8, 8, 8, 7, 16, 7, 7, 16, 16, 16, 13, 13, 13, 10, 13, 13, 13, 7, 7, 13, 13, 7, 18, 18, 7, 7, 18, 18, 7, 7, 7, 7, 13, 13, 13, 13, 10, 10, 10, 13, 13, 7, 7, 13, 7, 15, 15, 14, 8, 8, 14, 15, 15, 7, 7, 7, 13, 7, 7, 13, 10, 10, 10, 10, 10, 7, 7, 13, 17, 18, 14, 14, 8, 8, 14, 14, 18, 17, 7, 7, 13, 7, 7, 10, 10, 10, 10, 10, 10, 10, 7, 4, 17, 18, 8, 8, 8, 8, 8, 8, 18, 17, 7, 7, 4, 7, 10, 10, 10, 8, 10, 8, 10, 10, 8, 10, 8, 8, 10, 10, 10, 10, 10, 10, 8, 10, 8, 10, 10, 8, 10, 8, 10, 7, 7, 7, 8, 8, 8, 7, 7, 7, 8, 8, 8, 8, 8, 8, 7, 7, 7, 8, 8, 8, 7, 7, 7, 8, 8, 8, 8, 8, 7, 7, 8, 8, 8, 8, 8, 8, 8, 8, 8, 8, 7, 7, 8, 8, 8, 8, 8, 8, 8, 8, 8, 7, 7, 8, 8, 8, 8, 8, 8, 8, 8, 8, 8, 8, 8, 7, 7, 8, 8, 8, 8, 8, 8, 7, 8, 7, 8, 8, 8, 8, 8, 8, 8, 8, 8, 8, 8, 8, 8, 8, 7, 8, 7, 8, 8, 7, 8, 8, 8, 8, 8, 8, 7, 8, 8, 7, 8, 7, 8, 7, 8, 8, 7, 8, 8, 8, 8, 8, 7, 8, 7, 8, 8, 8, 8, 7, 8, 7, 8, 8, 8, 8, 8, 8, 8, 7, 8, 7, 8, 8, 8, 7, 8],
         "height":24,
         "id":88,
         "name":"Sunset 3",
         "opacity":1,
         "properties":[
                {
                 "name":"autoPlaceBlockers",
                 "type":"int",
                 "value":2
                }, 
                {
                 "name":"i",
                 "type":"int",
                 "value":10
                }, 
                {
                 "name":"j",
                 "type":"int",
                 "value":11
                }, 
                {
                 "name":"padding-bottom",
                 "type":"int",
                 "value":2
                }, 
                {
                 "name":"padding-left",
                 "type":"int",
                 "value":1
                }, 
                {
                 "name":"padding-right",
                 "type":"int",
                 "value":1
                }, 
                {
                 "name":"padding-top",
                 "type":"int",
                 "value":0
                }, 
                {
                 "name":"scale",
                 "type":"int",
                 "value":3
                }, 
                {
                 "name":"startI",
                 "type":"int",
                 "value":0
                }, 
                {
                 "name":"startJ",
                 "type":"int",
                 "value":0
                }, 
                {
                 "name":"tier",
                 "type":"int",
                 "value":0
                }],
         "type":"tilelayer",
         "visible":true,
         "width":24,
         "x":0,
         "y":0
        }, 
        {
         "data":[8, 8, 8, 8, 8, 23, 23, 23, 23, 23, 23, 23, 23, 23, 23, 23, 23, 23, 23, 23, 23, 23, 23, 23, 8, 24, 8, 8, 8, 8, 23, 23, 23, 23, 23, 23, 23, 23, 23, 23, 23, 23, 23, 23, 23, 23, 23, 23, 8, 8, 8, 8, 8, 8, 8, 8, 8, 8, 23, 23, 23, 23, 23, 23, 23, 23, 23, 23, 23, 23, 23, 23, 8, 8, 8, 8, 8, 8, 8, 8, 8, 8, 8, 8, 8, 8, 8, 8, 8, 8, 8, 8, 8, 8, 8, 8, 8, 24, 8, 8, 24, 8, 8, 5, 5, 5, 5, 5, 8, 8, 8, 8, 8, 8, 8, 8, 24, 8, 8, 24, 8, 8, 8, 8, 8, 8, 5, 5, 16, 16, 16, 5, 5, 24, 24, 24, 24, 8, 8, 8, 8, 8, 8, 8, 8, 8, 24, 24, 24, 5, 5, 16, 16, 5, 16, 16, 5, 5, 5, 24, 24, 24, 24, 24, 24, 24, 24, 24, 24, 24, 24, 5, 5, 5, 16, 16, 16, 16, 5, 16, 16, 16, 5, 5, 24, 24, 24, 5, 24, 24, 24, 24, 5, 5, 5, 5, 5, 5, 16, 5, 5, 16, 5, 5, 5, 16, 16, 16, 5, 5, 5, 5, 5, 5, 24, 24, 5, 5, 5, 5, 5, 16, 16, 4, 16, 16, 16, 16, 16, 4, 5, 16, 16, 5, 5, 5, 5, 5, 5, 5, 5, 5, 5, 5, 5, 4, 5, 4, 8, 4, 8, 8, 8, 4, 16, 16, 4, 4, 4, 5, 5, 5, 5, 5, 5, 5, 4, 4, 16, 4, 8, 4, 8, 4, 4, 8, 8, 8, 8, 4, 4, 5, 4, 5, 5, 5, 5, 5, 4, 4, 4, 5, 4, 8, 8, 4, 8, 8, 4, 8, 8, 8, 8, 8, 4, 4, 4, 4, 4, 4, 5, 5, 4, 5, 8, 4, 4, 4, 8, 4, 8, 8, 4, 4, 8, 8, 8, 4, 4, 4, 8, 5, 5, 4, 4, 5, 8, 8, 4, 4, 8, 4, 8, 4, 4, 8, 8, 4, 8, 8, 4, 4, 8, 8, 8, 8, 8, 5, 4, 4, 8, 4, 4, 8, 8, 4, 4, 8, 4, 4, 8, 4, 8, 4, 4, 8, 8, 8, 8, 8, 8, 8, 5, 4, 13, 13, 13, 13, 13, 13, 13, 13, 13, 13, 13, 13, 13, 13, 13, 13, 13, 13, 13, 13, 13, 13, 13, 13, 10, 10, 13, 10, 10, 10, 13, 10, 10, 13, 10, 13, 10, 13, 10, 10, 13, 10, 10, 10, 13, 10, 10, 10, 10, 13, 10, 10, 10, 10, 13, 10, 10, 13, 10, 13, 10, 13, 10, 10, 13, 10, 10, 10, 10, 13, 10, 10, 13, 13, 13, 13, 13, 13, 13, 13, 13, 13, 13, 13, 13, 13, 13, 13, 13, 13, 13, 13, 13, 13, 13, 13, 10, 10, 10, 10, 7, 13, 10, 10, 7, 10, 10, 13, 10, 10, 7, 10, 10, 13, 7, 10, 10, 10, 10, 13, 10, 10, 10, 10, 13, 10, 10, 10, 13, 10, 10, 7, 10, 10, 13, 10, 10, 10, 13, 10, 10, 10, 10, 10, 7, 7, 7, 7, 7, 7, 7, 7, 7, 7, 7, 7, 7, 7, 7, 7, 7, 7, 7, 7, 7, 7, 7, 7, 10, 10, 10, 22, 10, 10, 10, 22, 10, 10, 10, 22, 10, 10, 10, 22, 10, 10, 10, 22, 10, 10, 10, 10],
         "height":24,
         "id":43,
         "name":"Mountain 1",
         "opacity":1,
         "properties":[
                {
                 "name":"autoPlaceBlockers",
                 "type":"int",
                 "value":2
                }, 
                {
                 "name":"i",
                 "type":"int",
                 "value":9
                }, 
                {
                 "name":"j",
                 "type":"int",
                 "value":7
                }, 
                {
                 "name":"padding-bottom",
                 "type":"int",
                 "value":2
                }, 
                {
                 "name":"padding-left",
                 "type":"int",
                 "value":1
                }, 
                {
                 "name":"padding-right",
                 "type":"int",
                 "value":1
                }, 
                {
                 "name":"padding-top",
                 "type":"int",
                 "value":0
                }, 
                {
                 "name":"scale",
                 "type":"int",
                 "value":3
                }, 
                {
                 "name":"startI",
                 "type":"int",
                 "value":0
                }, 
                {
                 "name":"startJ",
                 "type":"int",
                 "value":0
                }, 
                {
                 "name":"tier",
                 "type":"int",
                 "value":0
                }],
         "type":"tilelayer",
         "visible":true,
         "width":24,
         "x":0,
         "y":0
        }, 
        {
         "data":[0, 0, 0, 0, 0, 0, 0, 0, 0, 0, 0, 0, 0, 0, 0, 0, 0, 0, 0, 0, 0, 0, 0, 0, 0, 0, 0, 0, 0, 0, 0, 0, 0, 0, 0, 0, 0, 0, 0, 0, 0, 0, 0, 0, 0, 0, 0, 0, 0, 0, 0, 0, 0, 0, 0, 0, 0, 0, 0, 0, 0, 0, 0, 0, 0, 0, 0, 0, 0, 0, 0, 0, 0, 0, 0, 0, 0, 0, 0, 0, 0, 0, 0, 0, 0, 0, 0, 0, 0, 0, 0, 0, 0, 0, 0, 0, 0, 0, 0, 0, 0, 0, 0, 33, 33, 33, 33, 33, 0, 0, 0, 0, 0, 0, 0, 0, 0, 0, 0, 0, 0, 0, 0, 0, 0, 0, 33, 33, 0, 0, 0, 33, 33, 0, 0, 0, 0, 0, 0, 0, 0, 0, 0, 0, 0, 0, 0, 0, 0, 33, 33, 0, 0, 0, 0, 0, 33, 33, 33, 0, 0, 0, 0, 0, 0, 0, 0, 0, 0, 0, 0, 33, 33, 33, 0, 0, 0, 0, 0, 0, 0, 0, 33, 33, 0, 0, 0, 33, 0, 0, 0, 0, 33, 33, 33, 33, 33, 33, 0, 0, 0, 0, 0, 0, 0, 0, 0, 0, 33, 33, 33, 33, 33, 33, 0, 0, 33, 33, 33, 33, 33, 0, 0, 0, 0, 0, 0, 0, 0, 0, 0, 0, 0, 33, 33, 33, 33, 33, 33, 33, 33, 33, 33, 33, 33, 0, 0, 0, 0, 0, 0, 0, 0, 0, 0, 0, 0, 0, 0, 33, 33, 33, 33, 33, 33, 33, 0, 0, 0, 0, 0, 0, 0, 0, 0, 0, 0, 0, 0, 0, 0, 0, 0, 33, 33, 33, 33, 33, 0, 0, 0, 0, 0, 0, 0, 0, 0, 0, 0, 0, 0, 0, 0, 0, 0, 0, 0, 0, 0, 0, 33, 33, 0, 0, 0, 0, 0, 0, 0, 0, 0, 0, 0, 0, 0, 0, 0, 0, 0, 0, 0, 0, 0, 0, 0, 33, 0, 0, 0, 0, 0, 0, 0, 0, 0, 0, 0, 0, 0, 0, 0, 0, 0, 0, 0, 0, 0, 0, 0, 0, 0, 0, 0, 0, 0, 0, 0, 0, 0, 0, 0, 0, 0, 0, 0, 0, 0, 0, 0, 0, 0, 0, 0, 0, 0, 0, 0, 0, 0, 0, 0, 0, 0, 0, 0, 0, 0, 0, 0, 0, 0, 0, 0, 0, 0, 0, 0, 0, 0, 0, 0, 0, 0, 0, 0, 0, 0, 0, 0, 0, 0, 0, 0, 0, 0, 0, 0, 0, 0, 0, 0, 0, 0, 0, 0, 0, 0, 0, 0, 0, 0, 0, 0, 0, 0, 0, 0, 0, 0, 0, 0, 0, 0, 0, 0, 0, 0, 0, 0, 0, 0, 0, 0, 0, 0, 0, 0, 0, 0, 0, 0, 0, 0, 0, 0, 0, 0, 0, 0, 0, 0, 0, 0, 0, 0, 0, 0, 0, 0, 0, 0, 0, 0, 0, 0, 0, 0, 0, 0, 0, 0, 0, 0, 0, 0, 0, 0, 0, 0, 0, 0, 0, 0, 0, 0, 0, 0, 0, 0, 0, 0, 0, 0, 0, 0, 0, 0, 0, 0, 0, 0, 0, 0, 0, 0, 0, 0, 0, 0, 0, 0, 0, 0, 0, 0, 0, 0, 0, 0, 0, 0, 0, 0, 0, 0, 0, 0, 0, 0, 0, 0, 0, 0, 0, 0, 0, 0, 0, 0, 0, 0, 0, 0, 0, 0, 0],
         "height":24,
         "id":90,
         "name":"_ADDONMountain 1",
         "opacity":1,
         "properties":[
                {
                 "name":"autoPlaceBlockers",
                 "type":"int",
                 "value":2
                }, 
                {
                 "name":"i",
                 "type":"int",
                 "value":9
                }, 
                {
                 "name":"j",
                 "type":"int",
                 "value":7
                }, 
                {
                 "name":"padding-bottom",
                 "type":"int",
                 "value":2
                }, 
                {
                 "name":"padding-left",
                 "type":"int",
                 "value":1
                }, 
                {
                 "name":"padding-right",
                 "type":"int",
                 "value":1
                }, 
                {
                 "name":"padding-top",
                 "type":"int",
                 "value":0
                }, 
                {
                 "name":"scale",
                 "type":"int",
                 "value":3
                }, 
                {
                 "name":"startI",
                 "type":"int",
                 "value":0
                }, 
                {
                 "name":"startJ",
                 "type":"int",
                 "value":0
                }, 
                {
                 "name":"tier",
                 "type":"int",
                 "value":0
                }],
         "type":"tilelayer",
         "visible":true,
         "width":24,
         "x":0,
         "y":0
        }, 
        {
         "data":[1, 2, 3, 4, 5, 6, 7, 8, 0, 0, 0, 0, 0, 0, 0, 0, 0, 0, 0, 0, 0, 0, 0, 0, 9, 10, 11, 12, 13, 14, 15, 16, 0, 0, 0, 0, 0, 0, 0, 0, 0, 0, 0, 0, 0, 0, 0, 0, 17, 18, 19, 20, 21, 22, 23, 24, 0, 0, 0, 0, 0, 0, 0, 0, 0, 0, 0, 0, 0, 0, 0, 0, 25, 26, 27, 28, 0, 0, 0, 0, 0, 0, 0, 0, 0, 0, 0, 0, 0, 0, 0, 0, 0, 0, 0, 0, 0, 0, 0, 0, 0, 0, 0, 0, 0, 0, 0, 0, 0, 0, 0, 0, 0, 0, 0, 0, 0, 0, 0, 0, 0, 0, 0, 0, 0, 0, 0, 0, 0, 0, 0, 0, 0, 0, 0, 0, 0, 0, 0, 0, 0, 0, 0, 0, 0, 0, 0, 0, 0, 0, 0, 0, 0, 0, 0, 0, 0, 0, 0, 0, 0, 0, 0, 0, 0, 0, 0, 0, 0, 0, 0, 0, 0, 0, 0, 0, 0, 0, 0, 0, 0, 0, 0, 0, 0, 0, 0, 0, 0, 0, 0, 0, 0, 0, 0, 0, 0, 0, 0, 0, 0, 0, 0, 0, 0, 0, 0, 0, 0, 0, 0, 0, 0, 0, 0, 0, 0, 0, 0, 0, 0, 0, 0, 0, 0, 0, 0, 0, 0, 0, 0, 0, 0, 0, 0, 0, 0, 0, 0, 0, 0, 0, 0, 0, 0, 0, 0, 0, 0, 0, 0, 0, 0, 0, 0, 0, 0, 0, 0, 0, 0, 0, 0, 0, 0, 0, 0, 0, 0, 0, 0, 0, 0, 0, 0, 0, 0, 0, 0, 0, 0, 0, 0, 0, 0, 0, 0, 0, 0, 0, 0, 0, 0, 0, 0, 0, 0, 0, 0, 0, 0, 0, 0, 0, 0, 0, 0, 0, 0, 0, 0, 0, 0, 0, 0, 0, 0, 0, 0, 0, 0, 0, 0, 0, 0, 0, 0, 0, 0, 0, 0, 0, 0, 0, 0, 0, 0, 0, 0, 0, 0, 0, 0, 0, 0, 0, 0, 0, 0, 0, 0, 0, 0, 0, 0, 0, 0, 0, 0, 0, 0, 0, 0, 0, 0, 0, 0, 0, 0, 0, 0, 0, 0, 0, 0, 0, 0, 0, 0, 0, 0, 0, 0, 0, 0, 0, 0, 0, 0, 0, 0, 0, 0, 0, 0, 0, 0, 0, 0, 0, 0, 0, 0, 0, 0, 0, 0, 0, 0, 0, 0, 0, 0, 0, 0, 0, 0, 0, 0, 0, 0, 0, 0, 0, 0, 0, 0, 0, 0, 0, 0, 0, 0, 0, 0, 0, 0, 0, 0, 0, 0, 0, 0, 0, 0, 0, 0, 0, 0, 0, 0, 0, 0, 0, 0, 0, 0, 0, 0, 0, 0, 0, 0, 0, 0, 0, 0, 0, 0, 0, 0, 0, 0, 0, 0, 0, 0, 0, 0, 0, 0, 0, 0, 0, 0, 0, 0, 0, 0, 0, 0, 0, 0, 0, 0, 0, 0, 0, 0, 0, 0, 0, 0, 0, 0, 0, 0, 0, 0, 0, 0, 0, 0, 0, 0, 0, 0, 0, 0, 0, 0, 0, 0, 0, 0, 0, 0, 0, 0, 0, 0, 0, 0, 0, 0, 0, 0, 0, 0, 0, 0, 0, 0, 0, 0, 0, 0, 0, 0, 0, 0, 0, 0, 0, 0, 0, 0, 0, 0, 0, 0, 0, 0, 0, 0, 0, 0, 0, 0, 0, 0, 0, 0, 0, 0, 0],
         "height":24,
         "id":95,
         "name":"AllColors",
         "opacity":1,
         "properties":[
                {
                 "name":"autoPlaceBlockers",
                 "type":"int",
                 "value":2
                }, 
                {
                 "name":"i",
                 "type":"int",
                 "value":5
                }, 
                {
                 "name":"j",
                 "type":"int",
                 "value":6
                }, 
                {
                 "name":"padding-bottom",
                 "type":"int",
                 "value":2
                }, 
                {
                 "name":"padding-left",
                 "type":"int",
                 "value":1
                }, 
                {
                 "name":"padding-right",
                 "type":"int",
                 "value":1
                }, 
                {
                 "name":"padding-top",
                 "type":"int",
                 "value":0
                }, 
                {
                 "name":"scale",
                 "type":"int",
                 "value":0
                }, 
                {
                 "name":"startI",
                 "type":"int",
                 "value":0
                }, 
                {
                 "name":"startJ",
                 "type":"int",
                 "value":0
                }, 
                {
                 "name":"tier",
                 "type":"int",
                 "value":0
                }],
         "type":"tilelayer",
         "visible":false,
         "width":24,
         "x":0,
         "y":0
        }],
 "nextlayerid":96,
 "nextobjectid":1,
 "orientation":"orthogonal",
 "properties":[
        {
         "name":"coverID",
         "type":"int",
         "value":5
        }, 
        {
         "name":"iconURL",
         "type":"string",
         "value":""
        }, 
        {
         "name":"sectionName",
         "type":"string",
         "value":"Outrun"
        }],
 "renderorder":"right-down",
 "tiledversion":"1.8.1",
 "tileheight":64,
 "tilesets":[
        {
         "firstgid":1,
         "source":"..\/..\/..\/src\/map\/tilesets\/synt.tsx"
        }, 
        {
         "firstgid":65,
         "source":"..\/..\/..\/src\/map\/tilesets\/gb.tsx"
        }, 
        {
         "firstgid":129,
         "source":"..\/..\/..\/src\/map\/tilesets\/poke.tsx"
        }, 
        {
         "firstgid":193,
         "source":"..\/..\/..\/src\/map\/tilesets\/spadersTileset.tsx"
        }],
 "tilewidth":64,
 "type":"map",
 "version":"1.8",
 "width":24
}