{
    "question":{
        "dataPath": "question.json"
    },
    "sections": [
        {
            "color": "0xDDDDDD",
            "name": "Easy",
            "displayName": "Video Game History",
            "imageSrc": "",
            "levels": [
                {
                    "name": "---",
                    "dataPath": "how-to-play/shapes.json"
                },
                {
                    "name": "---",
                    "dataPath": "how-to-play/creatures.json"
                },
                {
                    "name": "---",
                    "dataPath": "how-to-play/people-set-1.json"
                },
                {
                    "name": "---",
                    "dataPath": "how-to-play/things.json"
                }
            ]
        },
        {
            "color": "0xDDDDDD",
            "name": "Medium",
            "displayName": "Video Game History",
            "imageSrc": "",
            "levels": [
                {
                    "name": "2nd gen",
                    "dataPath": "videogames/videogamesLevels1.json"
                },
                {
                    "name": "3nd gen",
                    "dataPath": "videogames/videogamesLevels2.json"
                },
                {
                    "name": "3nd gen",
                    "dataPath": "videogames/videogamesLevels3.json"
                }
            ]
        },
        {
            "color": "0x8957c7",
            "name": "Hard",
            "displayName": "Movies",
            "imageSrc": "",
            "levels": [
                {
                    "name": "70s",
                    "dataPath": "movies/moviesLevels1.json"
                }
            ]
        }
    ]
}