{
    "pallete": [
        {
            "name": "standard",
            "block": {
                "id": 32,
                "hasWhite": false,
                "isBlock": true,
                "color": "0x111111"
            },
            "list": [
                {
                    "hasWhite": false,
                    "color": "0x61C6CE",
                    "life": 0
                },
                {
                    "hasWhite": false,
                    "color": "0xD81639",
                    "life": 1
                },
                {
                    "hasWhite": false,
                    "color": "0xE2C756",
                    "life": 2
                },
                {
                    "hasWhite": false,
                    "color": "0x7BCA93",
                    "life": 3
                },
                {
                    "hasWhite": false,
                    "color": "0x1376B9",
                    "life": 4
                },
                {
                    "hasWhite": false,
                    "color": "0xDD6290",
                    "life": 5
                },
                {
                    "hasWhite": false,
                    "color": "0xdf6b33",
                    "life": 6
                },
                {
                    "hasWhite": false,
                    "color": "0x8957c7",
                    "life": 7
                },
                {
                    "hasWhite": false,
                    "color": "0x6cdbe5",
                    "life": 0.1
                },
                {
                    "hasWhite": false,
                    "color": "0xef3254",
                    "life": 1.1
                },
                {
                    "hasWhite": false,
                    "color": "0xfadb5f",
                    "life": 2.1
                },
                {
                    "hasWhite": false,
                    "color": "0x8ae3a5",
                    "life": 3.1
                },
                {
                    "hasWhite": false,
                    "color": "0x188cd9",
                    "life": 4.1
                },
                {
                    "hasWhite": false,
                    "color": "0xf56ca0",
                    "life": 5.1
                },
                {
                    "hasWhite": false,
                    "color": "0xfc7b3a",
                    "life": 6.1
                },
                {
                    "hasWhite": false,
                    "color": "0xa267eb",
                    "life": 7.1
                },
                {
                    "hasWhite": false,
                    "color": "0x3e7f85",
                    "life": 0.2
                },
                {
                    "hasWhite": false,
                    "color": "0x8f0e26",
                    "life": 1.2
                },
                {
                    "hasWhite": false,
                    "color": "0xb39c44",
                    "life": 2.2
                },
                {
                    "hasWhite": false,
                    "color": "0x5f9c71",
                    "life": 3.2
                },
                {
                    "hasWhite": false,
                    "color": "0x0f5a8c",
                    "life": 4.2
                },
                {
                    "hasWhite": false,
                    "color": "0xad4c72",
                    "life": 5.2
                },
                {
                    "hasWhite": false,
                    "color": "0xba5b2b",
                    "life": 6.2
                },
                {
                    "hasWhite": false,
                    "color": "0x7148a3",
                    "life": 7.2
                },
                {
                    "hasWhite": false,
                    "color": "0xDDDDDD",
                    "life": 8.1
                },
                {
                    "hasWhite": "0xFFFFFF",
                    "color": "0x333333",
                    "life": 4.1
                },
                {
                    "hasWhite": false,
                    "color": "0x888888",
                    "life": 5.1
                },
                {
                    "hasWhite": false,
                    "color": "0xceb8ad",
                    "life": 6.2
                },
                {
                    "hasWhite": false,
                    "color": "0x4f382a",
                    "life": 6.3
                },
                {
                    "hasWhite": false,
                    "color": "0x4f382a",
                    "life": 5.3
                },
                {
                    "hasWhite": false,
                    "color": "0x4f382a",
                    "life": 6.3
                },
                {
                    "hasWhite": false,
                    "color": "0x4f382a",
                    "life": 7.3
                },
                {
                    "hasWhite": false,
                    "color": "0x4f382a",
                    "life": 8.3
                },
                {
                    "hasWhite": false,
                    "color": "0x4f382a",
                    "life": 4.3
                },
                {
                    "hasWhite": false,
                    "color": "0x4f382a",
                    "life": 3.3
                }
            ],
            "dark": "0x111111",
            "logoColor": "0xFFFFFF",
            "fillBarColor": "0x7BCA93",
            "fillBarCompleteColor": "0x8957c7",
            "background": "0x222222",
            "worldBackground": "0x1376B9",
            "fontColor": "0xFFFFFF",
            "arrowTrailColor": "0xFFFFFF",
            "buttonData": {
                "fontColor": "0xFFFFFF",
                "levelCompleteColor": "0x7BCA93",
                "tierCompleteColor": "0x8957c7",
                "buttonStandardColor": "0x444444",
                "buttonStandardDarkColor": "0x111111",
                "buttonBackTitleColor": "0x222222",
                "tierButtonBackground": "0xFFFFFF"
            },
            "grid": {
                "color": "0xFFFFFF",
                "background": "0x231f20",
                "sprite": "tile_1_22.png",
                "spriteTile": "tile_1_22.png",
                "spriteDraw": "smallCard.png",
                "spriteTrail": "tile_1_22.png",
                "spriteRect": "tile_1_22.png",
                "scaleTrail": false,
                "minAlpha": 0.05,
                "maxAlpha": 0.1,
                "extraTileAlpha": 0
            },
            "map": {
                "terrainColors": [
                    "0xa55c1b",
                    "0xa55c1b",
                    "0x3eba63",
                    "0x2e323c",
                    "0x0c6a0e",
                    "0xE2C756",
                    "0x66462c",
                    "0x6dc3d5",
                    "0x905018",
                    "0x5ee285",
                    "0x66462c",
                    "0x905018",
                    "0x66462c",
                    "0x3eba63"
                ],
                "pathColors": [
                    "0xFFFFFF",
                    "0x8957c7",
                    "0xE2C756"
                ]
            },
            "planetID": 0
        }
    ]
}