{
    "pallete": [
        {
            "name": "videogames",
            "block": {
                "id": 32,
                "hasWhite": false,
                "isBlock": true,
                "color": "0x111111"
            },
            "list": [
                {
                    "hasWhite": false,
                    "color": "0x71bf45",
                    "life": 0
                },
                {
                    "hasWhite": false,
                    "color": "0x00a1e5",
                    "life": 1
                },
                {
                    "hasWhite": false,
                    "color": "0xffde00",
                    "life": 2
                },
                {
                    "hasWhite": false,
                    "color": "0xed145b",
                    "life": 3
                },
                {
                    "hasWhite": false,
                    "color": "0x8c1eff",
                    "life": 4
                },
                {
                    "hasWhite": false,
                    "color": "0xff3ffd",
                    "life": 5
                },
                {
                    "hasWhite": false,
                    "color": "0xff5600",
                    "life": 6
                },
                {
                    "hasWhite": false,
                    "color": "0xffffff",
                    "life": 7
                },
                {
                    "hasWhite": false,
                    "color": "0x9ee078",
                    "life": 8.1
                },
                {
                    "hasWhite": false,
                    "color": "0x41bbee",
                    "life": 4.1
                },
                {
                    "hasWhite": false,
                    "color": "0xfff192",
                    "life": 5.1
                },
                {
                    "hasWhite": false,
                    "color": "0xf35d8e",
                    "life": 6.2
                },
                {
                    "hasWhite": false,
                    "color": "0xac61fb",
                    "life": 6.3
                },
                {
                    "hasWhite": false,
                    "color": "0xfa7df9",
                    "life": 5.3
                },
                {
                    "hasWhite": false,
                    "color": "0xff6861",
                    "life": 6.3
                },
                {
                    "hasWhite": false,
                    "color": "0x777777",
                    "life": 7.3
                },
                {
                    "hasWhite": false,
                    "color": "0x4f8b2d",
                    "life": 8.3
                },
                {
                    "hasWhite": false,
                    "color": "0x066d99",
                    "life": 4.3
                },
                {
                    "hasWhite": false,
                    "color": "0xa38e03",
                    "life": 3.3
                },
                {
                    "hasWhite": false,
                    "color": "0xb21146",
                    "life": 3.3
                },
                {
                    "hasWhite": false,
                    "color": "0x551995",
                    "life": 3.3
                },
                {
                    "hasWhite": false,
                    "color": "0x9b249a",
                    "life": 3.3
                },
                {
                    "hasWhite": false,
                    "color": "0xb44208",
                    "life": 3.3
                },
                {
                    "hasWhite": "0xffffff",
                    "color": "0x231f20",
                    "life": 3.3
                },
                {
                    "hasWhite": false,
                    "color": "0x654d33",
                    "life": 3.3
                },
                {
                    "hasWhite": false,
                    "color": "0xe4c39c",
                    "life": 3.3
                },
                {
                    "hasWhite": false,
                    "color": "0xff1f1f",
                    "life": 3.3
                }
            ],
            "dark": "0x231f20",
            "logoColor": "0xFFFFFF",
            "fillBarColor": "0x71bf45",
            "fillBarCompleteColor": "0x00a1e5",
            "background": "0x111111",
            "worldBackground": "0x0160BD",
            "fontColor": "0xFFFFFF",
            "arrowTrailColor": "0xFFFFFF",
            "buttonData": {
                "fontColor": "0xFFFFFF",
                "levelCompleteColor": "0x00a1e5",
                "tierCompleteColor": "0x8c1eff",
                "buttonStandardColor": "0x333333",
                "buttonStandardDarkColor": "0x111111",
                "buttonBackTitleColor": "0x222222",
                "tierButtonBackground": "0xfff192"
            },
            "grid": {
                "color": "0xFFFFFF",
                "background": "0x231f20",
                "sprite": "tile_1_22.png",
                "spriteTile": "tile_1_22.png",
                "spriteDraw": "smallCard.png",
                "spriteTrail": "tile_1_22.png",
                "spriteRect": "tile_1_22.png",
                "scaleTrail": false,
                "minAlpha": 0.05,
                "maxAlpha": 0.1,
                "extraTileAlpha": 0
            },
            "map": {
                "terrainColors": [
                    "0x00a1e5",
                    "0x71bf45",
                    "0x8c1eff"
                ],
                "pathColors": [
                    "0xFFFFFF",
                    "0x8957c7",
                    "0xE2C756"
                ]
            },
            "planetID":2
        }      
    ]
}