{
    "pallete": [
        {
            "name": "monalisa",
            "block": {
                "id": 32,
                "hasWhite": false,
                "isBlock": true,
                "color": "0x111111"
            },
            "list": [
                {
                    "hasWhite": false,
                    "color": "0xdeb85f",
                    "life": 0
                },
                {
                    "hasWhite": false,
                    "color": "0xae833e",
                    "life": 1
                },
                {
                    "hasWhite": false,
                    "color": "0x7b532c",
                    "life": 2
                },
                {
                    "hasWhite": false,
                    "color": "0x545740",
                    "life": 3
                },
                {
                    "hasWhite": false,
                    "color": "0x858b59",
                    "life": 4
                },
                {
                    "hasWhite": "0xa26f54",
                    "color": "0x4d3427",
                    "life": 5
                },
                {
                    "hasWhite": "0x93687f",
                    "color": "0x301d27",
                    "life": 6
                },
                {
                    "hasWhite": "0xb396d5",
                    "color": "0x160e1f",
                    "life": 7
                },
                {
                    "hasWhite": false,
                    "color": "0x9a9d66",
                    "life": 8
                },
                {
                    "hasWhite": "0xbad1b8",
                    "color": "0x252b25",
                    "life": 5.1
                },
                {
                    "hasWhite": false,
                    "color": "0x555a56",
                    "life": 9.1
                },
                {
                    "hasWhite": false,
                    "color": "0xddd3ab",
                    "life": 9.2
                },
                {
                    "hasWhite": "0xbad1b8",
                    "color": "0x3b3c2e",
                    "life": 9.3
                },
                {
                    "hasWhite": false,
                    "color": "0x37b05b",
                    "life": 5.3
                },
                {
                    "hasWhite": false,
                    "color": "0x7552cf",
                    "life": 6.3
                },
                {
                    "hasWhite": false,
                    "color": "0x3b3c2e",
                    "life": 7.3
                },
                {
                    "hasWhite": false,
                    "color": "0x3b3c2e",
                    "life": 8.3
                },
                {
                    "hasWhite": false,
                    "color": "0x3b3c2e",
                    "life": 4.3
                },
                {
                    "hasWhite": false,
                    "color": "0x3b3c2e",
                    "life": 3.3
                }
            ],
            "dark": "0x182018",
            "logoColor": "0xFFFFFF",
            "fillBarColor": "0x9a9d66",
            "fillBarCompleteColor": "0xFFFFFF",
            "background": "0xbaa583",
            "worldBackground": "0x3f7e5d",
            "fontColor": "0x182018",
            "arrowTrailColor": "0x182018",
            "buttonData": {
                "fontColor": "0xFFFFFF",
                "levelCompleteColor": "0x89c077",
                "tierCompleteColor": "0x65b26f",
                "buttonStandardColor": "0x4d3427",
                "buttonStandardDarkColor": "0x252b25",
                "buttonBackTitleColor": "0x9a9d66",
                "tierButtonBackground": "0xFFFFFF"
            },
            "grid": {
                "color": "0xFFFFFF",
                "background": "0x3b3c2e",
                "sprite": "tile_1_22.png",
                "spriteTile": "tile_1_22.png",
                "spriteDraw": "gbGrid.png",
                "spriteTrail": "tile_1_22.png",
                "spriteRect": "tile_1_22.png",
                "scaleTrail": false,
                "minAlpha": 0.05,
                "maxAlpha": 0.1,
                "extraTileAlpha": 0.5
            },
            "map": {
                "terrainColors": [
                    "0x7BCA93",
                    "0x8957c7",
                    "0xE2C756"
                ],
                "pathColors": [
                    "0x7BCA93",
                    "0x8957c7",
                    "0xE2C756"
                ]
            }
        }
    ]
}